Model,MAE,RMSE,R2
XGBoost,1090609.0279166666,1841684.5400349605,0.8885707672225956
Random Forest,1150039.2927962064,1876835.587793098,0.8842766186474995
Linear Regression,1417409.3781307784,2094070.3740267442,0.8559374158784034
