Model,MAE,RMSE,R2
XGBoost,1645685.9257839127,2992399.516424714,0.8633133007916204
Linear Regression,1788492.1258688685,3393592.948185147,0.8242049663705717
Random Forest,1575031.9905067491,3889082.7104741405,0.7691225785685489
