Model,MAE,RMSE,R2
Linear Regression,32862.53249967845,52401.337609449736,0.8675541885600968
Random Forest,34382.375370833324,55308.04962670278,0.8524530725591067
