Model,MAE,RMSE,R2
XGBoost,1424051.3493861293,2792576.863877646,0.9073460644117358
Random Forest,1617370.4612494863,2956421.3162744376,0.8961548423746815
Linear Regression,2405132.825780442,3674430.199498555,0.8395892004178199
