area,bedrooms,bathrooms,stories,city,location,property_type,house_age,parking,main_road,furnishing_status,price
1758.0,3,2.0,2,Jaipur,Outskirts,Apartment,21,1.0,yes,furnished,6729280.0
831.0,5,4.0,3,Kochi,Near Metro,Independent House,30,1.0,yes,unfurnished,8206691.0
1840.0,3,3.0,2,Lucknow,Prime Suburb,Penthouse,48,1.0,no,semi-furnished,16509156.0
350.0,3,2.0,3,Indore,Prime Suburb,Independent House,16,1.0,yes,semi-furnished,3610294.0
1030.0,2,2.0,3,Ahmedabad,Outskirts,Row House,1,1.0,yes,furnished,5059410.0
625.0,1,1.0,1,Lucknow,City Centre,Studio,37,1.0,no,unfurnished,5765681.0
864.0,2,2.0,2,Delhi,Prime Suburb,Independent House,40,0.0,yes,semi-furnished,14710453.0
1399.0,5,4.0,1,Mumbai,Suburb,Apartment,44,1.0,yes,unfurnished,27537776.0
1633.0,5,4.0,1,Mumbai,Suburb,Apartment,41,3.0,yes,semi-furnished,33748227.0
1579.0,1,2.0,2,Kochi,Suburb,Independent House,43,0.0,no,semi-furnished,11047890.0
350.0,1,1.0,1,Chennai,City Centre,Apartment,13,0.0,no,semi-furnished,5487786.0
852.0,3,2.0,2,Kochi,Outskirts,Independent House,41,1.0,yes,semi-furnished,3927284.0
2293.0,4,4.0,3,Kochi,Prime Suburb,Villa,52,1.0,no,semi-furnished,24502351.0
959.0,4,4.0,1,Kolkata,Gated Community,Apartment,1,1.0,yes,semi-furnished,9269337.0
350.0,3,3.0,1,Delhi,Suburb,Apartment,17,1.0,yes,semi-furnished,6283836.0
1068.0,2,1.0,1,Chandigarh,Prime Suburb,Apartment,8,2.0,yes,unfurnished,10481836.0
1846.0,2,1.0,2,Delhi,Prime Suburb,Row House,60,3.0,yes,semi-furnished,27319894.0
904.0,4,4.0,1,Jaipur,Suburb,Independent House,40,0.0,yes,semi-furnished,6032700.0
375.0,1,1.0,1,Chandigarh,Premium Township,Studio,47,0.0,no,unfurnished,3371788.0
868.0,2,1.0,1,Delhi,Premium Township,Apartment,9,2.0,no,semi-furnished,16129920.0
725.0,1,1.0,2,Kochi,City Centre,Apartment,17,2.0,yes,furnished,8494972.0
3319.0,3,2.0,3,Kolkata,Prime Suburb,Villa,7,2.0,no,furnished,32543996.0
2634.0,3,2.0,2,Hyderabad,Gated Community,Penthouse,35,1.0,yes,semi-furnished,37898126.0
1001.0,2,2.0,1,Hyderabad,Premium Township,Apartment,16,1.0,yes,furnished,12264346.0
1431.0,3,2.0,3,Kolkata,Outskirts,Independent House,48,1.0,yes,unfurnished,4934365.0
1683.0,3,3.0,4,Mumbai,Suburb,Villa,34,1.0,yes,semi-furnished,40855645.0
4666.0,3,1.0,2,Jaipur,Gated Community,Villa,3,2.0,no,unfurnished,41708421.0
350.0,2,1.0,1,Jaipur,Suburb,Apartment,11,2.0,yes,unfurnished,3069260.0
678.0,1,1.0,2,Hyderabad,Gated Community,Apartment,25,3.0,no,unfurnished,6791648.0
927.0,1,1.0,2,Pune,Near Metro,Row House,11,0.0,yes,furnished,9728345.0
1600.0,4,4.0,2,Bangalore,Suburb,Villa,10,2.0,yes,furnished,23416464.0
1546.0,2,2.0,1,Chandigarh,Suburb,Apartment,49,0.0,no,semi-furnished,10212830.0
1072.0,3,3.0,1,Chandigarh,Outskirts,Apartment,48,1.0,yes,semi-furnished,3926553.0
478.0,2,2.0,1,Lucknow,Near Metro,Apartment,20,2.0,yes,unfurnished,3532899.0
507.0,3,3.0,1,Hyderabad,Gated Community,Apartment,17,1.0,yes,unfurnished,6857252.0
589.0,1,1.0,1,Chandigarh,Suburb,Studio,60,1.0,yes,semi-furnished,3784957.0
1783.0,4,4.0,2,Delhi,Prime Suburb,Apartment,25,1.0,yes,semi-furnished,25816343.0
719.0,3,2.0,2,Chandigarh,City Centre,Apartment,20,1.0,yes,semi-furnished,10893011.0
1720.0,3,2.0,4,Pune,Suburb,Row House,42,1.0,yes,semi-furnished,14561902.0
2076.0,4,3.0,2,Indore,Prime Suburb,Independent House,45,0.0,yes,semi-furnished,15813784.0
1500.0,3,3.0,1,Pune,Premium Township,Penthouse,20,0.0,no,semi-furnished,26396418.0
342.0,1,1.0,1,Hyderabad,Near Metro,Studio,2,1.0,yes,semi-furnished,4830771.0
1183.0,1,1.0,1,Chennai,Outskirts,Apartment,43,0.0,yes,semi-furnished,4732063.0
1426.0,4,4.0,1,Ahmedabad,City Centre,Apartment,22,0.0,no,unfurnished,14827569.0
1369.0,2,1.0,1,Chennai,Gated Community,Apartment,18,3.0,yes,furnished,14129234.0
3260.0,3,3.0,2,Lucknow,Suburb,Villa,45,1.0,yes,semi-furnished,22972893.0
421.0,1,1.0,1,Kolkata,City Centre,Studio,8,1.0,yes,unfurnished,5606126.0
1240.0,2,2.0,1,Lucknow,Outskirts,Apartment,42,2.0,yes,semi-furnished,3609289.0
466.0,1,1.0,1,Mumbai,City Centre,Studio,4,3.0,yes,semi-furnished,20232192.0
2977.0,3,3.0,4,Indore,City Centre,Villa,51,2.0,yes,semi-furnished,34421189.0
1975.0,5,4.0,1,Bangalore,Prime Suburb,Penthouse,39,1.0,yes,semi-furnished,29727610.0
1019.0,4,4.0,3,Kolkata,Suburb,Row House,3,1.0,no,semi-furnished,7683190.0
1128.0,2,2.0,1,Delhi,Suburb,Apartment,13,2.0,yes,furnished,13631547.0
3023.0,3,3.0,3,Chandigarh,Suburb,Villa,19,1.0,yes,unfurnished,28303074.0
1254.0,2,2.0,3,Jaipur,City Centre,Row House,29,1.0,no,semi-furnished,13324348.0
393.0,1,1.0,1,Mumbai,Prime Suburb,Studio,39,0.0,yes,semi-furnished,7604755.0
1107.0,2,2.0,2,Hyderabad,Premium Township,Independent House,1,1.0,no,semi-furnished,17232904.0
1754.0,4,4.0,2,Bangalore,Prime Suburb,Independent House,43,2.0,yes,semi-furnished,20456991.0
866.0,2,2.0,1,Chennai,Near Metro,Apartment,55,0.0,no,semi-furnished,6608762.0
1428.0,2,2.0,1,Pune,Suburb,Apartment,59,1.0,yes,semi-furnished,9615061.0
1294.0,1,1.0,1,Chennai,City Centre,Apartment,20,0.0,yes,furnished,15902131.0
3433.0,3,3.0,2,Kochi,Near Metro,Villa,55,1.0,no,unfurnished,30774176.0
1313.0,2,2.0,1,Chennai,City Centre,Independent House,38,3.0,yes,furnished,19933740.0
1967.0,3,2.0,2,Delhi,Suburb,Villa,28,1.0,yes,semi-furnished,32347044.0
1061.0,3,3.0,2,Chandigarh,Premium Township,Independent House,34,2.0,no,unfurnished,11093660.0
2197.0,3,2.0,2,Hyderabad,Prime Suburb,Villa,55,1.0,yes,unfurnished,30040097.0
381.0,2,2.0,1,Bangalore,Outskirts,Independent House,7,0.0,yes,semi-furnished,3338110.0
315.0,1,1.0,1,Bangalore,Gated Community,Studio,20,1.0,yes,unfurnished,4175590.0
1592.0,3,2.0,2,Delhi,Suburb,Apartment,11,1.0,yes,semi-furnished,22054228.0
2072.0,2,2.0,1,Ahmedabad,Gated Community,Apartment,11,0.0,no,semi-furnished,13941033.0
1440.0,3,3.0,1,Ahmedabad,Waterfront,Apartment,16,1.0,yes,semi-furnished,15117667.0
414.0,1,1.0,1,Mumbai,City Centre,Studio,43,1.0,no,unfurnished,13995310.0
1790.0,3,2.0,3,Bangalore,Outskirts,Independent House,25,0.0,yes,semi-furnished,9957044.0
2758.0,3,3.0,2,Indore,Gated Community,Penthouse,47,1.0,no,furnished,28269295.0
350.0,4,2.0,2,Chennai,Waterfront,Apartment,4,0.0,yes,semi-furnished,6222074.0
1411.0,4,3.0,1,Delhi,Suburb,Apartment,6,2.0,yes,unfurnished,18207816.0
792.0,3,2.0,2,Jaipur,City Centre,Row House,36,0.0,yes,semi-furnished,7686255.0
1148.0,3,2.0,1,Indore,Premium Township,Apartment,23,1.0,yes,semi-furnished,8631833.0
1533.0,3,2.0,1,Indore,Premium Township,Apartment,14,1.0,no,semi-furnished,9578944.0
410.0,1,1.0,1,Delhi,Prime Suburb,Studio,27,2.0,yes,unfurnished,5785394.0
1277.0,3,2.0,1,Bangalore,Premium Township,Apartment,15,2.0,yes,semi-furnished,17553253.0
1605.0,4,3.0,2,Mumbai,Suburb,Villa,39,1.0,yes,unfurnished,44454849.0
1366.0,3,2.0,1,Chennai,City Centre,Apartment,16,1.0,yes,unfurnished,19447094.0
1484.0,3,2.0,1,Chandigarh,Near Metro,Apartment,23,2.0,yes,unfurnished,12236660.0
459.0,1,1.0,1,Delhi,Prime Suburb,Studio,45,0.0,no,unfurnished,5577446.0
774.0,2,2.0,1,Pune,Waterfront,Apartment,15,1.0,yes,semi-furnished,12904845.0
383.0,1,1.0,1,Hyderabad,Prime Suburb,Studio,36,2.0,no,furnished,3976440.0
1157.0,3,3.0,1,Jaipur,Outskirts,Apartment,11,1.0,yes,semi-furnished,4902048.0
870.0,2,2.0,1,Lucknow,Suburb,Apartment,58,0.0,yes,semi-furnished,4582293.0
2754.0,4,4.0,2,Kochi,Prime Suburb,Villa,52,3.0,yes,unfurnished,23541351.0
1614.0,1,1.0,2,Bangalore,Near Metro,Apartment,0,1.0,no,unfurnished,15238658.0
3068.0,3,3.0,3,Ahmedabad,Prime Suburb,Villa,45,1.0,yes,semi-furnished,29620759.0
1237.0,3,2.0,2,Bangalore,Waterfront,Apartment,23,1.0,yes,semi-furnished,15610886.0
1630.0,3,1.0,1,Pune,City Centre,Apartment,60,3.0,yes,semi-furnished,24523312.0
406.0,1,1.0,1,Pune,Outskirts,Studio,9,0.0,yes,unfurnished,2611580.0
1555.0,3,2.0,1,Mumbai,Prime Suburb,Apartment,45,1.0,yes,semi-furnished,34212139.0
2071.0,3,1.0,1,Kolkata,Near Metro,Apartment,41,1.0,yes,unfurnished,12833094.0
1828.0,3,2.0,2,Pune,Suburb,Penthouse,56,0.0,no,semi-furnished,24888109.0
325.0,1,1.0,1,Pune,City Centre,Studio,57,1.0,yes,furnished,4893875.0
1500.0,3,3.0,1,Delhi,Gated Community,Penthouse,23,2.0,yes,semi-furnished,34262566.0
350.0,4,4.0,3,Delhi,Near Metro,Row House,44,1.0,no,unfurnished,5565300.0
1237.0,4,4.0,2,Jaipur,Near Metro,Apartment,4,0.0,no,semi-furnished,6489559.0
1114.0,2,2.0,2,Kochi,Suburb,Independent House,1,1.0,no,semi-furnished,7515680.0
1600.0,3,2.0,2,Ahmedabad,Suburb,Villa,39,1.0,no,unfurnished,10962408.0
1342.0,2,2.0,1,Hyderabad,City Centre,Apartment,25,0.0,no,unfurnished,19432346.0
821.0,3,2.0,1,Ahmedabad,City Centre,Apartment,32,1.0,yes,semi-furnished,9105408.0
1166.0,2,1.0,1,Jaipur,Outskirts,Apartment,55,0.0,yes,semi-furnished,2743583.0
3496.0,3,1.0,2,Pune,Prime Suburb,Villa,18,1.0,no,unfurnished,41067001.0
762.0,5,4.0,2,Lucknow,Suburb,Apartment,28,2.0,no,unfurnished,5761851.0
1097.0,2,1.0,2,Hyderabad,Suburb,Independent House,22,3.0,yes,unfurnished,10006538.0
1870.0,3,3.0,1,Ahmedabad,Prime Suburb,Penthouse,26,0.0,no,unfurnished,19010166.0
936.0,3,2.0,2,Mumbai,Near Metro,Apartment,17,0.0,yes,semi-furnished,25201516.0
2776.0,3,3.0,4,Delhi,City Centre,Villa,28,1.0,no,semi-furnished,78401025.0
677.0,4,2.0,1,Indore,Suburb,Independent House,49,2.0,yes,unfurnished,4114865.0
2632.0,3,1.0,1,Delhi,Waterfront,Penthouse,21,1.0,no,semi-furnished,76231524.0
1237.0,3,2.0,3,Kolkata,Outskirts,Row House,11,2.0,yes,semi-furnished,5501991.0
2140.0,3,2.0,2,Bangalore,Prime Suburb,Villa,2,1.0,yes,unfurnished,33264346.0
1600.0,1,1.0,1,Pune,Prime Suburb,Apartment,35,1.0,yes,unfurnished,17223127.0
1469.0,2,1.0,3,Delhi,Suburb,Independent House,58,1.0,no,semi-furnished,16064153.0
879.0,3,3.0,1,Delhi,Near Metro,Apartment,29,0.0,yes,semi-furnished,12842884.0
356.0,1,1.0,1,Pune,City Centre,Studio,48,1.0,yes,furnished,5362853.0
1292.0,3,3.0,1,Mumbai,Suburb,Apartment,15,1.0,yes,unfurnished,25876241.0
1237.0,3,2.0,2,Bangalore,Premium Township,Villa,57,1.0,yes,semi-furnished,42348989.0
475.0,1,1.0,1,Kolkata,City Centre,Studio,57,2.0,yes,semi-furnished,4934285.0
1237.0,2,1.0,2,Lucknow,Suburb,Row House,32,0.0,yes,semi-furnished,7063258.0
1331.0,3,2.0,2,Mumbai,Prime Suburb,Apartment,2,2.0,yes,semi-furnished,38686653.0
827.0,1,1.0,1,Delhi,Gated Community,Apartment,34,2.0,yes,semi-furnished,12530799.0
2021.0,2,2.0,2,Chennai,Gated Community,Independent House,5,2.0,yes,semi-furnished,24058582.0
468.0,1,1.0,1,Mumbai,Waterfront,Studio,3,2.0,no,semi-furnished,17708840.0
1288.0,3,2.0,2,Mumbai,Prime Suburb,Independent House,50,1.0,no,unfurnished,32925023.0
321.0,1,1.0,1,Pune,Prime Suburb,Studio,49,1.0,no,unfurnished,2435459.0
663.0,2,1.0,3,Kolkata,City Centre,Independent House,38,1.0,no,semi-furnished,8139422.0
1168.0,4,3.0,2,Hyderabad,Suburb,Row House,30,1.0,no,unfurnished,9868158.0
1069.0,3,3.0,2,Bangalore,Outskirts,Independent House,32,0.0,yes,furnished,7999988.0
1152.0,1,1.0,1,Mumbai,Outskirts,Apartment,40,2.0,no,furnished,11670880.0
1312.0,2,2.0,2,Mumbai,Near Metro,Row House,45,2.0,yes,unfurnished,26771457.0
1359.0,2,1.0,1,Mumbai,Premium Township,Apartment,2,0.0,yes,unfurnished,37592868.0
1732.0,5,4.0,1,Mumbai,City Centre,Independent House,11,0.0,yes,unfurnished,67957277.0
1037.0,3,3.0,1,Ahmedabad,Premium Township,Apartment,6,3.0,yes,semi-furnished,9222258.0
1034.0,1,1.0,1,Pune,Prime Suburb,Apartment,7,1.0,no,semi-furnished,12120769.0
1731.0,2,2.0,1,Bangalore,City Centre,Apartment,8,2.0,no,unfurnished,30213896.0
569.0,1,1.0,1,Delhi,Near Metro,Studio,58,1.0,no,furnished,6364870.0
1497.0,1,1.0,1,Kochi,Waterfront,Apartment,36,1.0,yes,semi-furnished,15421055.0
729.0,4,3.0,1,Bangalore,Premium Township,Apartment,11,1.0,yes,semi-furnished,10984121.0
1129.0,4,4.0,1,Chennai,Suburb,Apartment,24,1.0,yes,unfurnished,10043491.0
1140.0,3,3.0,3,Kochi,Premium Township,Independent House,55,3.0,no,furnished,11381841.0
1546.0,3,3.0,1,Jaipur,Suburb,Apartment,53,1.0,yes,unfurnished,8084834.0
1267.0,2,2.0,1,Pune,Outskirts,Independent House,12,0.0,no,unfurnished,7081832.0
1171.0,4,3.0,1,Delhi,Premium Township,Apartment,46,1.0,no,semi-furnished,20512760.0
519.0,3,3.0,1,Bangalore,Suburb,Apartment,55,1.0,yes,furnished,5437799.0
358.0,3,1.0,3,Delhi,Gated Community,Row House,21,0.0,yes,semi-furnished,6161727.0
366.0,1,1.0,1,Hyderabad,City Centre,Studio,26,1.0,yes,semi-furnished,5441592.0
2072.0,3,3.0,1,Kolkata,Suburb,Penthouse,51,0.0,yes,semi-furnished,20687534.0
2848.0,3,2.0,3,Jaipur,Near Metro,Villa,28,1.0,yes,semi-furnished,17916187.0
737.0,2,2.0,1,Kochi,Outskirts,Apartment,24,1.0,no,unfurnished,14907114.0
2220.0,4,3.0,3,Mumbai,City Centre,Villa,24,3.0,no,semi-furnished,102269068.0
872.0,2,1.0,1,Mumbai,Waterfront,Apartment,6,0.0,yes,semi-furnished,33449862.0
3245.0,3,2.0,2,Ahmedabad,Outskirts,Villa,41,1.0,yes,unfurnished,14293368.0
1576.0,2,2.0,1,Ahmedabad,Gated Community,Apartment,37,1.0,no,semi-furnished,13283332.0
2658.0,3,2.0,1,Lucknow,Suburb,Penthouse,32,1.0,no,furnished,19169429.0
1260.0,1,1.0,1,Mumbai,Suburb,Apartment,4,0.0,no,semi-furnished,23216389.0
2345.0,3,1.0,2,Mumbai,City Centre,Penthouse,55,1.0,no,furnished,108643350.0
637.0,4,2.0,1,Jaipur,Gated Community,Apartment,10,1.0,no,furnished,5239549.0
1216.0,3,2.0,1,Hyderabad,Near Metro,Apartment,30,1.0,yes,unfurnished,12186238.0
638.0,2,1.0,2,Hyderabad,City Centre,Row House,7,2.0,yes,semi-furnished,10140283.0
3375.0,3,3.0,2,Pune,Gated Community,Villa,9,1.0,no,furnished,59377099.0
1509.0,2,1.0,1,Chennai,Suburb,Apartment,20,2.0,yes,unfurnished,11545649.0
873.0,2,1.0,1,Delhi,Outskirts,Independent House,29,1.0,no,furnished,6096014.0
1502.0,4,4.0,1,Pune,Waterfront,Apartment,39,0.0,yes,semi-furnished,23314969.0
1028.0,2,2.0,1,Kochi,Outskirts,Apartment,35,0.0,yes,semi-furnished,3815408.0
306.0,1,1.0,1,Hyderabad,Suburb,Studio,59,0.0,yes,unfurnished,1484654.0
4800.0,1,1.0,1,Lucknow,Suburb,Studio,18,1.0,yes,furnished,4514726.0
1440.0,2,2.0,1,Kochi,Premium Township,Apartment,30,1.0,yes,semi-furnished,13156518.0
1668.0,4,3.0,2,Jaipur,Waterfront,Apartment,10,1.0,yes,semi-furnished,11303061.0
2225.0,3,2.0,2,Hyderabad,Waterfront,Villa,19,1.0,yes,unfurnished,36609431.0
878.0,4,4.0,1,Kolkata,Prime Suburb,Apartment,57,1.0,yes,semi-furnished,6805949.0
1318.0,2,2.0,1,Jaipur,Suburb,Apartment,57,1.0,yes,unfurnished,29268161.0
1283.0,1,1.0,1,Kolkata,Near Metro,Apartment,36,1.0,yes,unfurnished,7839510.0
815.0,2,1.0,1,Mumbai,Outskirts,Apartment,23,1.0,yes,unfurnished,10262125.0
2148.0,5,4.0,1,Kochi,Suburb,Independent House,2,1.0,no,semi-furnished,17437107.0
833.0,2,2.0,1,Hyderabad,Premium Township,Apartment,10,2.0,no,semi-furnished,11232812.0
2740.0,4,2.0,2,Lucknow,Outskirts,Villa,19,1.0,yes,unfurnished,10230671.0
473.0,1,1.0,1,Kolkata,Gated Community,Studio,7,0.0,yes,unfurnished,4410547.0
1720.0,3,3.0,2,Lucknow,Suburb,Row House,2,3.0,yes,furnished,11174975.0
1077.0,2,1.0,2,Ahmedabad,Prime Suburb,Apartment,15,2.0,yes,semi-furnished,8735883.0
1952.0,1,1.0,1,Indore,Suburb,Apartment,56,1.0,yes,semi-furnished,8881553.0
1413.0,5,3.0,1,Kochi,City Centre,Independent House,2,0.0,yes,semi-furnished,17044054.0
1110.0,2,1.0,1,Hyderabad,Suburb,Apartment,46,1.0,yes,furnished,8791778.0
1148.0,2,2.0,2,Pune,Outskirts,Apartment,11,2.0,no,semi-furnished,6790911.0
866.0,2,2.0,1,Pune,Near Metro,Apartment,56,3.0,yes,semi-furnished,8405173.0
1910.0,3,3.0,2,Ahmedabad,Waterfront,Villa,60,1.0,yes,semi-furnished,26053797.0
526.0,3,3.0,1,Hyderabad,City Centre,Apartment,58,0.0,yes,unfurnished,7987844.0
1187.0,2,2.0,1,Delhi,Waterfront,Apartment,56,1.0,yes,semi-furnished,21702199.0
3435.0,4,4.0,2,Ahmedabad,Suburb,Villa,11,1.0,yes,unfurnished,26939551.0
691.0,2,2.0,1,Delhi,Prime Suburb,Apartment,2,2.0,yes,furnished,12232842.0
1872.0,4,3.0,1,Kochi,Suburb,Apartment,50,2.0,yes,unfurnished,10920230.0
1203.0,2,2.0,1,Indore,Suburb,Apartment,36,2.0,yes,semi-furnished,5622078.0
1580.0,2,2.0,3,Bangalore,Suburb,Independent House,59,0.0,yes,unfurnished,16259241.0
1720.0,4,4.0,3,Indore,Suburb,Independent House,52,2.0,yes,furnished,8761173.0
589.0,1,1.0,1,Lucknow,Outskirts,Studio,3,1.0,no,semi-furnished,2600501.0
2608.0,3,2.0,2,Indore,Premium Township,Villa,54,1.0,yes,furnished,25264860.0
759.0,3,2.0,1,Bangalore,City Centre,Apartment,15,1.0,yes,semi-furnished,12124755.0
1365.0,3,2.0,2,Jaipur,Suburb,Apartment,58,1.0,yes,semi-furnished,6984357.0
1279.0,4,4.0,2,Kolkata,Prime Suburb,Independent House,24,1.0,no,semi-furnished,11621959.0
325.0,1,1.0,1,Mumbai,Premium Township,Studio,44,2.0,yes,unfurnished,9160206.0
635.0,3,3.0,2,Kolkata,Gated Community,Apartment,9,2.0,yes,unfurnished,6066659.0
699.0,2,1.0,3,Pune,Waterfront,Independent House,26,3.0,yes,semi-furnished,10876225.0
509.0,3,3.0,1,Chennai,Suburb,Apartment,41,0.0,no,semi-furnished,4499255.0
1447.0,1,1.0,1,Kochi,Premium Township,Apartment,56,1.0,yes,furnished,11914983.0
559.0,3,2.0,1,Hyderabad,Gated Community,Independent House,13,1.0,no,furnished,7113328.0
677.0,3,3.0,2,Bangalore,Outskirts,Apartment,14,1.0,no,semi-furnished,5609383.0
2064.0,4,4.0,2,Delhi,Suburb,Villa,22,2.0,no,semi-furnished,31358866.0
1030.0,1,1.0,3,Mumbai,City Centre,Row House,49,0.0,yes,semi-furnished,33711439.0
973.0,1,1.0,2,Mumbai,Suburb,Independent House,32,1.0,no,furnished,17379562.0
1708.0,1,1.0,2,Ahmedabad,Near Metro,Independent House,17,1.0,no,unfurnished,14144054.0
1585.0,1,1.0,2,Kochi,Waterfront,Independent House,3,0.0,yes,semi-furnished,17109133.0
1027.0,1,1.0,2,Bangalore,Waterfront,Row House,60,1.0,yes,furnished,14382392.0
1707.0,2,2.0,1,Lucknow,Prime Suburb,Apartment,42,1.0,yes,unfurnished,9872520.0
367.0,1,1.0,1,Chennai,Near Metro,Studio,3,2.0,yes,unfurnished,4893643.0
1500.0,4,4.0,2,Kolkata,Outskirts,Penthouse,0,3.0,yes,unfurnished,9475901.0
493.0,1,1.0,1,Chennai,Suburb,Studio,58,1.0,no,semi-furnished,2557449.0
1486.0,2,2.0,2,Kochi,City Centre,Independent House,54,0.0,yes,unfurnished,19661243.0
534.0,1,1.0,1,Mumbai,Prime Suburb,Studio,58,1.0,no,unfurnished,9402712.0
1514.0,1,1.0,2,Bangalore,Prime Suburb,Row House,29,2.0,no,semi-furnished,16720603.0
855.0,3,3.0,1,Chennai,Near Metro,Apartment,59,1.0,yes,semi-furnished,6671630.0
632.0,2,2.0,3,Kochi,Outskirts,Row House,33,1.0,yes,furnished,3068286.0
350.0,5,3.0,2,Kolkata,City Centre,Independent House,50,1.0,yes,unfurnished,4338372.0
435.0,1,1.0,1,Kolkata,Prime Suburb,Studio,11,1.0,yes,furnished,4213424.0
463.0,1,1.0,1,Jaipur,Outskirts,Studio,51,3.0,no,semi-furnished,1413006.0
1259.0,4,4.0,1,Ahmedabad,Premium Township,Apartment,7,0.0,yes,furnished,12085712.0
849.0,2,2.0,1,Kolkata,Suburb,Apartment,6,1.0,yes,unfurnished,5662924.0
378.0,1,1.0,1,Chandigarh,Waterfront,Studio,2,2.0,yes,semi-furnished,5340311.0
1978.0,3,2.0,2,Jaipur,Outskirts,Row House,41,1.0,yes,unfurnished,6798667.0
1306.0,2,1.0,2,Jaipur,Suburb,Independent House,2,2.0,no,furnished,9605900.0
1547.0,3,3.0,1,Kolkata,Gated Community,Apartment,59,2.0,yes,semi-furnished,12888656.0
1434.0,2,2.0,2,Lucknow,Waterfront,Apartment,5,0.0,yes,semi-furnished,14570913.0
2036.0,3,3.0,1,Delhi,Suburb,Penthouse,29,0.0,yes,unfurnished,37900159.0
1447.0,3,3.0,1,Chandigarh,City Centre,Apartment,58,1.0,no,unfurnished,19773570.0
3253.0,3,3.0,2,Bangalore,Suburb,Villa,45,3.0,yes,furnished,39003409.0
1169.0,4,3.0,1,Mumbai,Prime Suburb,Apartment,0,0.0,no,semi-furnished,25940225.0
1600.0,3,2.0,2,Bangalore,Premium Township,Villa,24,1.0,no,semi-furnished,30399450.0
1941.0,4,3.0,1,Bangalore,Prime Suburb,Apartment,42,1.0,yes,semi-furnished,21582687.0
1403.0,2,1.0,2,Bangalore,Waterfront,Independent House,55,0.0,no,semi-furnished,19543114.0
1609.0,3,3.0,2,Indore,Suburb,Row House,41,2.0,yes,semi-furnished,7837986.0
543.0,3,2.0,1,Indore,City Centre,Independent House,48,2.0,yes,unfurnished,5783123.0
1104.0,3,3.0,2,Delhi,City Centre,Independent House,22,1.0,yes,unfurnished,28415472.0
2376.0,3,3.0,2,Chennai,Prime Suburb,Villa,44,2.0,yes,unfurnished,26915971.0
913.0,2,2.0,1,Mumbai,Prime Suburb,Apartment,17,0.0,yes,semi-furnished,20815033.0
1500.0,3,1.0,1,Indore,Gated Community,Penthouse,58,1.0,yes,unfurnished,12531162.0
970.0,2,2.0,1,Hyderabad,City Centre,Apartment,20,1.0,yes,semi-furnished,16164435.0
1591.0,2,1.0,1,Bangalore,Outskirts,Apartment,60,2.0,yes,unfurnished,5491380.0
1030.0,2,1.0,2,Hyderabad,Prime Suburb,Row House,40,1.0,yes,semi-furnished,9257646.0
844.0,4,4.0,1,Ahmedabad,City Centre,Apartment,28,2.0,yes,furnished,11118393.0
516.0,1,1.0,1,Delhi,Gated Community,Studio,43,1.0,yes,unfurnished,7230732.0
350.0,2,2.0,4,Chandigarh,Gated Community,Row House,9,2.0,no,furnished,4374591.0
954.0,3,2.0,1,Mumbai,Outskirts,Independent House,30,2.0,yes,unfurnished,12453698.0
2419.0,3,3.0,2,Indore,Suburb,Villa,29,1.0,yes,unfurnished,15231879.0
1007.0,2,1.0,2,Pune,Prime Suburb,Independent House,22,0.0,no,semi-furnished,11828926.0
1501.0,2,1.0,1,Chandigarh,Outskirts,Independent House,53,2.0,yes,semi-furnished,5461977.0
1591.0,3,3.0,1,Delhi,Suburb,Apartment,47,1.0,no,unfurnished,19147063.0
2035.0,4,2.0,1,Chandigarh,Gated Community,Penthouse,20,1.0,no,semi-furnished,24555951.0
1921.0,3,3.0,3,Chandigarh,Premium Township,Villa,28,1.0,no,semi-furnished,27920558.0
3252.0,3,3.0,1,Pune,Suburb,Penthouse,16,0.0,no,unfurnished,39099304.0
1057.0,2,2.0,2,Indore,City Centre,Row House,0,3.0,yes,semi-furnished,10519488.0
1625.0,1,1.0,1,Pune,Suburb,Apartment,17,0.0,no,semi-furnished,14894148.0
364.0,1,1.0,1,Chandigarh,Suburb,Studio,24,2.0,no,semi-furnished,3097509.0
2177.0,3,3.0,2,Delhi,Prime Suburb,Penthouse,6,3.0,yes,furnished,46464277.0
1280.0,2,2.0,1,Chennai,Near Metro,Independent House,6,0.0,yes,unfurnished,14610791.0
530.0,1,1.0,1,Lucknow,Suburb,Studio,23,1.0,yes,semi-furnished,3297687.0
941.0,4,3.0,2,Bangalore,Suburb,Apartment,9,0.0,yes,unfurnished,10020673.0
1155.0,1,1.0,2,Kolkata,Suburb,Row House,59,2.0,no,semi-furnished,5944827.0
1267.0,2,1.0,1,Hyderabad,Prime Suburb,Apartment,44,1.0,yes,unfurnished,12336307.0
1193.0,5,4.0,1,Mumbai,Prime Suburb,Independent House,25,1.0,no,unfurnished,34950854.0
2264.0,3,2.0,2,Chennai,City Centre,Villa,31,1.0,yes,unfurnished,43287591.0
697.0,4,2.0,1,Hyderabad,Prime Suburb,Apartment,32,1.0,yes,furnished,8492491.0
646.0,1,1.0,1,Delhi,Suburb,Studio,18,2.0,yes,semi-furnished,9138402.0
1578.0,1,1.0,1,Chennai,Outskirts,Apartment,31,1.0,yes,semi-furnished,6398990.0
990.0,3,2.0,2,Mumbai,Suburb,Apartment,59,2.0,no,unfurnished,18151361.0
1160.0,3,1.0,2,Kolkata,Prime Suburb,Apartment,40,1.0,yes,semi-furnished,8013208.0
942.0,3,3.0,1,Ahmedabad,Prime Suburb,Apartment,39,1.0,yes,unfurnished,7683112.0
1526.0,2,1.0,1,Lucknow,Prime Suburb,Apartment,10,1.0,no,unfurnished,10492090.0
350.0,5,4.0,1,Hyderabad,Near Metro,Apartment,5,1.0,yes,semi-furnished,5770739.0
1890.0,4,4.0,3,Delhi,Suburb,Row House,52,0.0,yes,unfurnished,22176317.0
1657.0,4,3.0,2,Jaipur,Prime Suburb,Independent House,56,0.0,yes,unfurnished,13904124.0
2032.0,3,2.0,1,Mumbai,Prime Suburb,Penthouse,25,1.0,yes,semi-furnished,67709256.0
896.0,2,2.0,1,Chennai,Suburb,Apartment,51,0.0,yes,unfurnished,5420915.0
350.0,3,2.0,1,Mumbai,Suburb,Apartment,48,2.0,yes,semi-furnished,8015733.0
382.0,1,1.0,1,Bangalore,Outskirts,Studio,9,1.0,yes,furnished,3518393.0
1382.0,3,1.0,1,Chennai,City Centre,Apartment,32,0.0,no,semi-furnished,18001676.0
350.0,4,4.0,2,Ahmedabad,City Centre,Row House,31,1.0,yes,semi-furnished,4434058.0
950.0,2,2.0,1,Kochi,Suburb,Apartment,11,3.0,yes,semi-furnished,7130273.0
885.0,4,3.0,3,Jaipur,Suburb,Row House,42,1.0,yes,semi-furnished,6053257.0
1942.0,3,3.0,2,Jaipur,Near Metro,Villa,26,1.0,yes,semi-furnished,16132299.0
3460.0,4,4.0,3,Bangalore,City Centre,Villa,58,1.0,yes,unfurnished,63052454.0
434.0,1,1.0,1,Ahmedabad,Suburb,Studio,40,2.0,yes,semi-furnished,2616477.0
534.0,1,1.0,1,Pune,City Centre,Studio,42,1.0,yes,unfurnished,8865770.0
1194.0,3,3.0,1,Pune,Suburb,Apartment,13,3.0,yes,unfurnished,11717637.0
603.0,1,1.0,1,Chennai,Suburb,Studio,36,0.0,no,semi-furnished,4212497.0
1204.0,3,3.0,3,Bangalore,City Centre,Row House,50,0.0,yes,semi-furnished,22349883.0
301.0,1,1.0,1,Mumbai,Prime Suburb,Studio,8,1.0,no,semi-furnished,8213816.0
1930.0,1,1.0,3,Mumbai,Prime Suburb,Independent House,43,0.0,yes,furnished,51823436.0
1364.0,3,2.0,1,Hyderabad,Premium Township,Apartment,25,0.0,yes,unfurnished,15657897.0
968.0,1,1.0,1,Chennai,Suburb,Independent House,52,2.0,yes,semi-furnished,6880097.0
1008.0,3,2.0,2,Kochi,Suburb,Apartment,14,3.0,yes,furnished,8586610.0
1929.0,3,1.0,1,Indore,Premium Township,Penthouse,41,1.0,yes,semi-furnished,19044917.0
3440.0,3,2.0,1,Mumbai,Outskirts,Penthouse,58,0.0,yes,semi-furnished,45182941.0
1193.0,3,2.0,2,Bangalore,Outskirts,Row House,23,3.0,yes,semi-furnished,8739389.0
2143.0,1,1.0,1,Chennai,Outskirts,Apartment,51,2.0,yes,semi-furnished,7051578.0
2140.0,3,3.0,2,Lucknow,Prime Suburb,Independent House,16,1.0,yes,furnished,16162654.0
3146.0,3,3.0,3,Chandigarh,Premium Township,Villa,46,3.0,yes,unfurnished,40507201.0
1769.0,3,3.0,1,Ahmedabad,Near Metro,Apartment,12,2.0,no,semi-furnished,12984519.0
610.0,1,1.0,1,Bangalore,Suburb,Studio,4,1.0,yes,unfurnished,6462036.0
1931.0,2,1.0,1,Bangalore,Suburb,Independent House,8,1.0,yes,furnished,21267320.0
1512.0,3,2.0,1,Hyderabad,Suburb,Apartment,21,1.0,yes,unfurnished,10711451.0
1461.0,4,4.0,1,Delhi,Prime Suburb,Apartment,29,0.0,yes,semi-furnished,17717487.0
393.0,1,1.0,1,Delhi,Suburb,Studio,36,2.0,no,furnished,5438117.0
1019.0,4,3.0,2,Chandigarh,City Centre,Row House,17,2.0,no,unfurnished,14596775.0
893.0,5,4.0,1,Chandigarh,Outskirts,Apartment,48,1.0,no,semi-furnished,4511246.0
1728.0,1,1.0,2,Chennai,Prime Suburb,Apartment,59,0.0,yes,semi-furnished,15512879.0
1346.0,1,1.0,3,Pune,Premium Township,Independent House,6,0.0,no,furnished,18644904.0
724.0,5,4.0,1,Hyderabad,Prime Suburb,Apartment,55,3.0,yes,unfurnished,8093872.0
512.0,3,3.0,2,Chandigarh,Suburb,Apartment,14,1.0,no,furnished,5260583.0
1188.0,4,2.0,1,Hyderabad,Gated Community,Apartment,55,2.0,no,furnished,13699894.0
498.0,1,1.0,1,Mumbai,Near Metro,Studio,12,2.0,no,unfurnished,13179239.0
1522.0,5,4.0,1,Delhi,Premium Township,Apartment,8,1.0,yes,semi-furnished,32950750.0
2541.0,3,3.0,2,Bangalore,Suburb,Villa,1,1.0,yes,semi-furnished,30583910.0
582.0,4,3.0,1,Chennai,Outskirts,Apartment,54,1.0,yes,furnished,2943495.0
687.0,4,4.0,2,Mumbai,Prime Suburb,Row House,2,1.0,yes,semi-furnished,24776445.0
1668.0,3,2.0,1,Jaipur,Premium Township,Independent House,33,2.0,yes,semi-furnished,15607930.0
1162.0,3,3.0,3,Kolkata,Suburb,Independent House,21,2.0,no,unfurnished,8790574.0
674.0,2,1.0,1,Hyderabad,Outskirts,Independent House,7,0.0,yes,furnished,5316068.0
2593.0,3,3.0,2,Jaipur,Prime Suburb,Villa,58,3.0,yes,semi-furnished,19704614.0
3239.0,4,4.0,2,Bangalore,Waterfront,Villa,52,2.0,yes,furnished,61826830.0
1237.0,3,3.0,1,Mumbai,Near Metro,Penthouse,46,1.0,no,semi-furnished,52577177.0
1154.0,3,2.0,1,Mumbai,Prime Suburb,Apartment,29,1.0,no,semi-furnished,31587990.0
2286.0,3,2.0,2,Chennai,Outskirts,Villa,58,1.0,yes,semi-furnished,12274312.0
1532.0,1,1.0,1,Jaipur,Gated Community,Apartment,20,2.0,yes,semi-furnished,11228517.0
1844.0,2,2.0,1,Mumbai,Outskirts,Apartment,3,0.0,yes,unfurnished,21728636.0
605.0,1,1.0,1,Bangalore,Prime Suburb,Studio,51,1.0,no,unfurnished,5851728.0
1755.0,3,3.0,2,Pune,Waterfront,Apartment,1,0.0,yes,semi-furnished,25855386.0
1108.0,3,3.0,2,Delhi,Prime Suburb,Independent House,27,1.0,no,semi-furnished,17611914.0
1126.0,2,2.0,1,Delhi,Suburb,Apartment,4,0.0,no,semi-furnished,13154762.0
646.0,2,1.0,1,Indore,Suburb,Apartment,20,2.0,yes,furnished,3780933.0
379.0,2,2.0,2,Chandigarh,Suburb,Independent House,48,1.0,yes,unfurnished,2720589.0
350.0,1,1.0,2,Mumbai,Outskirts,Independent House,48,1.0,yes,furnished,4029722.0
3004.0,3,3.0,3,Hyderabad,City Centre,Villa,37,1.0,no,semi-furnished,60968503.0
535.0,1,1.0,1,Chennai,City Centre,Studio,2,1.0,yes,semi-furnished,8295703.0
1237.0,4,4.0,3,Bangalore,Waterfront,Independent House,21,2.0,yes,semi-furnished,25306102.0
2314.0,4,3.0,2,Indore,Near Metro,Penthouse,38,3.0,yes,furnished,20910200.0
3191.0,3,3.0,3,Lucknow,Outskirts,Villa,59,1.0,no,unfurnished,12072522.0
2575.0,3,2.0,2,Bangalore,Suburb,Villa,24,3.0,yes,furnished,31042053.0
1277.0,4,3.0,2,Pune,Suburb,Independent House,7,2.0,no,semi-furnished,12834452.0
1921.0,2,2.0,1,Jaipur,Near Metro,Independent House,45,0.0,yes,furnished,13360296.0
1997.0,3,3.0,2,Kochi,Suburb,Penthouse,47,1.0,no,unfurnished,14812082.0
350.0,1,2.0,1,Kolkata,Suburb,Apartment,14,1.0,yes,semi-furnished,2775097.0
907.0,3,3.0,3,Chandigarh,City Centre,Independent House,28,3.0,yes,unfurnished,14205157.0
1161.0,2,2.0,2,Jaipur,Gated Community,Apartment,53,1.0,yes,unfurnished,6407583.0
482.0,1,1.0,1,Pune,Prime Suburb,Studio,11,0.0,no,unfurnished,5655421.0
644.0,1,1.0,1,Ahmedabad,Prime Suburb,Studio,38,1.0,no,semi-furnished,5069217.0
696.0,2,1.0,3,Jaipur,City Centre,Row House,29,1.0,no,semi-furnished,6936835.0
2733.0,3,1.0,3,Bangalore,Gated Community,Villa,29,3.0,yes,furnished,42537759.0
705.0,2,1.0,1,Chandigarh,Prime Suburb,Independent House,29,1.0,yes,semi-furnished,6185521.0
1193.0,3,1.0,2,Bangalore,Premium Township,Row House,32,0.0,no,unfurnished,14137699.0
615.0,1,1.0,1,Kochi,Premium Township,Studio,59,1.0,yes,unfurnished,4973969.0
3275.0,3,3.0,4,Bangalore,Prime Suburb,Villa,21,3.0,no,semi-furnished,44836042.0
1428.0,2,2.0,2,Delhi,Outskirts,Independent House,20,0.0,no,semi-furnished,12358176.0
3734.0,3,3.0,2,Delhi,City Centre,Villa,30,2.0,yes,semi-furnished,92471016.0
487.0,1,1.0,1,Hyderabad,Waterfront,Studio,41,1.0,yes,semi-furnished,6165666.0
1074.0,3,1.0,1,Bangalore,Suburb,Apartment,17,2.0,yes,furnished,9886766.0
1444.0,1,1.0,2,Pune,Near Metro,Apartment,23,0.0,no,semi-furnished,12588850.0
1217.0,3,3.0,2,Delhi,Prime Suburb,Row House,28,1.0,yes,furnished,18529655.0
1712.0,3,3.0,1,Hyderabad,Suburb,Apartment,48,3.0,yes,furnished,14626311.0
1597.0,2,1.0,1,Bangalore,Outskirts,Apartment,31,2.0,yes,furnished,8134708.0
1570.0,2,2.0,2,Chandigarh,Suburb,Row House,20,2.0,yes,semi-furnished,14387905.0
960.0,2,1.0,1,Chennai,Suburb,Apartment,26,2.0,yes,semi-furnished,8551558.0
1167.0,4,3.0,1,Hyderabad,Prime Suburb,Apartment,46,1.0,yes,unfurnished,10306342.0
2598.0,3,1.0,1,Delhi,Prime Suburb,Penthouse,55,2.0,yes,unfurnished,59282801.0
1025.0,2,2.0,2,Pune,Outskirts,Apartment,1,1.0,yes,furnished,7477490.0
2073.0,1,1.0,2,Mumbai,Prime Suburb,Row House,47,1.0,no,semi-furnished,50878688.0
507.0,1,2.0,1,Chennai,City Centre,Studio,8,1.0,yes,semi-furnished,8356715.0
1140.0,3,3.0,2,Pune,Suburb,Apartment,9,1.0,yes,semi-furnished,10537098.0
1190.0,1,1.0,3,Indore,City Centre,Independent House,48,2.0,no,unfurnished,9863649.0
1237.0,2,2.0,2,Mumbai,Gated Community,Independent House,41,0.0,yes,furnished,68679245.0
836.0,2,2.0,1,Ahmedabad,Premium Township,Apartment,22,1.0,no,unfurnished,8153065.0
802.0,3,3.0,2,Mumbai,Premium Township,Independent House,24,1.0,no,furnished,29542169.0
583.0,2,1.0,3,Mumbai,Suburb,Independent House,34,2.0,yes,unfurnished,12375150.0
1725.0,2,1.0,1,Hyderabad,Outskirts,Apartment,0,1.0,yes,unfurnished,8356157.0
751.0,5,4.0,4,Mumbai,Gated Community,Independent House,19,1.0,yes,unfurnished,22257696.0
516.0,1,1.0,1,Lucknow,Suburb,Studio,48,1.0,yes,semi-furnished,2638918.0
1912.0,5,4.0,1,Pune,Gated Community,Apartment,41,0.0,no,semi-furnished,17128919.0
1597.0,3,3.0,3,Delhi,Suburb,Independent House,17,1.0,no,semi-furnished,20248008.0
1079.0,4,3.0,1,Delhi,Premium Township,Apartment,47,2.0,yes,furnished,19792277.0
894.0,2,2.0,1,Hyderabad,City Centre,Apartment,19,2.0,yes,unfurnished,13497733.0
1353.0,3,2.0,2,Mumbai,Suburb,Independent House,29,1.0,yes,furnished,28746557.0
412.0,1,1.0,1,Delhi,Outskirts,Studio,45,2.0,yes,unfurnished,2213519.0
1750.0,2,1.0,1,Lucknow,Outskirts,Apartment,30,2.0,no,unfurnished,4526444.0
2403.0,4,4.0,2,Chennai,Prime Suburb,Villa,51,2.0,yes,unfurnished,26364090.0
1116.0,4,4.0,1,Kolkata,Suburb,Apartment,58,1.0,yes,unfurnished,6168209.0
1081.0,3,3.0,1,Kochi,Premium Township,Apartment,14,1.0,yes,semi-furnished,11234690.0
1310.0,4,4.0,1,Delhi,Suburb,Apartment,56,1.0,no,furnished,17384341.0
1833.0,3,2.0,2,Indore,Outskirts,Penthouse,1,1.0,yes,semi-furnished,7829718.0
1176.0,1,1.0,1,Delhi,Suburb,Apartment,27,2.0,no,furnished,14841398.0
1132.0,2,2.0,3,Chennai,Waterfront,Independent House,16,0.0,yes,unfurnished,14368643.0
1290.0,2,1.0,1,Jaipur,Outskirts,Apartment,4,1.0,no,unfurnished,4352553.0
2239.0,3,2.0,1,Kolkata,Prime Suburb,Apartment,7,0.0,no,semi-furnished,14406812.0
734.0,2,2.0,2,Kolkata,City Centre,Independent House,54,0.0,no,unfurnished,7789078.0
1777.0,2,1.0,1,Kochi,Prime Suburb,Apartment,13,1.0,yes,unfurnished,15904295.0
1474.0,2,2.0,2,Hyderabad,Prime Suburb,Row House,11,1.0,yes,semi-furnished,15451352.0
912.0,3,2.0,1,Delhi,City Centre,Apartment,32,1.0,yes,furnished,20056354.0
1695.0,3,3.0,1,Chennai,Premium Township,Apartment,46,2.0,yes,unfurnished,18898382.0
571.0,1,1.0,1,Kochi,Prime Suburb,Studio,10,0.0,yes,furnished,5099148.0
472.0,3,3.0,1,Jaipur,City Centre,Apartment,17,0.0,yes,semi-furnished,5898228.0
1383.0,2,2.0,1,Kolkata,Suburb,Independent House,33,3.0,yes,semi-furnished,9286950.0
1393.0,2,2.0,2,Chennai,Near Metro,Independent House,27,1.0,yes,unfurnished,12228653.0
1533.0,2,1.0,2,Jaipur,Gated Community,Row House,39,2.0,yes,semi-furnished,11354297.0
2233.0,3,3.0,3,Pune,Outskirts,Villa,38,1.0,yes,furnished,14794214.0
3353.0,3,3.0,2,Chennai,Gated Community,Villa,30,2.0,yes,furnished,39317238.0
1521.0,2,2.0,1,Indore,Prime Suburb,Independent House,10,1.0,yes,furnished,11548540.0
765.0,3,3.0,1,Chennai,Prime Suburb,Apartment,60,3.0,yes,semi-furnished,7172282.0
2203.0,3,3.0,1,Bangalore,Waterfront,Apartment,37,1.0,yes,unfurnished,29200025.0
362.0,1,1.0,1,Chandigarh,City Centre,Studio,16,3.0,yes,unfurnished,5726832.0
639.0,3,3.0,1,Ahmedabad,City Centre,Independent House,6,1.0,yes,furnished,8711348.0
1716.0,2,2.0,1,Bangalore,Prime Suburb,Apartment,33,2.0,yes,unfurnished,18528527.0
574.0,3,2.0,2,Kolkata,Gated Community,Row House,7,1.0,yes,unfurnished,5797750.0
1502.0,3,2.0,1,Lucknow,Premium Township,Apartment,21,2.0,yes,furnished,11112106.0
2674.0,3,2.0,1,Lucknow,Suburb,Penthouse,28,0.0,yes,unfurnished,17114876.0
813.0,2,1.0,1,Pune,Near Metro,Apartment,48,0.0,yes,unfurnished,7301774.0
2262.0,3,3.0,4,Chennai,Suburb,Villa,8,1.0,yes,unfurnished,24621867.0
1837.0,1,1.0,2,Ahmedabad,City Centre,Row House,60,1.0,no,semi-furnished,19437096.0
1603.0,2,1.0,1,Bangalore,Waterfront,Apartment,46,2.0,yes,semi-furnished,25696120.0
811.0,3,3.0,1,Bangalore,City Centre,Apartment,15,1.0,yes,semi-furnished,15128682.0
1001.0,2,2.0,2,Jaipur,Near Metro,Independent House,9,1.0,yes,furnished,8307154.0
1166.0,2,1.0,2,Kochi,Near Metro,Row House,31,0.0,yes,semi-furnished,8045095.0
2333.0,3,3.0,2,Chennai,City Centre,Penthouse,56,1.0,no,semi-furnished,45167579.0
1718.0,3,3.0,2,Mumbai,Outskirts,Row House,48,1.0,yes,semi-furnished,20417457.0
802.0,1,1.0,1,Mumbai,Waterfront,Apartment,8,1.0,yes,semi-furnished,26853720.0
3318.0,3,3.0,2,Bangalore,Premium Township,Villa,24,2.0,yes,furnished,67580937.0
977.0,2,2.0,1,Bangalore,Suburb,Apartment,19,1.0,yes,semi-furnished,10568552.0
1717.0,2,2.0,1,Hyderabad,Premium Township,Apartment,51,2.0,no,semi-furnished,20382983.0
1500.0,4,3.0,2,Hyderabad,Suburb,Penthouse,46,1.0,yes,unfurnished,17687150.0
1332.0,2,1.0,1,Mumbai,Premium Township,Apartment,3,1.0,no,semi-furnished,35062315.0
350.0,3,3.0,1,Bangalore,Gated Community,Independent House,29,2.0,yes,unfurnished,6319902.0
1598.0,3,3.0,2,Mumbai,Waterfront,Row House,46,1.0,yes,furnished,52036943.0
1563.0,3,2.0,2,Delhi,Suburb,Row House,16,1.0,yes,semi-furnished,22757331.0
3806.0,3,2.0,2,Delhi,Waterfront,Villa,14,1.0,yes,unfurnished,87557721.0
2723.0,4,3.0,1,Ahmedabad,Premium Township,Penthouse,40,0.0,yes,furnished,34888606.0
452.0,2,1.0,1,Hyderabad,Suburb,Apartment,32,1.0,yes,unfurnished,3807755.0
2079.0,2,2.0,1,Chennai,Near Metro,Apartment,12,1.0,no,semi-furnished,18439579.0
3482.0,3,3.0,2,Mumbai,Gated Community,Villa,23,1.0,yes,unfurnished,108643350.0
788.0,4,4.0,2,Chennai,City Centre,Apartment,30,2.0,no,semi-furnished,11027784.0
2955.0,3,1.0,2,Mumbai,Prime Suburb,Villa,53,2.0,no,unfurnished,96248724.0
454.0,1,1.0,1,Delhi,Near Metro,Studio,40,0.0,yes,semi-furnished,6018101.0
768.0,2,1.0,1,Indore,Waterfront,Apartment,55,1.0,no,unfurnished,5571841.0
1823.0,4,3.0,3,Indore,City Centre,Independent House,46,1.0,yes,semi-furnished,18769346.0
4800.0,4,4.0,2,Lucknow,Suburb,Independent House,45,2.0,yes,unfurnished,8892422.0
2531.0,3,3.0,2,Bangalore,Gated Community,Penthouse,45,1.0,no,semi-furnished,41796338.0
3470.0,4,4.0,2,Bangalore,Waterfront,Villa,31,1.0,no,semi-furnished,57852146.0
1455.0,3,3.0,2,Ahmedabad,City Centre,Row House,16,1.0,yes,semi-furnished,16309229.0
883.0,2,2.0,1,Kolkata,Suburb,Apartment,26,1.0,no,semi-furnished,5464040.0
623.0,1,1.0,1,Hyderabad,City Centre,Studio,56,0.0,no,furnished,8053750.0
596.0,1,1.0,1,Mumbai,Outskirts,Studio,4,1.0,yes,semi-furnished,9622597.0
836.0,2,2.0,2,Hyderabad,City Centre,Independent House,6,0.0,no,furnished,13901274.0
1101.0,3,2.0,2,Hyderabad,Gated Community,Independent House,52,2.0,no,furnished,13481791.0
1013.0,4,2.0,2,Mumbai,Suburb,Independent House,60,1.0,yes,unfurnished,20877885.0
3454.0,3,2.0,2,Mumbai,Gated Community,Villa,37,1.0,yes,furnished,101865631.0
3147.0,4,4.0,1,Indore,Suburb,Penthouse,43,1.0,yes,semi-furnished,20544050.0
702.0,2,1.0,1,Kolkata,Premium Township,Apartment,26,1.0,no,semi-furnished,6510739.0
424.0,3,2.0,3,Bangalore,Premium Township,Independent House,49,1.0,yes,semi-furnished,6423175.0
1400.0,3,3.0,1,Jaipur,Outskirts,Apartment,9,1.0,no,semi-furnished,5114517.0
1008.0,2,1.0,2,Hyderabad,Prime Suburb,Apartment,40,2.0,yes,semi-furnished,11216090.0
2643.0,3,2.0,2,Bangalore,Premium Township,Villa,15,1.0,no,semi-furnished,108643350.0
655.0,4,3.0,2,Chandigarh,Outskirts,Apartment,58,0.0,yes,semi-furnished,2576680.0
1313.0,1,1.0,2,Kolkata,Premium Township,Row House,33,1.0,yes,semi-furnished,11348650.0
1908.0,4,2.0,1,Kolkata,Prime Suburb,Apartment,59,1.0,yes,semi-furnished,13996294.0
348.0,1,1.0,1,Delhi,Suburb,Studio,8,1.0,no,furnished,5790341.0
893.0,2,1.0,1,Bangalore,Outskirts,Apartment,8,0.0,yes,semi-furnished,5234958.0
2612.0,3,3.0,2,Chennai,Gated Community,Villa,24,1.0,yes,unfurnished,29699704.0
1192.0,2,1.0,1,Ahmedabad,Outskirts,Apartment,34,2.0,yes,unfurnished,4398249.0
2691.0,3,2.0,3,Kolkata,Near Metro,Villa,35,1.0,yes,unfurnished,23876554.0
1161.0,1,1.0,2,Mumbai,Gated Community,Apartment,1,2.0,yes,semi-furnished,31804653.0
1474.0,4,3.0,1,Chandigarh,City Centre,Independent House,7,1.0,yes,semi-furnished,21073712.0
1090.0,1,1.0,2,Chandigarh,Suburb,Apartment,23,1.0,no,semi-furnished,7470419.0
1376.0,3,3.0,1,Lucknow,City Centre,Apartment,20,0.0,yes,unfurnished,13281801.0
336.0,1,1.0,1,Lucknow,Near Metro,Studio,57,2.0,no,unfurnished,1392099.0
946.0,3,2.0,1,Mumbai,City Centre,Apartment,22,2.0,no,semi-furnished,36545433.0
931.0,1,1.0,1,Jaipur,Suburb,Apartment,32,2.0,yes,unfurnished,5290167.0
1463.0,2,2.0,1,Bangalore,Suburb,Apartment,43,1.0,no,semi-furnished,12447066.0
3032.0,3,3.0,2,Chennai,Gated Community,Penthouse,18,1.0,yes,semi-furnished,42711817.0
632.0,3,2.0,2,Lucknow,Near Metro,Apartment,52,3.0,no,furnished,4286552.0
782.0,1,1.0,2,Delhi,Suburb,Apartment,14,0.0,no,unfurnished,38066892.0
2398.0,4,3.0,4,Lucknow,Outskirts,Villa,1,2.0,yes,semi-furnished,12293806.0
1043.0,4,4.0,1,Chennai,City Centre,Apartment,14,0.0,no,semi-furnished,14645684.0
438.0,2,2.0,1,Kochi,Prime Suburb,Apartment,50,2.0,yes,semi-furnished,3717597.0
648.0,3,3.0,1,Delhi,Near Metro,Apartment,59,3.0,no,semi-furnished,8324063.0
1165.0,3,3.0,1,Jaipur,City Centre,Independent House,16,1.0,yes,unfurnished,11075572.0
333.0,1,1.0,1,Ahmedabad,Gated Community,Studio,33,1.0,no,semi-furnished,2738819.0
1899.0,2,1.0,1,Pune,Suburb,Apartment,23,3.0,no,semi-furnished,14420145.0
1328.0,3,2.0,2,Hyderabad,Gated Community,Row House,2,1.0,yes,furnished,15834471.0
1471.0,3,3.0,4,Ahmedabad,City Centre,Independent House,14,3.0,yes,semi-furnished,17933942.0
937.0,3,3.0,3,Hyderabad,Prime Suburb,Row House,25,2.0,yes,semi-furnished,10553469.0
735.0,3,2.0,2,Hyderabad,Gated Community,Independent House,52,2.0,yes,semi-furnished,7955917.0
918.0,4,4.0,1,Hyderabad,Prime Suburb,Apartment,11,0.0,yes,unfurnished,10677386.0
2827.0,3,2.0,2,Mumbai,Gated Community,Villa,56,1.0,yes,unfurnished,86126089.0
1242.0,4,3.0,2,Pune,Suburb,Apartment,6,0.0,yes,semi-furnished,12281601.0
3074.0,5,3.0,2,Ahmedabad,Outskirts,Villa,52,1.0,yes,furnished,15434281.0
1921.0,3,3.0,2,Kochi,Near Metro,Penthouse,53,2.0,yes,furnished,21124194.0
1891.0,2,1.0,1,Indore,Gated Community,Apartment,40,3.0,no,semi-furnished,10932154.0
1040.0,2,2.0,1,Mumbai,Gated Community,Apartment,15,2.0,yes,semi-furnished,25992654.0
1303.0,2,2.0,2,Kochi,City Centre,Independent House,25,3.0,yes,unfurnished,15631684.0
1183.0,3,2.0,1,Jaipur,Suburb,Apartment,26,1.0,no,unfurnished,5983144.0
932.0,3,2.0,1,Kolkata,Suburb,Apartment,15,1.0,no,semi-furnished,5012265.0
410.0,1,1.0,1,Mumbai,Premium Township,Studio,14,0.0,no,semi-furnished,10923804.0
1402.0,2,2.0,2,Bangalore,Near Metro,Row House,45,2.0,yes,semi-furnished,15633304.0
1440.0,2,1.0,2,Mumbai,Near Metro,Row House,21,0.0,no,semi-furnished,33511518.0
571.0,1,1.0,1,Bangalore,Near Metro,Studio,12,2.0,no,unfurnished,7106710.0
350.0,2,1.0,1,Kochi,City Centre,Apartment,60,2.0,yes,furnished,3442552.0
1724.0,3,2.0,2,Mumbai,Waterfront,Independent House,9,1.0,yes,semi-furnished,61628100.0
3137.0,3,2.0,1,Ahmedabad,Near Metro,Penthouse,3,2.0,yes,unfurnished,25068393.0
2441.0,3,1.0,1,Chennai,City Centre,Penthouse,48,1.0,no,unfurnished,43591671.0
1042.0,3,3.0,3,Indore,Near Metro,Independent House,53,0.0,yes,furnished,7481361.0
886.0,2,2.0,2,Indore,Premium Township,Apartment,40,1.0,yes,semi-furnished,6559327.0
1751.0,3,3.0,2,Bangalore,Outskirts,Villa,45,1.0,yes,unfurnished,11632304.0
1210.0,2,1.0,1,Chennai,Outskirts,Apartment,36,1.0,yes,semi-furnished,4722324.0
1409.0,2,2.0,2,Ahmedabad,Suburb,Apartment,54,1.0,no,semi-furnished,7333230.0
1237.0,3,3.0,2,Kolkata,Suburb,Villa,5,2.0,yes,unfurnished,13633181.0
1116.0,4,3.0,1,Delhi,Prime Suburb,Independent House,59,2.0,yes,unfurnished,16812618.0
1518.0,1,1.0,1,Chandigarh,City Centre,Independent House,17,3.0,yes,furnished,21987148.0
883.0,1,1.0,3,Pune,Prime Suburb,Independent House,12,0.0,yes,unfurnished,10268866.0
1600.0,2,1.0,2,Delhi,Waterfront,Row House,41,0.0,yes,unfurnished,24261216.0
1782.0,4,3.0,1,Pune,Outskirts,Apartment,53,1.0,no,semi-furnished,8075934.0
3068.0,3,3.0,1,Delhi,Near Metro,Penthouse,20,1.0,yes,semi-furnished,54601186.0
1216.0,3,1.0,1,Kochi,Suburb,Apartment,52,2.0,yes,semi-furnished,8564895.0
1278.0,5,4.0,3,Ahmedabad,Suburb,Independent House,29,0.0,no,semi-furnished,8142935.0
1304.0,1,1.0,1,Bangalore,Premium Township,Apartment,20,3.0,yes,unfurnished,17437743.0
879.0,3,2.0,1,Kochi,Prime Suburb,Independent House,5,0.0,no,furnished,8593918.0
820.0,3,3.0,1,Mumbai,Prime Suburb,Apartment,0,1.0,yes,semi-furnished,25805908.0
1045.0,1,1.0,3,Hyderabad,Prime Suburb,Independent House,54,1.0,no,semi-furnished,9238390.0
3368.0,3,2.0,2,Chennai,City Centre,Villa,41,1.0,no,semi-furnished,62687932.0
1473.0,3,2.0,1,Kolkata,Suburb,Independent House,51,2.0,no,unfurnished,9873932.0
1491.0,3,2.0,1,Hyderabad,Suburb,Apartment,2,3.0,yes,semi-furnished,12011968.0
1536.0,2,2.0,4,Kolkata,Suburb,Independent House,40,0.0,yes,furnished,9151566.0
1355.0,3,2.0,1,Jaipur,Outskirts,Independent House,57,1.0,yes,semi-furnished,3855562.0
634.0,2,1.0,2,Jaipur,Prime Suburb,Row House,55,1.0,yes,unfurnished,3514138.0
3182.0,3,2.0,1,Jaipur,Premium Township,Penthouse,16,2.0,yes,semi-furnished,40151598.0
844.0,2,2.0,3,Jaipur,Near Metro,Independent House,42,3.0,no,unfurnished,6462021.0
2762.0,3,2.0,1,Chennai,Premium Township,Penthouse,30,1.0,yes,unfurnished,46901493.0
3354.0,3,2.0,3,Mumbai,Suburb,Villa,55,2.0,yes,unfurnished,68029829.0
2632.0,3,3.0,2,Delhi,Near Metro,Penthouse,11,1.0,yes,semi-furnished,54627063.0
3273.0,3,3.0,2,Mumbai,Suburb,Villa,60,1.0,yes,semi-furnished,72571250.0
1793.0,3,3.0,1,Bangalore,Near Metro,Apartment,21,1.0,yes,unfurnished,20344495.0
2050.0,3,3.0,1,Bangalore,Suburb,Apartment,53,0.0,yes,furnished,17564337.0
443.0,2,1.0,1,Kochi,Prime Suburb,Apartment,57,0.0,yes,unfurnished,2854744.0
544.0,1,1.0,1,Delhi,Prime Suburb,Studio,23,0.0,yes,unfurnished,9775768.0
965.0,4,2.0,1,Jaipur,Suburb,Apartment,57,0.0,yes,unfurnished,5105698.0
443.0,3,1.0,1,Ahmedabad,Waterfront,Apartment,27,1.0,yes,unfurnished,4760001.0
731.0,3,2.0,1,Lucknow,City Centre,Apartment,60,0.0,no,unfurnished,6918235.0
1134.0,2,1.0,1,Chandigarh,Prime Suburb,Apartment,32,1.0,no,furnished,10133980.0
1600.0,3,3.0,2,Kochi,Near Metro,Villa,53,1.0,yes,semi-furnished,15661386.0
2070.0,3,3.0,2,Delhi,Outskirts,Villa,33,1.0,no,semi-furnished,18040888.0
350.0,2,2.0,2,Delhi,Near Metro,Row House,41,1.0,no,unfurnished,4843960.0
1191.0,2,2.0,1,Kochi,Prime Suburb,Apartment,41,0.0,yes,unfurnished,9327153.0
881.0,4,4.0,1,Jaipur,Gated Community,Apartment,31,1.0,yes,unfurnished,6604570.0
1647.0,3,2.0,2,Kochi,Prime Suburb,Row House,29,2.0,yes,semi-furnished,14824986.0
1686.0,2,1.0,1,Mumbai,Gated Community,Apartment,55,0.0,yes,semi-furnished,39140942.0
1237.0,2,1.0,4,Kolkata,Near Metro,Row House,28,1.0,no,furnished,9474726.0
2474.0,3,2.0,3,Jaipur,Outskirts,Villa,10,1.0,yes,semi-furnished,9881785.0
1538.0,2,2.0,1,Hyderabad,Near Metro,Apartment,5,1.0,yes,furnished,16026832.0
904.0,2,1.0,1,Delhi,Premium Township,Independent House,30,0.0,yes,semi-furnished,18540510.0
1461.0,3,3.0,1,Delhi,Outskirts,Apartment,46,1.0,yes,unfurnished,9287874.0
1672.0,1,1.0,1,Delhi,City Centre,Apartment,20,1.0,yes,semi-furnished,30050650.0
910.0,2,1.0,3,Mumbai,Prime Suburb,Row House,10,1.0,yes,furnished,25431698.0
570.0,1,1.0,1,Bangalore,Outskirts,Studio,35,1.0,yes,semi-furnished,3020514.0
586.0,1,1.0,1,Ahmedabad,Suburb,Studio,30,0.0,no,semi-furnished,3355416.0
1226.0,3,3.0,1,Delhi,Gated Community,Apartment,21,2.0,yes,unfurnished,20302502.0
1292.0,3,3.0,1,Delhi,Waterfront,Apartment,41,1.0,yes,furnished,25128933.0
2164.0,3,2.0,2,Chennai,Premium Township,Villa,0,1.0,yes,semi-furnished,34278387.0
480.0,3,2.0,1,Chandigarh,Suburb,Apartment,2,1.0,yes,furnished,6291840.0
2049.0,3,3.0,1,Kolkata,Prime Suburb,Penthouse,4,3.0,yes,semi-furnished,24300283.0
2205.0,3,3.0,1,Mumbai,Near Metro,Independent House,26,2.0,no,unfurnished,51171288.0
2999.0,3,3.0,2,Lucknow,Suburb,Villa,18,1.0,no,furnished,21344228.0
318.0,1,1.0,1,Hyderabad,City Centre,Studio,51,1.0,no,semi-furnished,4209248.0
1673.0,3,3.0,2,Bangalore,Premium Township,Independent House,2,2.0,no,furnished,22362236.0
1609.0,3,2.0,1,Delhi,Outskirts,Penthouse,55,1.0,yes,furnished,15830670.0
998.0,2,1.0,2,Pune,Near Metro,Apartment,33,0.0,yes,unfurnished,8813794.0
611.0,3,2.0,2,Hyderabad,Prime Suburb,Apartment,51,2.0,yes,unfurnished,5528661.0
3186.0,3,2.0,2,Lucknow,Prime Suburb,Villa,41,1.0,no,unfurnished,25867518.0
894.0,4,3.0,2,Ahmedabad,Suburb,Independent House,41,2.0,yes,furnished,7865926.0
809.0,3,3.0,1,Delhi,Suburb,Independent House,14,2.0,yes,unfurnished,13741135.0
879.0,4,4.0,2,Ahmedabad,Suburb,Row House,44,1.0,yes,unfurnished,5396289.0
1195.0,2,2.0,2,Mumbai,Outskirts,Row House,20,0.0,no,semi-furnished,14123753.0
350.0,3,3.0,1,Chandigarh,Gated Community,Apartment,39,1.0,no,semi-furnished,3488573.0
460.0,1,1.0,1,Kolkata,Waterfront,Studio,36,1.0,yes,semi-furnished,5040550.0
838.0,1,1.0,1,Indore,Outskirts,Apartment,18,2.0,yes,unfurnished,2290722.0
1296.0,2,1.0,1,Delhi,City Centre,Apartment,17,3.0,yes,semi-furnished,25009807.0
1313.0,3,2.0,1,Chennai,Suburb,Independent House,26,3.0,yes,furnished,45700326.0
951.0,3,3.0,1,Jaipur,Gated Community,Independent House,59,0.0,no,furnished,7419594.0
2117.0,3,2.0,1,Bangalore,Prime Suburb,Apartment,32,1.0,yes,unfurnished,22582432.0
824.0,3,3.0,2,Bangalore,Prime Suburb,Independent House,42,2.0,no,semi-furnished,10296211.0
1787.0,4,4.0,3,Delhi,Gated Community,Independent House,19,2.0,yes,unfurnished,33446802.0
352.0,1,1.0,1,Bangalore,Waterfront,Studio,33,0.0,yes,unfurnished,5528659.0
1531.0,2,2.0,2,Indore,Prime Suburb,Apartment,20,1.0,yes,furnished,10011682.0
951.0,1,1.0,1,Hyderabad,Near Metro,Apartment,59,1.0,yes,unfurnished,7576810.0
1839.0,3,2.0,1,Kolkata,Waterfront,Penthouse,20,2.0,yes,semi-furnished,26350380.0
899.0,3,2.0,3,Lucknow,Gated Community,Independent House,16,3.0,yes,semi-furnished,7893852.0
458.0,1,1.0,1,Indore,Gated Community,Studio,25,2.0,yes,unfurnished,3437804.0
1137.0,1,1.0,1,Hyderabad,Prime Suburb,Apartment,41,0.0,no,semi-furnished,9567402.0
1289.0,3,3.0,1,Mumbai,Premium Township,Apartment,16,1.0,yes,semi-furnished,36555163.0
4800.0,3,3.0,2,Mumbai,Gated Community,Villa,6,3.0,yes,unfurnished,108643350.0
1736.0,2,1.0,2,Chennai,Gated Community,Independent House,14,2.0,yes,semi-furnished,16932112.0
512.0,2,2.0,3,Bangalore,City Centre,Independent House,20,3.0,yes,unfurnished,10160149.0
1037.0,3,2.0,1,Pune,City Centre,Apartment,41,0.0,yes,semi-furnished,17917042.0
3314.0,3,2.0,2,Chandigarh,Prime Suburb,Villa,56,1.0,yes,semi-furnished,33706289.0
1070.0,2,2.0,1,Kolkata,Outskirts,Apartment,33,2.0,yes,semi-furnished,3747350.0
1165.0,2,1.0,1,Jaipur,Suburb,Apartment,26,0.0,yes,semi-furnished,6539562.0
3204.0,4,4.0,2,Bangalore,Outskirts,Villa,20,1.0,yes,unfurnished,20281498.0
2898.0,3,2.0,2,Mumbai,Suburb,Villa,1,1.0,yes,semi-furnished,78743306.0
1251.0,2,1.0,2,Hyderabad,Prime Suburb,Independent House,27,0.0,yes,furnished,14450451.0
350.0,4,4.0,3,Ahmedabad,Waterfront,Independent House,29,0.0,no,semi-furnished,4851353.0
1310.0,1,1.0,1,Pune,Waterfront,Apartment,34,0.0,no,unfurnished,15969335.0
1360.0,3,3.0,2,Bangalore,Near Metro,Apartment,1,0.0,yes,furnished,16339562.0
1136.0,3,2.0,2,Pune,Prime Suburb,Apartment,56,2.0,yes,furnished,13311267.0
1059.0,2,2.0,1,Hyderabad,City Centre,Apartment,41,2.0,yes,furnished,16440541.0
1609.0,3,3.0,1,Kolkata,Suburb,Independent House,26,1.0,yes,unfurnished,11198104.0
807.0,3,3.0,2,Kolkata,Premium Township,Row House,55,2.0,no,unfurnished,7712672.0
493.0,3,3.0,1,Hyderabad,Outskirts,Apartment,4,1.0,no,furnished,4182564.0
964.0,3,1.0,3,Pune,Outskirts,Independent House,37,0.0,yes,furnished,5994761.0
1600.0,3,3.0,3,Kochi,Prime Suburb,Villa,53,1.0,no,unfurnished,18822708.0
1439.0,2,2.0,1,Chennai,Prime Suburb,Apartment,56,1.0,yes,unfurnished,14239223.0
349.0,1,1.0,1,Chennai,Suburb,Studio,2,1.0,yes,unfurnished,3839637.0
1368.0,2,1.0,1,Chennai,Suburb,Apartment,53,2.0,yes,unfurnished,8483673.0
1210.0,5,4.0,2,Delhi,Prime Suburb,Row House,28,2.0,no,semi-furnished,20104958.0
660.0,3,2.0,2,Jaipur,Premium Township,Row House,10,2.0,yes,semi-furnished,7051712.0
1584.0,3,3.0,1,Delhi,City Centre,Apartment,4,1.0,yes,semi-furnished,39923039.0
766.0,1,1.0,2,Hyderabad,Suburb,Apartment,17,3.0,no,unfurnished,6289674.0
1177.0,5,4.0,1,Delhi,Premium Township,Apartment,57,2.0,yes,unfurnished,19952668.0
1055.0,2,1.0,2,Pune,Suburb,Independent House,44,3.0,yes,furnished,11042081.0
2253.0,3,2.0,1,Mumbai,Suburb,Penthouse,2,1.0,yes,semi-furnished,67497148.0
1196.0,2,1.0,1,Chandigarh,Near Metro,Apartment,23,2.0,no,unfurnished,9585897.0
1214.0,3,2.0,1,Hyderabad,Prime Suburb,Apartment,38,0.0,no,furnished,13221742.0
2309.0,4,4.0,1,Mumbai,Prime Suburb,Penthouse,10,1.0,yes,semi-furnished,79575737.0
559.0,2,2.0,1,Kolkata,Outskirts,Apartment,42,3.0,yes,unfurnished,2126584.0
2067.0,3,3.0,2,Chennai,Prime Suburb,Apartment,51,1.0,yes,semi-furnished,21634872.0
1466.0,3,1.0,2,Delhi,Gated Community,Apartment,20,0.0,no,furnished,23523333.0
2784.0,4,4.0,2,Mumbai,Near Metro,Villa,35,1.0,yes,unfurnished,72495493.0
1065.0,2,1.0,1,Hyderabad,Suburb,Apartment,43,0.0,yes,unfurnished,6730693.0
1901.0,3,1.0,2,Lucknow,Outskirts,Penthouse,45,1.0,yes,furnished,7265124.0
646.0,3,3.0,1,Ahmedabad,Suburb,Apartment,50,1.0,yes,semi-furnished,4168846.0
437.0,1,1.0,1,Chennai,Suburb,Studio,25,1.0,no,semi-furnished,3782512.0
1943.0,3,2.0,2,Bangalore,Near Metro,Villa,29,3.0,yes,unfurnished,28657394.0
903.0,3,3.0,2,Hyderabad,Suburb,Row House,55,0.0,no,unfurnished,8333692.0
1122.0,1,1.0,1,Kolkata,Suburb,Apartment,42,2.0,yes,semi-furnished,7117123.0
1996.0,3,3.0,2,Mumbai,Near Metro,Villa,40,2.0,no,unfurnished,64656370.0
1825.0,2,2.0,3,Kochi,Suburb,Independent House,3,1.0,yes,furnished,15456370.0
1188.0,3,2.0,2,Kolkata,Prime Suburb,Row House,35,1.0,yes,semi-furnished,9045922.0
2186.0,1,1.0,1,Jaipur,Outskirts,Apartment,25,1.0,yes,semi-furnished,6420288.0
1769.0,2,2.0,2,Delhi,Outskirts,Apartment,29,1.0,yes,unfurnished,10710701.0
847.0,3,3.0,1,Mumbai,Outskirts,Apartment,42,0.0,no,furnished,10686522.0
350.0,2,2.0,1,Bangalore,Near Metro,Apartment,29,1.0,yes,semi-furnished,4609695.0
1536.0,3,2.0,2,Delhi,Waterfront,Apartment,49,1.0,no,semi-furnished,28758677.0
1138.0,3,1.0,1,Kolkata,Outskirts,Apartment,21,1.0,yes,semi-furnished,4320430.0
417.0,1,1.0,1,Chennai,Prime Suburb,Studio,15,3.0,yes,semi-furnished,5714028.0
1299.0,4,4.0,1,Delhi,Gated Community,Apartment,1,1.0,yes,furnished,23143931.0
1100.0,2,1.0,1,Mumbai,Near Metro,Apartment,13,1.0,yes,semi-furnished,23871719.0
476.0,1,1.0,1,Ahmedabad,Suburb,Studio,32,0.0,yes,unfurnished,2383696.0
1867.0,3,3.0,1,Bangalore,Suburb,Apartment,22,2.0,yes,unfurnished,16546932.0
1282.0,2,2.0,4,Ahmedabad,Outskirts,Independent House,11,1.0,no,furnished,5480066.0
346.0,1,1.0,1,Pune,Suburb,Studio,59,1.0,yes,unfurnished,2002447.0
613.0,1,1.0,2,Chandigarh,Waterfront,Apartment,26,2.0,yes,unfurnished,6453090.0
1284.0,2,1.0,2,Mumbai,Waterfront,Apartment,48,3.0,yes,unfurnished,39317221.0
1237.0,2,2.0,1,Delhi,Suburb,Apartment,13,1.0,no,furnished,21811215.0
870.0,4,2.0,1,Kolkata,Outskirts,Independent House,59,0.0,yes,unfurnished,3342538.0
1208.0,5,4.0,2,Lucknow,City Centre,Row House,57,0.0,no,semi-furnished,11328059.0
3133.0,3,2.0,3,Ahmedabad,City Centre,Villa,53,1.0,no,unfurnished,43721724.0
584.0,1,1.0,1,Mumbai,Suburb,Studio,8,1.0,yes,semi-furnished,16286856.0
476.0,1,1.0,1,Pune,Suburb,Studio,46,3.0,yes,semi-furnished,4823017.0
982.0,3,2.0,1,Delhi,Premium Township,Apartment,59,2.0,yes,furnished,14606114.0
517.0,1,1.0,1,Ahmedabad,Outskirts,Studio,16,1.0,yes,unfurnished,2405973.0
1106.0,2,1.0,1,Indore,Premium Township,Apartment,35,3.0,yes,unfurnished,9278143.0
900.0,2,1.0,1,Chennai,City Centre,Apartment,35,1.0,yes,unfurnished,11902776.0
1028.0,3,2.0,2,Chandigarh,Outskirts,Independent House,28,1.0,yes,semi-furnished,5173182.0
1543.0,3,3.0,3,Mumbai,City Centre,Independent House,53,1.0,yes,unfurnished,48868096.0
726.0,4,4.0,1,Delhi,Prime Suburb,Apartment,30,0.0,yes,unfurnished,13260181.0
1363.0,1,1.0,2,Delhi,City Centre,Apartment,8,1.0,no,unfurnished,28958703.0
666.0,2,2.0,2,Chennai,Gated Community,Independent House,13,2.0,yes,unfurnished,7799383.0
893.0,3,3.0,1,Pune,Prime Suburb,Apartment,8,2.0,no,furnished,10281636.0
1710.0,5,4.0,1,Mumbai,City Centre,Apartment,34,3.0,no,semi-furnished,62122152.0
1808.0,3,3.0,2,Ahmedabad,Suburb,Penthouse,47,1.0,no,semi-furnished,63829543.0
1427.0,4,3.0,1,Jaipur,Suburb,Apartment,14,2.0,yes,unfurnished,8476416.0
1016.0,2,1.0,4,Delhi,Suburb,Row House,21,1.0,yes,furnished,15221676.0
1564.0,4,4.0,1,Mumbai,Prime Suburb,Independent House,1,0.0,yes,semi-furnished,43001509.0
2066.0,3,3.0,2,Bangalore,City Centre,Row House,28,1.0,yes,furnished,33192010.0
651.0,1,1.0,1,Pune,City Centre,Apartment,22,1.0,yes,semi-furnished,9937467.0
2552.0,3,3.0,2,Mumbai,Gated Community,Villa,53,2.0,yes,semi-furnished,88500306.0
1072.0,1,1.0,1,Chandigarh,Near Metro,Apartment,0,2.0,yes,semi-furnished,9008404.0
412.0,1,1.0,1,Delhi,Near Metro,Studio,29,1.0,yes,unfurnished,5925317.0
350.0,3,2.0,2,Lucknow,Prime Suburb,Row House,24,3.0,yes,semi-furnished,3692322.0
3499.0,3,2.0,2,Hyderabad,Near Metro,Villa,53,2.0,yes,semi-furnished,36235703.0
417.0,1,1.0,1,Indore,City Centre,Studio,17,1.0,no,semi-furnished,4074420.0
500.0,3,2.0,2,Delhi,Waterfront,Independent House,30,2.0,yes,furnished,11360564.0
1493.0,1,2.0,2,Pune,Waterfront,Independent House,21,2.0,yes,furnished,26481355.0
1647.0,2,2.0,1,Chennai,Premium Township,Apartment,45,2.0,yes,semi-furnished,15454646.0
1241.0,2,1.0,1,Delhi,Suburb,Apartment,1,0.0,yes,semi-furnished,15342487.0
2841.0,3,1.0,2,Bangalore,City Centre,Penthouse,58,1.0,no,furnished,108643350.0
1295.0,3,2.0,1,Kolkata,City Centre,Independent House,19,0.0,yes,semi-furnished,13146280.0
1011.0,1,1.0,1,Hyderabad,Prime Suburb,Independent House,33,2.0,yes,semi-furnished,11102194.0
322.0,1,1.0,1,Kochi,City Centre,Studio,44,2.0,yes,semi-furnished,3743162.0
1142.0,1,1.0,2,Jaipur,Gated Community,Row House,9,2.0,no,furnished,8232776.0
1436.0,2,1.0,1,Delhi,Suburb,Apartment,26,0.0,yes,semi-furnished,17880344.0
1237.0,4,3.0,2,Mumbai,Outskirts,Villa,30,2.0,yes,semi-furnished,38322122.0
558.0,5,4.0,2,Bangalore,Prime Suburb,Independent House,35,2.0,yes,unfurnished,9411199.0
778.0,3,2.0,1,Kochi,Near Metro,Apartment,24,1.0,yes,furnished,7171023.0
1013.0,2,1.0,1,Bangalore,Suburb,Apartment,48,1.0,yes,semi-furnished,9068786.0
2026.0,2,1.0,1,Chennai,Outskirts,Independent House,33,0.0,yes,unfurnished,9775818.0
851.0,3,3.0,1,Chandigarh,Suburb,Independent House,31,1.0,yes,furnished,7159924.0
1354.0,3,1.0,1,Jaipur,Suburb,Apartment,54,1.0,no,semi-furnished,7161693.0
746.0,3,2.0,1,Indore,City Centre,Independent House,57,1.0,no,semi-furnished,6749256.0
1700.0,3,3.0,2,Kolkata,City Centre,Row House,3,1.0,yes,semi-furnished,20889981.0
1191.0,1,1.0,1,Bangalore,Suburb,Apartment,52,2.0,yes,furnished,10138888.0
1120.0,1,1.0,1,Kochi,Prime Suburb,Apartment,3,1.0,yes,unfurnished,10030501.0
826.0,2,2.0,2,Kolkata,Suburb,Independent House,1,2.0,yes,semi-furnished,7401061.0
1240.0,2,1.0,2,Mumbai,Premium Township,Row House,51,0.0,yes,unfurnished,35567590.0
485.0,2,2.0,2,Mumbai,City Centre,Row House,40,1.0,no,semi-furnished,17280724.0
907.0,3,3.0,2,Chandigarh,Gated Community,Row House,16,2.0,yes,unfurnished,10525692.0
1943.0,2,2.0,1,Kolkata,Premium Township,Independent House,24,2.0,yes,unfurnished,20716121.0
677.0,3,1.0,1,Delhi,Prime Suburb,Independent House,11,1.0,yes,unfurnished,11971029.0
580.0,1,1.0,2,Delhi,Suburb,Independent House,21,0.0,yes,semi-furnished,9147030.0
1340.0,2,1.0,1,Bangalore,Suburb,Apartment,45,2.0,yes,semi-furnished,12325792.0
1091.0,1,1.0,1,Mumbai,Premium Township,Apartment,48,1.0,no,unfurnished,27459574.0
505.0,1,1.0,1,Ahmedabad,City Centre,Studio,52,2.0,yes,unfurnished,5788740.0
886.0,1,1.0,1,Kochi,City Centre,Apartment,45,0.0,yes,semi-furnished,9675047.0
2478.0,3,3.0,2,Chandigarh,Suburb,Villa,16,1.0,yes,furnished,22742556.0
1403.0,2,1.0,2,Ahmedabad,Suburb,Row House,10,1.0,yes,semi-furnished,9738706.0
754.0,4,3.0,1,Indore,Outskirts,Apartment,8,1.0,yes,semi-furnished,3915796.0
1498.0,3,3.0,1,Chennai,Waterfront,Independent House,52,1.0,yes,semi-furnished,21247424.0
1237.0,4,3.0,2,Mumbai,Waterfront,Penthouse,0,1.0,yes,unfurnished,71850233.0
2051.0,2,2.0,2,Indore,Premium Township,Apartment,18,1.0,no,semi-furnished,12215473.0
1218.0,3,1.0,1,Bangalore,Gated Community,Apartment,33,1.0,yes,unfurnished,14287633.0
1078.0,3,2.0,2,Delhi,Outskirts,Apartment,0,1.0,yes,semi-furnished,10770678.0
4045.0,3,3.0,3,Mumbai,Premium Township,Villa,31,2.0,yes,semi-furnished,108643350.0
1356.0,1,1.0,2,Lucknow,Gated Community,Row House,9,1.0,no,semi-furnished,10654502.0
1010.0,2,1.0,2,Lucknow,Suburb,Row House,10,1.0,yes,furnished,6629071.0
602.0,2,1.0,3,Chandigarh,Suburb,Independent House,28,0.0,no,furnished,3996973.0
596.0,1,1.0,1,Delhi,Outskirts,Studio,32,2.0,yes,semi-furnished,3968164.0
350.0,2,2.0,2,Delhi,Suburb,Row House,37,2.0,yes,unfurnished,5454791.0
1698.0,5,4.0,1,Kolkata,Waterfront,Apartment,7,0.0,yes,unfurnished,17337059.0
1022.0,3,3.0,1,Bangalore,City Centre,Apartment,41,3.0,yes,unfurnished,16774747.0
1336.0,1,1.0,1,Chandigarh,Near Metro,Apartment,59,1.0,no,furnished,8933626.0
1368.0,4,4.0,3,Kolkata,Gated Community,Independent House,31,0.0,no,semi-furnished,11776923.0
1671.0,5,4.0,2,Ahmedabad,City Centre,Villa,41,1.0,no,semi-furnished,21853183.0
1031.0,3,2.0,1,Pune,Near Metro,Apartment,10,0.0,yes,unfurnished,10951709.0
470.0,1,1.0,1,Indore,Prime Suburb,Studio,27,1.0,yes,unfurnished,2925276.0
3075.0,3,3.0,2,Delhi,Premium Township,Villa,23,1.0,no,semi-furnished,75157306.0
350.0,1,1.0,1,Chennai,Outskirts,Apartment,5,1.0,yes,semi-furnished,2452503.0
1177.0,3,2.0,1,Mumbai,Premium Township,Apartment,20,0.0,yes,semi-furnished,35143349.0
350.0,2,1.0,1,Jaipur,City Centre,Apartment,60,3.0,no,furnished,2995389.0
374.0,1,1.0,1,Hyderabad,Outskirts,Studio,26,1.0,yes,semi-furnished,2058528.0
1326.0,4,4.0,2,Delhi,Prime Suburb,Independent House,17,2.0,yes,semi-furnished,23094889.0
312.0,1,1.0,1,Lucknow,Near Metro,Studio,40,2.0,yes,unfurnished,1947948.0
1471.0,3,2.0,2,Bangalore,Prime Suburb,Apartment,23,1.0,yes,semi-furnished,19973835.0
556.0,1,1.0,1,Kochi,Premium Township,Apartment,39,1.0,no,unfurnished,5497639.0
1009.0,4,4.0,2,Chennai,Near Metro,Independent House,21,1.0,yes,semi-furnished,10988046.0
532.0,1,1.0,1,Mumbai,Premium Township,Studio,28,1.0,yes,furnished,18234590.0
350.0,2,2.0,2,Kolkata,Waterfront,Row House,7,1.0,yes,unfurnished,4218007.0
1544.0,3,2.0,2,Pune,City Centre,Penthouse,33,2.0,no,semi-furnished,37171012.0
1337.0,2,1.0,2,Delhi,Outskirts,Apartment,32,2.0,no,unfurnished,9184674.0
1669.0,2,1.0,2,Mumbai,Prime Suburb,Row House,54,1.0,yes,unfurnished,38121899.0
910.0,4,4.0,2,Ahmedabad,Prime Suburb,Row House,45,3.0,yes,semi-furnished,7647720.0
697.0,2,2.0,1,Delhi,Premium Township,Apartment,8,3.0,no,unfurnished,14916121.0
2474.0,4,4.0,2,Mumbai,City Centre,Penthouse,20,1.0,yes,semi-furnished,108643350.0
1554.0,1,1.0,2,Bangalore,Near Metro,Apartment,0,1.0,yes,furnished,17013076.0
350.0,3,2.0,2,Hyderabad,Gated Community,Apartment,9,1.0,yes,semi-furnished,5198870.0
1432.0,2,2.0,1,Kolkata,Premium Township,Apartment,12,0.0,yes,semi-furnished,12669188.0
1126.0,2,2.0,1,Pune,Premium Township,Independent House,2,1.0,yes,semi-furnished,17491245.0
705.0,2,2.0,2,Ahmedabad,Gated Community,Apartment,6,1.0,no,semi-furnished,5525240.0
1828.0,3,1.0,1,Hyderabad,Prime Suburb,Apartment,42,1.0,yes,furnished,16762922.0
525.0,3,2.0,1,Jaipur,Outskirts,Apartment,33,1.0,yes,unfurnished,2383792.0
638.0,1,1.0,1,Mumbai,Waterfront,Studio,10,1.0,yes,furnished,25405243.0
1061.0,4,2.0,1,Hyderabad,Suburb,Apartment,2,3.0,no,semi-furnished,9219021.0
516.0,1,1.0,1,Mumbai,Prime Suburb,Studio,35,1.0,yes,unfurnished,10508857.0
1367.0,2,1.0,2,Kochi,Suburb,Row House,31,1.0,yes,semi-furnished,8841182.0
1447.0,2,2.0,1,Chennai,Premium Township,Apartment,39,0.0,yes,semi-furnished,15948914.0
1529.0,5,3.0,4,Kolkata,Outskirts,Row House,34,2.0,yes,unfurnished,6934865.0
450.0,1,1.0,1,Chennai,Prime Suburb,Studio,23,0.0,yes,unfurnished,4590438.0
844.0,3,3.0,1,Lucknow,Outskirts,Apartment,60,1.0,yes,semi-furnished,2678478.0
2275.0,4,2.0,1,Kochi,Prime Suburb,Apartment,42,2.0,yes,furnished,18800003.0
2003.0,5,4.0,1,Mumbai,Suburb,Apartment,23,2.0,no,unfurnished,47202798.0
2414.0,3,3.0,2,Jaipur,Suburb,Penthouse,49,1.0,yes,unfurnished,19019555.0
1274.0,2,2.0,3,Kochi,Suburb,Independent House,32,3.0,no,semi-furnished,8519003.0
2351.0,3,1.0,2,Kolkata,Prime Suburb,Penthouse,14,2.0,no,semi-furnished,27200967.0
2786.0,3,3.0,2,Hyderabad,Outskirts,Villa,24,1.0,yes,unfurnished,15388647.0
1500.0,2,2.0,1,Delhi,Suburb,Apartment,29,0.0,yes,semi-furnished,19742381.0
1237.0,3,1.0,1,Ahmedabad,Suburb,Apartment,9,1.0,yes,semi-furnished,9223386.0
1688.0,3,2.0,1,Bangalore,Prime Suburb,Independent House,39,1.0,yes,furnished,21046792.0
689.0,2,1.0,2,Bangalore,Outskirts,Apartment,59,3.0,yes,semi-furnished,3199786.0
1835.0,3,2.0,2,Jaipur,Premium Township,Villa,58,1.0,yes,unfurnished,17531341.0
1792.0,1,1.0,1,Jaipur,Outskirts,Independent House,38,1.0,no,semi-furnished,6053063.0
1130.0,4,3.0,2,Delhi,Prime Suburb,Apartment,23,2.0,no,semi-furnished,16546278.0
400.0,1,1.0,1,Bangalore,Outskirts,Studio,23,3.0,no,semi-furnished,2458088.0
1883.0,1,1.0,1,Hyderabad,Prime Suburb,Apartment,34,0.0,yes,semi-furnished,17875273.0
1854.0,5,4.0,1,Chennai,Suburb,Penthouse,27,1.0,yes,semi-furnished,21523930.0
1378.0,3,3.0,3,Mumbai,Outskirts,Independent House,14,0.0,yes,furnished,18096693.0
765.0,3,2.0,3,Kochi,City Centre,Independent House,56,2.0,yes,furnished,10794757.0
1396.0,2,1.0,3,Delhi,Prime Suburb,Row House,18,1.0,yes,furnished,23102432.0
886.0,3,2.0,1,Hyderabad,Outskirts,Apartment,33,2.0,yes,semi-furnished,4742089.0
824.0,2,1.0,1,Chennai,Premium Township,Independent House,14,2.0,yes,unfurnished,9754376.0
2047.0,3,2.0,3,Pune,Suburb,Independent House,32,1.0,yes,semi-furnished,22558556.0
839.0,1,1.0,1,Hyderabad,Outskirts,Apartment,52,0.0,yes,furnished,3698467.0
418.0,1,1.0,1,Lucknow,Near Metro,Studio,22,3.0,no,semi-furnished,3150220.0
2101.0,4,4.0,4,Kochi,Suburb,Independent House,45,1.0,no,furnished,14621830.0
2047.0,1,1.0,2,Bangalore,Near Metro,Row House,10,0.0,yes,unfurnished,22728691.0
669.0,4,4.0,1,Kochi,Prime Suburb,Apartment,27,2.0,yes,unfurnished,6267923.0
1638.0,4,3.0,4,Delhi,Suburb,Row House,22,2.0,yes,unfurnished,20274305.0
1105.0,4,3.0,1,Chandigarh,Near Metro,Apartment,35,0.0,yes,semi-furnished,9136119.0
1237.0,3,3.0,3,Delhi,Near Metro,Row House,7,1.0,no,furnished,21764691.0
1906.0,3,2.0,4,Pune,Waterfront,Villa,50,1.0,yes,semi-furnished,35943313.0
1375.0,5,4.0,1,Chennai,Prime Suburb,Apartment,26,1.0,no,unfurnished,13486196.0
3850.0,3,1.0,2,Chandigarh,Suburb,Villa,23,1.0,yes,furnished,33852099.0
1441.0,3,3.0,1,Delhi,Waterfront,Apartment,19,2.0,yes,furnished,29972117.0
1003.0,3,3.0,3,Pune,Near Metro,Row House,14,0.0,yes,furnished,13743677.0
1110.0,2,2.0,1,Pune,Waterfront,Independent House,53,2.0,yes,unfurnished,17642743.0
872.0,3,3.0,1,Bangalore,Prime Suburb,Apartment,21,3.0,yes,unfurnished,10212283.0
1668.0,3,3.0,1,Pune,Suburb,Apartment,40,0.0,no,semi-furnished,14081327.0
989.0,1,1.0,2,Jaipur,Premium Township,Apartment,51,2.0,no,unfurnished,7267672.0
874.0,2,1.0,3,Pune,Outskirts,Row House,48,2.0,yes,furnished,4536862.0
1965.0,1,1.0,2,Hyderabad,Suburb,Apartment,18,0.0,yes,furnished,17692067.0
1335.0,3,3.0,2,Hyderabad,Suburb,Apartment,58,0.0,yes,unfurnished,9552331.0
893.0,2,2.0,1,Kolkata,Prime Suburb,Apartment,49,1.0,yes,unfurnished,6038285.0
443.0,1,1.0,1,Delhi,Gated Community,Studio,28,1.0,no,furnished,8162853.0
869.0,4,3.0,2,Chandigarh,Suburb,Row House,25,0.0,yes,semi-furnished,7074299.0
1553.0,5,4.0,2,Ahmedabad,Prime Suburb,Apartment,4,1.0,yes,semi-furnished,13934210.0
457.0,1,1.0,1,Mumbai,Near Metro,Studio,25,1.0,yes,furnished,11623304.0
1446.0,3,2.0,2,Ahmedabad,Waterfront,Apartment,41,2.0,yes,unfurnished,15375389.0
1730.0,3,3.0,2,Mumbai,City Centre,Villa,44,1.0,yes,semi-furnished,89166665.0
1478.0,2,2.0,1,Bangalore,Gated Community,Apartment,42,2.0,yes,semi-furnished,18316597.0
3382.0,3,3.0,2,Pune,City Centre,Villa,15,3.0,yes,unfurnished,75654097.0
1251.0,1,1.0,1,Delhi,Waterfront,Independent House,50,2.0,no,semi-furnished,27544100.0
1600.0,3,3.0,2,Jaipur,Gated Community,Villa,39,1.0,yes,semi-furnished,14200480.0
927.0,3,1.0,2,Kolkata,Gated Community,Apartment,7,1.0,yes,semi-furnished,7498904.0
2258.0,2,2.0,2,Bangalore,Near Metro,Row House,20,0.0,yes,semi-furnished,24546995.0
1736.0,3,1.0,2,Ahmedabad,Near Metro,Villa,29,3.0,yes,furnished,14782854.0
1334.0,2,1.0,1,Bangalore,Suburb,Apartment,60,3.0,yes,semi-furnished,11397140.0
1252.0,1,1.0,2,Pune,Outskirts,Row House,0,1.0,yes,semi-furnished,7825087.0
651.0,2,2.0,2,Chennai,Suburb,Independent House,35,0.0,yes,furnished,6632224.0
1263.0,5,4.0,1,Bangalore,Outskirts,Apartment,7,0.0,yes,furnished,8460299.0
994.0,3,3.0,4,Mumbai,Outskirts,Row House,38,1.0,no,semi-furnished,13011676.0
1522.0,2,2.0,2,Bangalore,Gated Community,Row House,36,2.0,no,semi-furnished,18779337.0
1160.0,1,1.0,1,Delhi,Near Metro,Apartment,33,2.0,no,furnished,13524590.0
1310.0,3,2.0,1,Mumbai,Outskirts,Apartment,20,1.0,yes,semi-furnished,14387023.0
1637.0,2,2.0,2,Kochi,Gated Community,Apartment,60,2.0,yes,furnished,13777636.0
732.0,5,4.0,1,Ahmedabad,Outskirts,Apartment,45,1.0,yes,unfurnished,3057155.0
717.0,4,3.0,1,Jaipur,Outskirts,Apartment,41,1.0,yes,semi-furnished,2775106.0
1637.0,2,1.0,2,Kochi,Suburb,Apartment,51,1.0,yes,semi-furnished,10236537.0
3964.0,3,1.0,2,Kochi,Prime Suburb,Villa,39,2.0,yes,semi-furnished,41236214.0
955.0,2,1.0,1,Chennai,Gated Community,Apartment,44,0.0,yes,semi-furnished,9296614.0
846.0,1,1.0,1,Mumbai,Suburb,Apartment,1,2.0,yes,semi-furnished,21125303.0
1305.0,1,1.0,1,Bangalore,Outskirts,Apartment,17,0.0,no,semi-furnished,7421930.0
1960.0,3,3.0,2,Chandigarh,Outskirts,Villa,45,2.0,yes,semi-furnished,9572716.0
811.0,3,2.0,1,Bangalore,Suburb,Apartment,50,1.0,no,unfurnished,7010066.0
1812.0,3,3.0,2,Bangalore,Gated Community,Row House,8,2.0,yes,semi-furnished,22351395.0
781.0,1,1.0,3,Mumbai,Suburb,Independent House,1,1.0,yes,semi-furnished,19758490.0
1164.0,1,1.0,2,Jaipur,Gated Community,Independent House,15,0.0,yes,semi-furnished,8116660.0
2566.0,3,3.0,2,Ahmedabad,Premium Township,Villa,37,2.0,no,unfurnished,24395035.0
492.0,1,1.0,1,Hyderabad,Outskirts,Studio,45,2.0,yes,semi-furnished,2116226.0
943.0,3,1.0,2,Indore,Near Metro,Apartment,7,1.0,yes,unfurnished,5796367.0
645.0,3,3.0,1,Indore,Gated Community,Apartment,27,1.0,yes,unfurnished,4522447.0
850.0,1,1.0,3,Hyderabad,Near Metro,Row House,28,0.0,yes,unfurnished,8613420.0
1297.0,2,2.0,1,Jaipur,Prime Suburb,Apartment,31,0.0,no,semi-furnished,8415868.0
406.0,1,1.0,1,Kolkata,Suburb,Studio,56,1.0,yes,semi-furnished,2113111.0
463.0,3,2.0,1,Ahmedabad,Premium Township,Independent House,29,1.0,yes,furnished,5797236.0
1393.0,2,1.0,1,Bangalore,Outskirts,Independent House,16,2.0,no,unfurnished,7133266.0
2885.0,4,3.0,2,Jaipur,Premium Township,Penthouse,42,1.0,yes,semi-furnished,38910980.0
911.0,2,1.0,1,Chandigarh,Suburb,Apartment,31,0.0,yes,furnished,5680859.0
1209.0,3,3.0,1,Hyderabad,Near Metro,Apartment,1,0.0,yes,furnished,12312824.0
1237.0,2,2.0,2,Pune,Suburb,Row House,32,2.0,no,furnished,10808230.0
1133.0,2,1.0,2,Mumbai,Waterfront,Row House,30,2.0,yes,unfurnished,28799154.0
986.0,2,2.0,1,Delhi,City Centre,Apartment,37,0.0,no,furnished,20267838.0
675.0,2,2.0,2,Pune,Near Metro,Independent House,21,1.0,no,semi-furnished,7166909.0
1103.0,3,2.0,2,Chandigarh,Gated Community,Row House,1,1.0,yes,unfurnished,9586976.0
582.0,2,2.0,1,Kolkata,City Centre,Apartment,26,2.0,yes,semi-furnished,6933811.0
1777.0,1,1.0,2,Delhi,Suburb,Independent House,57,1.0,yes,furnished,23419768.0
1455.0,2,2.0,1,Delhi,Suburb,Apartment,36,2.0,yes,semi-furnished,15523107.0
767.0,4,4.0,1,Ahmedabad,Outskirts,Apartment,23,0.0,no,unfurnished,3472115.0
1383.0,1,1.0,1,Delhi,Prime Suburb,Apartment,38,1.0,yes,unfurnished,18615970.0
3188.0,3,2.0,2,Delhi,Suburb,Villa,54,1.0,yes,unfurnished,46828284.0
1562.0,4,4.0,2,Pune,Near Metro,Row House,30,2.0,no,unfurnished,14701702.0
502.0,1,1.0,1,Hyderabad,City Centre,Studio,31,0.0,yes,furnished,7990690.0
984.0,2,2.0,1,Delhi,Gated Community,Apartment,56,2.0,yes,semi-furnished,13408262.0
3565.0,3,1.0,2,Pune,Suburb,Villa,50,2.0,yes,semi-furnished,43996496.0
3688.0,3,1.0,1,Indore,Near Metro,Penthouse,56,0.0,yes,unfurnished,24484564.0
1291.0,2,1.0,3,Hyderabad,Prime Suburb,Row House,47,0.0,no,semi-furnished,12129289.0
2718.0,3,1.0,1,Kochi,Suburb,Penthouse,5,1.0,no,semi-furnished,29319989.0
2431.0,3,2.0,3,Kolkata,Prime Suburb,Villa,5,1.0,yes,unfurnished,21030165.0
789.0,4,4.0,1,Delhi,Premium Township,Apartment,55,0.0,yes,semi-furnished,12306100.0
2846.0,3,2.0,2,Chandigarh,Gated Community,Villa,48,1.0,yes,semi-furnished,32191090.0
1570.0,3,3.0,1,Mumbai,Outskirts,Apartment,46,2.0,yes,semi-furnished,17862531.0
1117.0,3,3.0,2,Ahmedabad,City Centre,Row House,28,1.0,yes,unfurnished,12763401.0
641.0,1,1.0,1,Chennai,Gated Community,Studio,29,3.0,no,furnished,6179659.0
2534.0,3,3.0,2,Mumbai,Outskirts,Penthouse,57,0.0,yes,furnished,38183649.0
1100.0,2,2.0,1,Delhi,Premium Township,Apartment,45,2.0,no,unfurnished,14068141.0
3780.0,3,1.0,2,Jaipur,Suburb,Villa,21,1.0,yes,furnished,28581125.0
1329.0,3,3.0,1,Jaipur,Near Metro,Independent House,20,2.0,yes,semi-furnished,9455095.0
1136.0,4,3.0,1,Mumbai,Outskirts,Apartment,16,1.0,yes,semi-furnished,15565968.0
1075.0,1,1.0,3,Lucknow,Gated Community,Row House,26,0.0,yes,unfurnished,7844209.0
350.0,2,1.0,2,Chandigarh,Premium Township,Independent House,41,1.0,yes,semi-furnished,4009983.0
801.0,5,4.0,2,Kolkata,Suburb,Independent House,6,1.0,yes,furnished,7349490.0
1466.0,1,1.0,1,Hyderabad,Suburb,Apartment,6,1.0,yes,unfurnished,12293329.0
761.0,2,2.0,2,Chennai,Suburb,Apartment,8,3.0,no,unfurnished,7349893.0
350.0,4,2.0,2,Mumbai,Suburb,Independent House,0,1.0,yes,semi-furnished,12425510.0
1237.0,1,1.0,3,Bangalore,Suburb,Independent House,33,0.0,no,semi-furnished,22509781.0
3291.0,3,3.0,2,Jaipur,Gated Community,Villa,15,2.0,yes,semi-furnished,28591856.0
3576.0,3,2.0,2,Indore,Prime Suburb,Villa,40,1.0,no,semi-furnished,24380765.0
1076.0,2,2.0,2,Hyderabad,Near Metro,Independent House,43,1.0,yes,unfurnished,9549835.0
1725.0,4,3.0,1,Bangalore,Prime Suburb,Apartment,17,3.0,no,furnished,19194899.0
528.0,2,1.0,3,Ahmedabad,Near Metro,Row House,16,2.0,yes,unfurnished,4049678.0
583.0,1,1.0,1,Kochi,Prime Suburb,Studio,58,1.0,yes,furnished,4596330.0
1237.0,3,2.0,3,Delhi,Suburb,Villa,57,3.0,yes,semi-furnished,44270616.0
858.0,3,2.0,2,Bangalore,Suburb,Apartment,44,1.0,yes,semi-furnished,7373579.0
1623.0,3,3.0,2,Indore,Suburb,Row House,42,0.0,yes,furnished,9291468.0
1467.0,2,2.0,1,Jaipur,Suburb,Apartment,22,1.0,yes,semi-furnished,7755677.0
1268.0,3,3.0,1,Hyderabad,City Centre,Apartment,60,0.0,yes,unfurnished,16949807.0
1425.0,2,1.0,1,Bangalore,Prime Suburb,Apartment,18,0.0,no,semi-furnished,15700353.0
1500.0,3,1.0,1,Mumbai,Suburb,Penthouse,14,0.0,yes,furnished,47598894.0
663.0,2,1.0,2,Lucknow,Suburb,Row House,47,3.0,no,unfurnished,3670233.0
1649.0,2,2.0,1,Chandigarh,Gated Community,Apartment,38,2.0,no,semi-furnished,16341028.0
1593.0,2,1.0,1,Chandigarh,Premium Township,Independent House,41,0.0,yes,furnished,20024409.0
575.0,1,1.0,1,Chennai,Outskirts,Studio,7,1.0,no,semi-furnished,3053778.0
389.0,3,3.0,1,Mumbai,Gated Community,Apartment,37,1.0,yes,unfurnished,9532318.0
350.0,4,4.0,2,Delhi,Gated Community,Row House,7,1.0,yes,unfurnished,8917311.0
1694.0,2,2.0,2,Chandigarh,Premium Township,Apartment,5,1.0,yes,furnished,19371873.0
1266.0,2,1.0,2,Bangalore,Premium Township,Row House,30,1.0,yes,unfurnished,16083609.0
2416.0,4,3.0,1,Kolkata,City Centre,Penthouse,30,1.0,yes,semi-furnished,37182795.0
517.0,1,1.0,1,Lucknow,Outskirts,Apartment,36,2.0,no,unfurnished,1664902.0
800.0,2,2.0,1,Kochi,Gated Community,Independent House,5,1.0,no,unfurnished,7725519.0
2425.0,3,2.0,1,Chandigarh,Near Metro,Penthouse,54,1.0,no,unfurnished,26913648.0
584.0,2,2.0,2,Ahmedabad,Suburb,Independent House,25,1.0,yes,semi-furnished,4435410.0
1114.0,3,3.0,1,Indore,Waterfront,Apartment,16,0.0,yes,unfurnished,10611532.0
1162.0,3,3.0,2,Mumbai,Prime Suburb,Row House,24,0.0,no,unfurnished,28881302.0
1394.0,1,1.0,3,Chennai,Prime Suburb,Independent House,54,1.0,yes,semi-furnished,15325151.0
694.0,2,2.0,1,Chandigarh,Suburb,Apartment,42,1.0,yes,semi-furnished,4124500.0
802.0,2,1.0,2,Mumbai,City Centre,Row House,0,1.0,yes,semi-furnished,30773877.0
1293.0,3,3.0,1,Ahmedabad,Suburb,Apartment,45,3.0,yes,semi-furnished,8904935.0
1029.0,2,1.0,1,Bangalore,Suburb,Apartment,15,1.0,no,semi-furnished,10957333.0
592.0,1,1.0,1,Kolkata,Gated Community,Studio,33,2.0,yes,semi-furnished,5315875.0
447.0,3,3.0,3,Bangalore,Premium Township,Row House,21,1.0,yes,furnished,8711270.0
1249.0,2,1.0,2,Mumbai,Waterfront,Apartment,47,1.0,yes,furnished,37780191.0
383.0,3,3.0,2,Ahmedabad,City Centre,Row House,11,1.0,no,furnished,5027371.0
1448.0,3,3.0,2,Lucknow,Prime Suburb,Row House,48,1.0,yes,unfurnished,8470085.0
336.0,1,1.0,1,Delhi,Suburb,Studio,18,1.0,yes,unfurnished,4812671.0
479.0,3,2.0,2,Lucknow,Gated Community,Apartment,0,1.0,yes,semi-furnished,22597516.0
3151.0,3,3.0,2,Hyderabad,City Centre,Villa,60,2.0,yes,unfurnished,50500549.0
1611.0,2,1.0,1,Delhi,City Centre,Apartment,59,1.0,yes,semi-furnished,31788340.0
1376.0,2,1.0,1,Pune,City Centre,Apartment,51,2.0,no,semi-furnished,21931816.0
432.0,1,1.0,1,Delhi,City Centre,Studio,50,2.0,no,unfurnished,8291481.0
718.0,3,2.0,1,Delhi,Suburb,Apartment,39,0.0,no,semi-furnished,8843186.0
866.0,2,2.0,1,Lucknow,City Centre,Apartment,18,0.0,no,unfurnished,9442468.0
436.0,1,1.0,1,Kolkata,Premium Township,Studio,48,3.0,yes,semi-furnished,3630837.0
409.0,1,1.0,1,Mumbai,Waterfront,Studio,49,1.0,yes,semi-furnished,11250898.0
2082.0,3,2.0,2,Indore,City Centre,Penthouse,3,1.0,yes,furnished,27889273.0
1322.0,1,1.0,1,Hyderabad,Prime Suburb,Independent House,26,2.0,yes,unfurnished,13699253.0
506.0,1,1.0,1,Pune,Premium Township,Studio,56,1.0,no,unfurnished,5633422.0
339.0,1,1.0,1,Kochi,Outskirts,Studio,7,0.0,yes,semi-furnished,1903712.0
1494.0,1,1.0,1,Mumbai,Gated Community,Apartment,25,2.0,yes,semi-furnished,40775610.0
390.0,3,3.0,1,Jaipur,Prime Suburb,Apartment,18,2.0,yes,unfurnished,3683745.0
1148.0,3,3.0,2,Delhi,Suburb,Row House,31,3.0,yes,unfurnished,12766943.0
1289.0,3,2.0,1,Delhi,Waterfront,Apartment,53,1.0,yes,unfurnished,24284293.0
1529.0,2,2.0,2,Hyderabad,City Centre,Row House,46,1.0,yes,unfurnished,24361819.0
1447.0,1,1.0,1,Bangalore,Suburb,Apartment,50,1.0,yes,furnished,13955208.0
1668.0,4,4.0,2,Chandigarh,Near Metro,Apartment,29,2.0,yes,furnished,13948660.0
1140.0,5,4.0,2,Ahmedabad,Prime Suburb,Independent House,27,0.0,yes,semi-furnished,9834869.0
378.0,1,1.0,1,Lucknow,Suburb,Studio,5,0.0,yes,unfurnished,2667174.0
799.0,4,3.0,2,Mumbai,Waterfront,Row House,34,1.0,yes,unfurnished,24292385.0
1186.0,2,1.0,1,Chandigarh,Prime Suburb,Apartment,23,0.0,yes,semi-furnished,9160939.0
1311.0,3,3.0,3,Chandigarh,Premium Township,Independent House,31,0.0,yes,unfurnished,15232047.0
1417.0,2,2.0,1,Ahmedabad,Prime Suburb,Apartment,5,1.0,yes,unfurnished,12931095.0
1450.0,3,2.0,1,Delhi,Waterfront,Apartment,21,1.0,no,semi-furnished,28141837.0
2006.0,3,3.0,2,Pune,Prime Suburb,Villa,51,1.0,yes,semi-furnished,25653343.0
964.0,5,3.0,3,Kolkata,Suburb,Row House,12,1.0,no,semi-furnished,7900668.0
863.0,3,3.0,1,Ahmedabad,City Centre,Apartment,23,2.0,no,semi-furnished,9034493.0
3720.0,3,2.0,2,Pune,Premium Township,Villa,28,1.0,yes,furnished,69810293.0
1268.0,2,2.0,1,Mumbai,City Centre,Apartment,57,0.0,no,semi-furnished,38616447.0
964.0,2,1.0,1,Jaipur,Premium Township,Apartment,24,3.0,yes,semi-furnished,8915849.0
1049.0,3,3.0,2,Lucknow,Prime Suburb,Row House,15,1.0,yes,unfurnished,6456529.0
1946.0,3,1.0,2,Chennai,Gated Community,Penthouse,1,3.0,no,unfurnished,28178618.0
1059.0,3,3.0,1,Pune,Prime Suburb,Apartment,1,1.0,yes,semi-furnished,13606986.0
1344.0,4,3.0,2,Jaipur,City Centre,Row House,25,3.0,yes,semi-furnished,15082050.0
325.0,1,1.0,1,Delhi,Premium Township,Studio,43,0.0,no,semi-furnished,4941980.0
1524.0,2,1.0,1,Kochi,Prime Suburb,Apartment,47,0.0,yes,semi-furnished,10834473.0
1451.0,2,1.0,1,Jaipur,Waterfront,Apartment,39,2.0,no,semi-furnished,11442476.0
716.0,5,4.0,1,Mumbai,Prime Suburb,Apartment,52,1.0,yes,semi-furnished,20657515.0
924.0,3,2.0,1,Chennai,Prime Suburb,Apartment,10,1.0,yes,unfurnished,10706277.0
1172.0,3,3.0,2,Pune,Suburb,Independent House,2,3.0,yes,unfurnished,11780173.0
414.0,1,1.0,1,Ahmedabad,Suburb,Studio,16,2.0,no,semi-furnished,2805176.0
1104.0,5,4.0,1,Indore,Suburb,Independent House,32,1.0,yes,semi-furnished,5832109.0
422.0,1,1.0,1,Kolkata,Prime Suburb,Studio,22,3.0,yes,semi-furnished,18040327.0
1992.0,3,3.0,1,Delhi,Suburb,Apartment,26,1.0,yes,unfurnished,24468407.0
2865.0,3,1.0,3,Jaipur,City Centre,Villa,21,1.0,yes,semi-furnished,32933778.0
864.0,4,3.0,1,Kochi,Suburb,Apartment,16,1.0,no,furnished,6190618.0
2701.0,4,4.0,3,Delhi,Suburb,Villa,48,1.0,yes,semi-furnished,45237192.0
2036.0,4,3.0,1,Mumbai,Near Metro,Penthouse,27,1.0,yes,semi-furnished,72601315.0
542.0,3,3.0,1,Ahmedabad,Waterfront,Apartment,37,0.0,yes,furnished,5798100.0
1843.0,4,3.0,1,Bangalore,Suburb,Apartment,5,2.0,yes,semi-furnished,16633360.0
2874.0,3,2.0,1,Delhi,Near Metro,Penthouse,18,2.0,yes,unfurnished,58957610.0
1337.0,2,2.0,1,Ahmedabad,Premium Township,Apartment,19,1.0,yes,unfurnished,11579194.0
599.0,1,1.0,1,Delhi,Gated Community,Studio,7,1.0,yes,semi-furnished,11780834.0
2552.0,3,2.0,3,Mumbai,Suburb,Villa,23,1.0,yes,semi-furnished,61483639.0
1562.0,1,1.0,3,Kolkata,Suburb,Independent House,3,2.0,yes,semi-furnished,11725843.0
312.0,1,1.0,1,Kochi,Suburb,Studio,53,1.0,yes,semi-furnished,1952841.0
574.0,1,1.0,1,Bangalore,Prime Suburb,Studio,30,1.0,yes,furnished,7432667.0
1694.0,2,2.0,1,Chennai,Suburb,Independent House,24,0.0,yes,semi-furnished,15318612.0
673.0,2,1.0,2,Bangalore,Prime Suburb,Apartment,57,2.0,yes,unfurnished,6765845.0
1487.0,4,2.0,1,Pune,Suburb,Apartment,38,0.0,yes,semi-furnished,13216689.0
2356.0,3,3.0,3,Jaipur,Premium Township,Villa,18,1.0,no,unfurnished,22066248.0
1120.0,3,2.0,1,Hyderabad,Prime Suburb,Apartment,57,2.0,no,unfurnished,10664083.0
940.0,3,2.0,1,Chennai,Near Metro,Independent House,5,1.0,yes,unfurnished,10414752.0
2004.0,3,3.0,1,Ahmedabad,Prime Suburb,Apartment,52,0.0,yes,furnished,12511662.0
350.0,4,3.0,1,Ahmedabad,Gated Community,Apartment,40,0.0,no,unfurnished,3283323.0
1287.0,5,4.0,1,Chennai,Suburb,Apartment,45,0.0,no,semi-furnished,9861867.0
1981.0,3,2.0,1,Indore,Near Metro,Penthouse,19,3.0,yes,semi-furnished,16452944.0
1740.0,1,1.0,1,Jaipur,Suburb,Apartment,38,0.0,no,semi-furnished,9581567.0
879.0,1,1.0,2,Hyderabad,Near Metro,Apartment,30,2.0,yes,furnished,10150286.0
1017.0,2,1.0,2,Pune,Prime Suburb,Independent House,11,0.0,no,unfurnished,10623151.0
800.0,3,3.0,2,Ahmedabad,Suburb,Row House,51,3.0,no,semi-furnished,5205625.0
1127.0,1,1.0,1,Bangalore,Outskirts,Apartment,19,1.0,yes,unfurnished,6121433.0
2511.0,3,3.0,2,Chennai,Near Metro,Villa,5,1.0,yes,unfurnished,30937818.0
1012.0,2,1.0,2,Kolkata,Suburb,Apartment,32,3.0,yes,unfurnished,5874161.0
1085.0,1,1.0,2,Jaipur,Near Metro,Apartment,4,2.0,no,semi-furnished,7118499.0
323.0,1,1.0,1,Kochi,Gated Community,Studio,2,1.0,yes,semi-furnished,3499838.0
1090.0,2,2.0,1,Hyderabad,City Centre,Apartment,45,0.0,no,semi-furnished,15352919.0
1002.0,1,1.0,1,Chennai,Waterfront,Apartment,55,1.0,yes,unfurnished,10817900.0
2260.0,3,3.0,1,Indore,Suburb,Penthouse,41,1.0,no,semi-furnished,15436016.0
1835.0,3,2.0,2,Indore,Suburb,Row House,41,2.0,yes,semi-furnished,9099240.0
2248.0,4,4.0,2,Ahmedabad,Outskirts,Villa,46,1.0,yes,unfurnished,10828569.0
1377.0,4,4.0,3,Mumbai,Suburb,Independent House,20,2.0,yes,unfurnished,30949041.0
1164.0,4,4.0,1,Bangalore,City Centre,Apartment,45,2.0,yes,unfurnished,20213958.0
697.0,1,1.0,1,Hyderabad,Outskirts,Apartment,46,0.0,yes,furnished,2759794.0
1362.0,2,1.0,1,Delhi,Suburb,Apartment,29,1.0,yes,furnished,18190031.0
1237.0,2,1.0,2,Hyderabad,City Centre,Independent House,34,3.0,no,unfurnished,19696477.0
1050.0,3,2.0,1,Hyderabad,Near Metro,Apartment,46,0.0,yes,unfurnished,9187483.0
1029.0,3,3.0,1,Pune,City Centre,Apartment,43,0.0,yes,semi-furnished,17840363.0
3413.0,3,2.0,1,Ahmedabad,City Centre,Penthouse,13,0.0,yes,semi-furnished,56280207.0
364.0,1,1.0,1,Indore,Suburb,Studio,34,0.0,yes,furnished,1859556.0
1595.0,4,3.0,1,Bangalore,Near Metro,Apartment,4,1.0,yes,unfurnished,18290796.0
1990.0,2,1.0,4,Delhi,City Centre,Independent House,31,0.0,no,furnished,40743276.0
902.0,3,3.0,2,Jaipur,Prime Suburb,Apartment,43,1.0,no,furnished,5903490.0
725.0,2,2.0,1,Chennai,Near Metro,Apartment,8,2.0,yes,semi-furnished,7227287.0
883.0,1,1.0,1,Kolkata,Suburb,Apartment,36,1.0,no,semi-furnished,4966750.0
1205.0,2,1.0,2,Bangalore,Outskirts,Row House,59,1.0,no,furnished,5826971.0
2187.0,2,1.0,1,Chennai,Outskirts,Apartment,15,2.0,no,semi-furnished,8843678.0
1584.0,4,3.0,1,Ahmedabad,Premium Township,Apartment,41,1.0,yes,semi-furnished,14190396.0
1397.0,3,3.0,2,Hyderabad,City Centre,Apartment,35,0.0,no,unfurnished,18663258.0
1078.0,4,3.0,1,Lucknow,Near Metro,Apartment,46,3.0,yes,unfurnished,6648866.0
1051.0,2,1.0,1,Delhi,Prime Suburb,Apartment,50,1.0,yes,unfurnished,12233820.0
406.0,1,1.0,1,Chennai,Outskirts,Studio,40,1.0,yes,unfurnished,1638827.0
1055.0,1,1.0,1,Jaipur,Prime Suburb,Apartment,40,0.0,yes,unfurnished,6094415.0
1502.0,4,3.0,1,Indore,Suburb,Apartment,34,1.0,yes,unfurnished,6593409.0
2904.0,3,2.0,2,Hyderabad,Prime Suburb,Penthouse,6,2.0,yes,semi-furnished,42704915.0
2449.0,3,3.0,1,Delhi,Near Metro,Penthouse,21,1.0,yes,furnished,44023237.0
2505.0,3,3.0,2,Delhi,Suburb,Villa,26,1.0,yes,furnished,38223964.0
2850.0,3,3.0,2,Kolkata,Waterfront,Villa,1,1.0,yes,furnished,34791762.0
1853.0,3,1.0,2,Lucknow,Near Metro,Apartment,22,0.0,yes,semi-furnished,9917660.0
556.0,1,1.0,1,Indore,Outskirts,Studio,13,0.0,yes,semi-furnished,1965615.0
2392.0,3,1.0,2,Delhi,Prime Suburb,Villa,48,1.0,yes,unfurnished,41384897.0
1160.0,4,4.0,1,Hyderabad,Suburb,Apartment,60,0.0,yes,unfurnished,9063931.0
1699.0,3,2.0,2,Mumbai,Outskirts,Row House,40,2.0,yes,semi-furnished,18583581.0
2288.0,3,1.0,2,Hyderabad,Prime Suburb,Villa,5,1.0,no,semi-furnished,34644069.0
1802.0,3,3.0,1,Chennai,Premium Township,Apartment,42,2.0,no,furnished,19227764.0
613.0,2,1.0,2,Indore,City Centre,Independent House,27,1.0,yes,furnished,6361626.0
1129.0,3,2.0,1,Bangalore,Near Metro,Apartment,23,3.0,yes,furnished,12920517.0
2196.0,3,3.0,2,Pune,Waterfront,Villa,16,1.0,yes,semi-furnished,38821504.0
685.0,2,1.0,2,Pune,Suburb,Apartment,53,0.0,yes,semi-furnished,5235267.0
455.0,1,1.0,1,Delhi,Premium Township,Studio,10,2.0,no,semi-furnished,10383934.0
2540.0,3,3.0,2,Kolkata,Gated Community,Villa,22,2.0,no,semi-furnished,24328377.0
1208.0,2,2.0,2,Kolkata,City Centre,Apartment,4,1.0,yes,semi-furnished,11509462.0
1374.0,3,2.0,2,Chandigarh,Suburb,Row House,37,2.0,no,semi-furnished,9049646.0
1021.0,1,1.0,1,Mumbai,Outskirts,Apartment,18,3.0,yes,semi-furnished,12219554.0
2089.0,3,3.0,2,Kochi,Prime Suburb,Row House,22,1.0,no,unfurnished,17533193.0
1165.0,2,2.0,2,Lucknow,Waterfront,Row House,60,1.0,no,unfurnished,10893533.0
463.0,1,1.0,1,Pune,Prime Suburb,Studio,59,1.0,yes,semi-furnished,4584097.0
713.0,3,2.0,1,Pune,Suburb,Apartment,60,1.0,yes,semi-furnished,5811933.0
1779.0,3,2.0,4,Hyderabad,Waterfront,Independent House,8,0.0,yes,semi-furnished,25122702.0
1149.0,1,1.0,1,Mumbai,Suburb,Apartment,46,1.0,no,semi-furnished,18733813.0
2399.0,3,3.0,2,Jaipur,Suburb,Penthouse,9,1.0,no,unfurnished,19970994.0
1129.0,4,3.0,2,Bangalore,City Centre,Apartment,7,2.0,no,furnished,18588712.0
1490.0,4,2.0,1,Ahmedabad,City Centre,Apartment,31,2.0,no,unfurnished,15060847.0
1361.0,5,3.0,3,Hyderabad,Suburb,Row House,7,2.0,yes,semi-furnished,13446999.0
1972.0,2,2.0,2,Kochi,City Centre,Apartment,44,1.0,yes,semi-furnished,21772681.0
647.0,2,2.0,2,Lucknow,Prime Suburb,Row House,41,2.0,no,semi-furnished,4245780.0
1538.0,2,2.0,1,Delhi,Suburb,Apartment,54,0.0,no,unfurnished,17001151.0
941.0,2,2.0,1,Kochi,City Centre,Apartment,23,0.0,no,furnished,11010702.0
534.0,3,2.0,1,Mumbai,Near Metro,Apartment,57,2.0,yes,semi-furnished,11888174.0
1331.0,3,3.0,2,Bangalore,Gated Community,Row House,24,0.0,no,semi-furnished,16001443.0
3082.0,3,3.0,4,Delhi,Suburb,Villa,49,1.0,no,semi-furnished,43182084.0
2916.0,4,4.0,1,Delhi,Suburb,Penthouse,19,0.0,yes,furnished,48520738.0
1173.0,2,2.0,3,Indore,Prime Suburb,Independent House,53,2.0,no,furnished,7611437.0
1729.0,3,3.0,2,Chennai,Suburb,Penthouse,3,1.0,yes,furnished,19496719.0
1370.0,3,3.0,1,Kochi,Suburb,Apartment,48,2.0,no,unfurnished,8309636.0
1639.0,3,1.0,1,Chandigarh,Prime Suburb,Penthouse,45,2.0,no,semi-furnished,19763800.0
1288.0,3,2.0,2,Mumbai,Prime Suburb,Row House,31,1.0,yes,semi-furnished,33969149.0
3159.0,3,2.0,2,Lucknow,City Centre,Villa,23,1.0,yes,furnished,34999608.0
3142.0,3,3.0,2,Ahmedabad,Near Metro,Penthouse,52,1.0,yes,unfurnished,30882246.0
1012.0,4,3.0,1,Kochi,Outskirts,Apartment,42,1.0,yes,unfurnished,3753454.0
739.0,3,2.0,1,Indore,Gated Community,Apartment,24,2.0,yes,semi-furnished,6293311.0
1298.0,4,4.0,2,Mumbai,City Centre,Apartment,38,1.0,yes,unfurnished,44900881.0
811.0,2,2.0,1,Kolkata,City Centre,Independent House,30,3.0,yes,unfurnished,10096153.0
1237.0,1,1.0,1,Jaipur,Gated Community,Apartment,59,2.0,no,furnished,10994783.0
713.0,4,3.0,1,Delhi,Prime Suburb,Independent House,38,1.0,yes,unfurnished,11761479.0
1366.0,2,1.0,1,Chandigarh,Suburb,Apartment,29,1.0,yes,semi-furnished,8629710.0
727.0,4,4.0,2,Kolkata,Near Metro,Independent House,32,1.0,yes,semi-furnished,6015402.0
1486.0,2,2.0,2,Indore,Suburb,Apartment,50,3.0,yes,furnished,7143559.0
1769.0,3,3.0,1,Bangalore,Gated Community,Penthouse,4,3.0,yes,furnished,29909364.0
2575.0,3,3.0,2,Ahmedabad,Prime Suburb,Villa,16,2.0,yes,unfurnished,22933530.0
1294.0,4,3.0,1,Hyderabad,Suburb,Apartment,56,0.0,yes,semi-furnished,9787355.0
845.0,3,2.0,1,Hyderabad,Suburb,Apartment,34,1.0,yes,unfurnished,7525356.0
628.0,2,2.0,1,Bangalore,Outskirts,Apartment,12,0.0,yes,semi-furnished,4036482.0
551.0,1,1.0,1,Bangalore,City Centre,Studio,45,3.0,yes,unfurnished,9122692.0
1213.0,3,1.0,2,Kochi,Suburb,Row House,58,1.0,yes,unfurnished,7876954.0
630.0,2,2.0,1,Bangalore,Suburb,Independent House,7,2.0,yes,furnished,9893345.0
1594.0,1,1.0,2,Ahmedabad,Suburb,Row House,41,2.0,yes,semi-furnished,8607465.0
1333.0,3,2.0,1,Mumbai,Waterfront,Independent House,34,3.0,no,furnished,46400933.0
706.0,2,2.0,3,Delhi,Near Metro,Independent House,13,0.0,no,semi-furnished,12493713.0
1136.0,1,1.0,2,Ahmedabad,Gated Community,Row House,46,1.0,yes,semi-furnished,8025635.0
1239.0,3,1.0,1,Delhi,City Centre,Apartment,48,2.0,yes,semi-furnished,27519718.0
957.0,2,1.0,1,Hyderabad,Premium Township,Independent House,9,1.0,yes,unfurnished,13771568.0
350.0,1,1.0,2,Bangalore,Waterfront,Independent House,43,1.0,yes,unfurnished,4607426.0
1163.0,4,4.0,2,Delhi,Suburb,Independent House,27,2.0,yes,unfurnished,16371295.0
1727.0,2,1.0,1,Mumbai,Suburb,Apartment,32,1.0,yes,semi-furnished,32559104.0
963.0,4,4.0,1,Mumbai,Prime Suburb,Apartment,30,2.0,yes,semi-furnished,28191103.0
1071.0,1,1.0,1,Bangalore,Suburb,Apartment,35,1.0,yes,semi-furnished,8053635.0
788.0,4,4.0,1,Pune,Premium Township,Apartment,0,1.0,no,furnished,11631655.0
2072.0,3,1.0,2,Kolkata,Prime Suburb,Villa,57,1.0,no,unfurnished,19638210.0
2356.0,4,4.0,2,Kolkata,Premium Township,Villa,34,1.0,yes,semi-furnished,28761261.0
345.0,1,1.0,1,Kolkata,Prime Suburb,Studio,3,0.0,yes,semi-furnished,3334385.0
1204.0,3,3.0,3,Bangalore,Outskirts,Independent House,59,3.0,no,unfurnished,6843169.0
1726.0,3,1.0,2,Bangalore,Gated Community,Apartment,58,2.0,yes,furnished,16048790.0
980.0,2,1.0,2,Bangalore,City Centre,Independent House,23,0.0,yes,semi-furnished,18539898.0
1735.0,2,2.0,2,Mumbai,Suburb,Apartment,21,0.0,yes,furnished,33242631.0
1000.0,4,4.0,1,Mumbai,Outskirts,Apartment,54,3.0,yes,semi-furnished,12251727.0
350.0,1,1.0,2,Mumbai,Suburb,Row House,33,1.0,no,unfurnished,5364757.0
2657.0,3,2.0,2,Chandigarh,Near Metro,Villa,58,3.0,yes,semi-furnished,28270264.0
3565.0,3,2.0,2,Indore,Premium Township,Villa,1,1.0,no,semi-furnished,34880365.0
891.0,2,1.0,1,Delhi,Waterfront,Independent House,10,0.0,no,semi-furnished,18787936.0
350.0,2,2.0,1,Mumbai,Prime Suburb,Apartment,54,0.0,no,unfurnished,6498719.0
1358.0,2,1.0,1,Lucknow,Gated Community,Apartment,40,0.0,no,unfurnished,8512214.0
595.0,3,3.0,1,Jaipur,Suburb,Apartment,54,0.0,yes,unfurnished,3009512.0
1558.0,3,2.0,1,Chennai,Outskirts,Penthouse,40,0.0,yes,furnished,10370740.0
891.0,2,2.0,1,Pune,City Centre,Apartment,5,0.0,yes,furnished,14224790.0
579.0,1,2.0,1,Pune,Prime Suburb,Studio,4,1.0,no,semi-furnished,7360131.0
1194.0,3,2.0,1,Pune,City Centre,Apartment,26,1.0,yes,semi-furnished,19103498.0
350.0,3,3.0,2,Pune,Gated Community,Row House,45,1.0,no,semi-furnished,4723214.0
1340.0,2,2.0,1,Kochi,Near Metro,Apartment,7,0.0,yes,furnished,10167889.0
1237.0,4,3.0,1,Kochi,Prime Suburb,Apartment,46,2.0,yes,furnished,9208836.0
3479.0,3,3.0,2,Jaipur,Waterfront,Villa,9,1.0,yes,furnished,38432556.0
1249.0,2,2.0,1,Hyderabad,Suburb,Apartment,41,0.0,no,semi-furnished,10670554.0
1657.0,4,2.0,2,Bangalore,Gated Community,Independent House,45,2.0,yes,unfurnished,24540652.0
1348.0,4,4.0,1,Ahmedabad,Suburb,Apartment,52,3.0,yes,semi-furnished,9097980.0
2094.0,3,3.0,2,Bangalore,Outskirts,Penthouse,50,1.0,yes,furnished,14946206.0
451.0,1,1.0,1,Kochi,City Centre,Studio,12,1.0,yes,furnished,6079580.0
1343.0,2,1.0,2,Kolkata,Outskirts,Row House,53,0.0,yes,semi-furnished,4235202.0
4800.0,2,2.0,1,Delhi,Gated Community,Independent House,28,0.0,yes,unfurnished,20017305.0
983.0,2,2.0,2,Mumbai,Suburb,Apartment,25,1.0,no,unfurnished,20730614.0
1367.0,2,2.0,1,Kochi,Prime Suburb,Apartment,56,1.0,no,semi-furnished,11015213.0
1841.0,5,4.0,1,Indore,Suburb,Apartment,57,1.0,no,unfurnished,7903742.0
1091.0,5,4.0,2,Pune,Prime Suburb,Row House,15,3.0,no,semi-furnished,13089567.0
1220.0,2,2.0,1,Bangalore,Gated Community,Apartment,29,1.0,yes,unfurnished,13397911.0
2846.0,3,2.0,2,Kolkata,City Centre,Villa,13,1.0,yes,furnished,108643350.0
1593.0,3,3.0,2,Ahmedabad,Suburb,Apartment,57,2.0,no,semi-furnished,8923688.0
1421.0,2,2.0,1,Mumbai,Near Metro,Apartment,2,1.0,yes,semi-furnished,26963788.0
1367.0,3,3.0,2,Lucknow,Outskirts,Row House,0,1.0,yes,unfurnished,5837246.0
1382.0,3,2.0,1,Chennai,Gated Community,Apartment,37,0.0,yes,semi-furnished,13131922.0
3811.0,3,3.0,1,Delhi,Prime Suburb,Penthouse,16,1.0,yes,furnished,84010531.0
1354.0,5,2.0,1,Chennai,Suburb,Apartment,40,1.0,yes,semi-furnished,11482890.0
339.0,1,1.0,1,Hyderabad,Gated Community,Studio,15,1.0,no,semi-furnished,3939792.0
1373.0,3,3.0,1,Bangalore,Premium Township,Apartment,40,1.0,no,semi-furnished,17588841.0
1105.0,4,4.0,2,Kolkata,Outskirts,Row House,37,1.0,yes,semi-furnished,4451504.0
1332.0,3,3.0,3,Kolkata,Suburb,Independent House,15,3.0,no,unfurnished,9064300.0
1012.0,3,3.0,4,Ahmedabad,Premium Township,Row House,6,1.0,no,semi-furnished,11709499.0
1453.0,3,3.0,2,Jaipur,Outskirts,Apartment,25,2.0,no,semi-furnished,5304754.0
930.0,3,3.0,2,Indore,Suburb,Row House,24,1.0,yes,furnished,5456062.0
1327.0,2,2.0,1,Bangalore,City Centre,Apartment,52,2.0,yes,semi-furnished,21301413.0
745.0,3,1.0,3,Ahmedabad,Prime Suburb,Independent House,52,1.0,yes,unfurnished,6432989.0
2369.0,3,3.0,3,Delhi,Suburb,Villa,51,2.0,yes,semi-furnished,35910203.0
432.0,2,1.0,2,Delhi,Gated Community,Apartment,33,2.0,yes,semi-furnished,7690994.0
1362.0,2,1.0,3,Pune,City Centre,Independent House,51,3.0,yes,semi-furnished,20291483.0
2341.0,3,3.0,2,Mumbai,Suburb,Villa,16,2.0,yes,semi-furnished,56401624.0
3056.0,3,2.0,2,Mumbai,Outskirts,Penthouse,29,0.0,yes,furnished,108643350.0
1485.0,2,1.0,1,Kolkata,Prime Suburb,Apartment,53,0.0,yes,furnished,10070250.0
503.0,3,3.0,1,Hyderabad,Suburb,Apartment,6,2.0,no,unfurnished,5574247.0
1495.0,5,4.0,1,Delhi,Prime Suburb,Apartment,58,0.0,no,semi-furnished,18307577.0
1727.0,3,3.0,3,Pune,Suburb,Row House,7,0.0,yes,semi-furnished,16343175.0
1283.0,2,2.0,1,Mumbai,Suburb,Apartment,1,1.0,yes,unfurnished,26523386.0
2265.0,5,4.0,2,Kolkata,Prime Suburb,Villa,17,3.0,yes,furnished,23852273.0
855.0,2,1.0,1,Kochi,Suburb,Apartment,36,0.0,yes,furnished,5467006.0
2019.0,3,3.0,1,Delhi,Prime Suburb,Apartment,60,1.0,no,semi-furnished,23544176.0
598.0,1,1.0,1,Bangalore,Premium Township,Apartment,30,0.0,yes,unfurnished,8053992.0
1141.0,5,4.0,1,Mumbai,City Centre,Apartment,31,1.0,yes,unfurnished,38625587.0
1303.0,3,1.0,1,Kolkata,Outskirts,Apartment,54,2.0,no,furnished,4618452.0
1389.0,2,2.0,2,Kolkata,Outskirts,Apartment,40,1.0,yes,semi-furnished,4718236.0
535.0,3,3.0,2,Lucknow,Outskirts,Independent House,4,1.0,yes,unfurnished,3041108.0
1364.0,2,1.0,2,Kochi,City Centre,Row House,60,2.0,no,unfurnished,15031909.0
2035.0,3,3.0,1,Mumbai,Waterfront,Penthouse,16,0.0,yes,furnished,89084786.0
1316.0,4,3.0,1,Chandigarh,Premium Township,Apartment,5,2.0,yes,furnished,16704937.0
1501.0,1,1.0,2,Chandigarh,Premium Township,Independent House,37,1.0,yes,semi-furnished,15922986.0
727.0,3,3.0,1,Chandigarh,Suburb,Apartment,30,1.0,no,unfurnished,5474835.0
1191.0,2,1.0,1,Pune,City Centre,Apartment,28,1.0,yes,semi-furnished,17950968.0
1028.0,3,3.0,2,Bangalore,Premium Township,Row House,10,1.0,yes,unfurnished,16792811.0
2435.0,4,4.0,2,Mumbai,Suburb,Penthouse,19,1.0,yes,semi-furnished,69010984.0
1198.0,5,4.0,2,Jaipur,Suburb,Row House,8,1.0,no,unfurnished,8054954.0
1508.0,1,1.0,1,Chennai,City Centre,Apartment,54,0.0,no,unfurnished,19881419.0
1316.0,2,2.0,1,Ahmedabad,Suburb,Apartment,56,1.0,yes,unfurnished,7534448.0
1004.0,4,4.0,2,Mumbai,City Centre,Independent House,45,1.0,yes,furnished,39091050.0
416.0,2,1.0,2,Indore,Prime Suburb,Apartment,16,1.0,yes,unfurnished,3335382.0
634.0,1,1.0,1,Kolkata,Outskirts,Studio,55,1.0,yes,semi-furnished,1989561.0
549.0,1,1.0,1,Ahmedabad,Prime Suburb,Studio,10,0.0,yes,unfurnished,4655715.0
1559.0,2,1.0,1,Jaipur,Outskirts,Independent House,15,1.0,yes,semi-furnished,6399395.0
683.0,2,2.0,2,Indore,Gated Community,Apartment,60,1.0,yes,furnished,4033180.0
1419.0,1,1.0,3,Pune,Near Metro,Independent House,49,1.0,yes,semi-furnished,15080460.0
626.0,1,2.0,1,Chennai,Suburb,Studio,16,0.0,no,semi-furnished,4637344.0
1404.0,2,2.0,3,Ahmedabad,Suburb,Independent House,57,1.0,no,furnished,9730048.0
3233.0,3,3.0,2,Chandigarh,Prime Suburb,Villa,26,1.0,yes,furnished,34307893.0
1850.0,5,3.0,1,Hyderabad,Suburb,Penthouse,55,2.0,yes,unfurnished,20909254.0
1148.0,3,3.0,3,Kolkata,Suburb,Independent House,40,0.0,no,unfurnished,6977123.0
1249.0,2,1.0,1,Ahmedabad,Suburb,Apartment,27,2.0,yes,semi-furnished,7327639.0
799.0,4,3.0,1,Chandigarh,Near Metro,Apartment,44,1.0,yes,semi-furnished,7521835.0
1323.0,3,2.0,1,Indore,City Centre,Apartment,31,2.0,no,semi-furnished,11847731.0
1237.0,3,3.0,1,Kolkata,Near Metro,Penthouse,47,0.0,yes,semi-furnished,20387716.0
1180.0,5,3.0,1,Delhi,Prime Suburb,Apartment,7,0.0,no,furnished,19818811.0
961.0,2,1.0,1,Lucknow,Outskirts,Apartment,39,1.0,no,unfurnished,2663143.0
821.0,3,3.0,1,Pune,Premium Township,Apartment,30,0.0,yes,furnished,9849932.0
1452.0,4,4.0,1,Delhi,Suburb,Independent House,15,1.0,yes,unfurnished,21818484.0
1129.0,5,4.0,1,Indore,City Centre,Apartment,58,0.0,yes,furnished,9847603.0
1313.0,5,4.0,1,Jaipur,Prime Suburb,Apartment,8,1.0,yes,unfurnished,10403145.0
1123.0,2,1.0,4,Jaipur,Waterfront,Independent House,11,1.0,yes,unfurnished,10861074.0
694.0,1,1.0,2,Ahmedabad,Outskirts,Independent House,24,1.0,yes,furnished,3052821.0
1374.0,2,1.0,2,Ahmedabad,Outskirts,Apartment,3,1.0,no,unfurnished,5018202.0
402.0,1,1.0,1,Ahmedabad,Suburb,Studio,41,1.0,yes,semi-furnished,2369485.0
3756.0,3,2.0,2,Ahmedabad,Near Metro,Villa,40,1.0,yes,furnished,36768371.0
1121.0,2,2.0,1,Mumbai,Suburb,Apartment,28,1.0,yes,semi-furnished,20866064.0
1908.0,3,3.0,1,Hyderabad,Suburb,Penthouse,47,1.0,no,unfurnished,22573431.0
606.0,2,1.0,1,Lucknow,Prime Suburb,Apartment,46,3.0,no,semi-furnished,4006657.0
666.0,3,3.0,1,Lucknow,Outskirts,Apartment,54,1.0,yes,unfurnished,2130255.0
1622.0,3,3.0,2,Kolkata,Waterfront,Independent House,19,0.0,no,furnished,18208908.0
487.0,2,2.0,3,Ahmedabad,Prime Suburb,Independent House,20,3.0,yes,semi-furnished,4628707.0
1272.0,3,3.0,1,Mumbai,Outskirts,Apartment,40,1.0,yes,semi-furnished,11827177.0
521.0,1,1.0,1,Hyderabad,Prime Suburb,Studio,3,2.0,yes,furnished,6998722.0
518.0,1,1.0,1,Mumbai,City Centre,Studio,35,1.0,yes,unfurnished,17551684.0
350.0,1,1.0,1,Delhi,Waterfront,Apartment,34,1.0,no,unfurnished,5189204.0
1219.0,2,1.0,1,Chennai,City Centre,Apartment,44,0.0,yes,furnished,11383287.0
940.0,3,2.0,2,Kochi,Prime Suburb,Independent House,21,2.0,yes,unfurnished,9651134.0
3141.0,4,3.0,2,Ahmedabad,Waterfront,Villa,51,1.0,yes,semi-furnished,34624469.0
1643.0,2,1.0,2,Ahmedabad,Suburb,Independent House,24,0.0,no,unfurnished,11193982.0
2000.0,3,2.0,3,Chandigarh,Suburb,Villa,15,1.0,no,semi-furnished,21296828.0
1370.0,2,1.0,2,Delhi,Near Metro,Row House,36,1.0,yes,unfurnished,15313576.0
2283.0,3,3.0,2,Pune,City Centre,Villa,38,1.0,no,semi-furnished,49094304.0
619.0,2,1.0,1,Pune,Waterfront,Independent House,5,2.0,yes,semi-furnished,9814212.0
931.0,1,1.0,2,Jaipur,Outskirts,Apartment,55,1.0,yes,unfurnished,1942703.0
817.0,2,1.0,2,Hyderabad,Gated Community,Independent House,1,2.0,yes,semi-furnished,10049992.0
2030.0,1,1.0,1,Chennai,Premium Township,Apartment,58,3.0,yes,unfurnished,25408677.0
1245.0,1,1.0,2,Mumbai,City Centre,Row House,18,0.0,yes,semi-furnished,43092728.0
350.0,1,1.0,1,Chandigarh,City Centre,Apartment,52,1.0,no,semi-furnished,3536739.0
1646.0,3,3.0,2,Bangalore,City Centre,Row House,33,2.0,yes,unfurnished,27803685.0
1185.0,3,3.0,1,Indore,Gated Community,Apartment,2,1.0,yes,furnished,8407590.0
4437.0,3,3.0,2,Chandigarh,Outskirts,Villa,29,1.0,yes,unfurnished,21389193.0
960.0,4,3.0,1,Kochi,Prime Suburb,Independent House,37,0.0,yes,unfurnished,8366069.0
2506.0,3,2.0,1,Hyderabad,Near Metro,Penthouse,56,1.0,yes,semi-furnished,35105397.0
1298.0,1,1.0,1,Pune,Suburb,Apartment,46,1.0,yes,semi-furnished,10706130.0
911.0,2,1.0,2,Chennai,Prime Suburb,Independent House,22,2.0,yes,furnished,9671639.0
763.0,3,2.0,2,Mumbai,Near Metro,Row House,14,0.0,yes,unfurnished,19998717.0
3229.0,4,2.0,2,Bangalore,Prime Suburb,Penthouse,24,2.0,yes,unfurnished,50385133.0
1077.0,2,1.0,2,Jaipur,Suburb,Apartment,37,2.0,no,semi-furnished,5585111.0
1520.0,2,1.0,1,Jaipur,Outskirts,Apartment,35,2.0,yes,unfurnished,4522440.0
1079.0,3,2.0,3,Chennai,Suburb,Independent House,60,3.0,yes,unfurnished,8417176.0
1702.0,3,2.0,1,Kochi,Outskirts,Apartment,55,1.0,no,unfurnished,6017636.0
2040.0,3,2.0,1,Kochi,Prime Suburb,Penthouse,54,2.0,no,semi-furnished,24147416.0
3042.0,3,2.0,1,Hyderabad,Prime Suburb,Penthouse,37,1.0,yes,furnished,40651182.0
1500.0,3,3.0,1,Mumbai,Outskirts,Penthouse,46,1.0,yes,semi-furnished,26073810.0
3063.0,4,3.0,2,Bangalore,Outskirts,Villa,10,2.0,yes,unfurnished,20657770.0
1570.0,2,1.0,1,Delhi,Gated Community,Apartment,52,3.0,no,semi-furnished,20963149.0
1031.0,2,2.0,1,Jaipur,Prime Suburb,Independent House,30,1.0,no,semi-furnished,8063938.0
528.0,1,1.0,1,Mumbai,Premium Township,Studio,9,3.0,no,unfurnished,16998963.0
1127.0,4,4.0,1,Bangalore,Suburb,Apartment,54,0.0,no,furnished,10445637.0
1568.0,3,3.0,1,Mumbai,Outskirts,Apartment,26,2.0,no,semi-furnished,18040232.0
1967.0,3,2.0,3,Kolkata,City Centre,Independent House,13,2.0,yes,semi-furnished,25493296.0
1690.0,3,2.0,2,Jaipur,Premium Township,Independent House,37,1.0,no,semi-furnished,14931316.0
1677.0,3,2.0,2,Jaipur,Prime Suburb,Row House,21,1.0,yes,furnished,13320644.0
1237.0,1,1.0,1,Pune,City Centre,Studio,35,2.0,yes,unfurnished,8790380.0
1612.0,5,4.0,2,Pune,Premium Township,Independent House,6,0.0,no,semi-furnished,27776172.0
1450.0,1,1.0,1,Ahmedabad,Prime Suburb,Apartment,3,1.0,yes,semi-furnished,10143271.0
1131.0,2,1.0,1,Mumbai,Prime Suburb,Apartment,58,0.0,yes,semi-furnished,25581506.0
1391.0,1,1.0,2,Bangalore,Gated Community,Apartment,41,1.0,yes,semi-furnished,15262808.0
546.0,2,2.0,2,Bangalore,Outskirts,Row House,40,0.0,no,furnished,3637933.0
391.0,1,1.0,1,Delhi,City Centre,Studio,40,2.0,yes,unfurnished,8280686.0
1423.0,5,4.0,3,Ahmedabad,Near Metro,Row House,8,1.0,yes,furnished,14915897.0
756.0,3,2.0,1,Mumbai,Outskirts,Apartment,0,1.0,yes,furnished,14722153.0
2167.0,3,3.0,2,Ahmedabad,Waterfront,Apartment,15,1.0,no,semi-furnished,18228496.0
1611.0,3,2.0,2,Kochi,Gated Community,Row House,11,0.0,yes,unfurnished,13668824.0
350.0,2,1.0,1,Bangalore,Prime Suburb,Apartment,23,1.0,yes,semi-furnished,4736280.0
2627.0,3,2.0,1,Delhi,Suburb,Penthouse,30,0.0,yes,semi-furnished,41948014.0
1191.0,2,2.0,1,Bangalore,Suburb,Apartment,2,1.0,yes,semi-furnished,12341332.0
1541.0,1,1.0,1,Jaipur,Outskirts,Apartment,39,1.0,yes,semi-furnished,4220948.0
631.0,2,2.0,2,Delhi,City Centre,Row House,40,0.0,yes,furnished,15203940.0
339.0,1,1.0,1,Ahmedabad,Outskirts,Studio,3,2.0,no,semi-furnished,2053434.0
1274.0,4,4.0,1,Kolkata,Near Metro,Apartment,34,1.0,yes,unfurnished,8200898.0
2369.0,3,3.0,2,Lucknow,Outskirts,Villa,39,1.0,yes,semi-furnished,9378772.0
453.0,1,1.0,1,Hyderabad,Suburb,Studio,23,2.0,yes,semi-furnished,4217921.0
1614.0,2,1.0,1,Pune,Prime Suburb,Independent House,59,1.0,yes,unfurnished,21019326.0
1839.0,3,3.0,2,Kochi,Suburb,Villa,18,1.0,yes,semi-furnished,16038117.0
2230.0,3,3.0,2,Kochi,City Centre,Villa,16,2.0,no,furnished,36233322.0
2014.0,3,2.0,1,Kolkata,Premium Township,Penthouse,18,2.0,no,unfurnished,24121825.0
1271.0,3,3.0,3,Mumbai,Suburb,Row House,29,1.0,yes,semi-furnished,23075254.0
1349.0,3,3.0,1,Bangalore,Suburb,Apartment,41,1.0,yes,furnished,12005979.0
764.0,3,3.0,1,Hyderabad,Suburb,Independent House,20,0.0,yes,semi-furnished,8666949.0
825.0,2,1.0,1,Mumbai,Prime Suburb,Apartment,53,1.0,yes,furnished,17627726.0
1318.0,4,4.0,1,Hyderabad,Outskirts,Apartment,12,2.0,yes,furnished,7383945.0
1276.0,4,4.0,1,Delhi,Gated Community,Independent House,9,3.0,yes,furnished,27623748.0
1105.0,3,3.0,2,Bangalore,City Centre,Apartment,50,2.0,yes,semi-furnished,18597771.0
512.0,1,1.0,1,Kochi,Waterfront,Studio,19,0.0,yes,unfurnished,5314824.0
2045.0,4,3.0,1,Jaipur,Suburb,Apartment,35,1.0,no,semi-furnished,39458525.0
633.0,1,1.0,1,Mumbai,Outskirts,Studio,45,0.0,yes,semi-furnished,5856428.0
1340.0,2,1.0,1,Kolkata,Gated Community,Apartment,22,1.0,no,semi-furnished,9507650.0
350.0,1,1.0,1,Kochi,Prime Suburb,Apartment,17,1.0,no,semi-furnished,3495532.0
1187.0,2,1.0,4,Chandigarh,Suburb,Independent House,28,2.0,yes,semi-furnished,10871261.0
631.0,2,1.0,1,Delhi,Prime Suburb,Apartment,46,2.0,yes,unfurnished,7990520.0
2504.0,3,2.0,1,Bangalore,City Centre,Penthouse,16,1.0,yes,semi-furnished,67898340.0
1283.0,3,3.0,3,Bangalore,Outskirts,Independent House,25,0.0,yes,semi-furnished,8916576.0
948.0,1,1.0,1,Bangalore,Outskirts,Independent House,16,1.0,yes,furnished,7027499.0
386.0,1,1.0,1,Kolkata,Prime Suburb,Studio,35,1.0,no,unfurnished,3034359.0
574.0,1,1.0,1,Jaipur,Gated Community,Studio,29,1.0,yes,unfurnished,4436543.0
678.0,1,1.0,1,Pune,Outskirts,Apartment,56,1.0,yes,semi-furnished,2374885.0
1515.0,4,4.0,2,Hyderabad,Suburb,Row House,4,1.0,yes,semi-furnished,14454807.0
1819.0,3,3.0,3,Pune,Gated Community,Villa,45,2.0,yes,unfurnished,24142118.0
1402.0,5,4.0,1,Indore,Premium Township,Apartment,18,2.0,yes,semi-furnished,10312215.0
1207.0,3,2.0,1,Ahmedabad,City Centre,Apartment,27,2.0,no,semi-furnished,11980344.0
2092.0,2,1.0,1,Kolkata,Prime Suburb,Apartment,45,1.0,no,semi-furnished,15468952.0
334.0,1,1.0,1,Pune,Waterfront,Studio,3,1.0,no,furnished,6591460.0
934.0,3,3.0,1,Kolkata,Prime Suburb,Apartment,9,1.0,no,semi-furnished,8326303.0
2185.0,3,3.0,2,Bangalore,Gated Community,Villa,48,3.0,yes,unfurnished,35933552.0
1054.0,4,4.0,2,Bangalore,Waterfront,Apartment,50,0.0,yes,unfurnished,15701167.0
653.0,2,1.0,1,Kolkata,Outskirts,Independent House,49,1.0,yes,unfurnished,2076216.0
1269.0,1,1.0,1,Hyderabad,Premium Township,Apartment,20,2.0,no,unfurnished,16241859.0
1152.0,3,3.0,3,Kochi,Premium Township,Row House,46,2.0,yes,furnished,12931762.0
1517.0,4,4.0,2,Ahmedabad,Prime Suburb,Apartment,59,1.0,yes,semi-furnished,10721860.0
2709.0,3,2.0,2,Indore,City Centre,Villa,9,2.0,no,furnished,35963834.0
2802.0,3,3.0,3,Bangalore,Prime Suburb,Villa,1,3.0,yes,semi-furnished,39423680.0
2560.0,3,1.0,2,Kolkata,Outskirts,Villa,57,1.0,yes,semi-furnished,12060322.0
389.0,1,1.0,2,Lucknow,Premium Township,Apartment,9,1.0,yes,semi-furnished,3774452.0
1511.0,3,3.0,1,Mumbai,Outskirts,Apartment,56,1.0,yes,semi-furnished,16118701.0
1286.0,1,1.0,1,Bangalore,Gated Community,Apartment,2,3.0,yes,unfurnished,14333412.0
674.0,2,2.0,1,Chennai,Suburb,Apartment,6,2.0,yes,furnished,6076000.0
1129.0,3,3.0,2,Kolkata,Prime Suburb,Independent House,47,1.0,yes,furnished,9628235.0
854.0,1,1.0,1,Ahmedabad,Outskirts,Apartment,47,0.0,no,semi-furnished,2561720.0
421.0,3,3.0,2,Pune,Waterfront,Independent House,11,1.0,yes,unfurnished,7473486.0
528.0,3,3.0,1,Mumbai,Gated Community,Apartment,55,0.0,no,semi-furnished,10739841.0
1159.0,3,3.0,1,Bangalore,Outskirts,Apartment,30,1.0,yes,semi-furnished,6914898.0
1706.0,3,2.0,1,Chennai,Suburb,Apartment,44,1.0,yes,semi-furnished,12191439.0
2167.0,2,1.0,1,Mumbai,Near Metro,Independent House,12,3.0,no,semi-furnished,48471015.0
1442.0,1,1.0,2,Delhi,Outskirts,Row House,21,2.0,yes,unfurnished,9719022.0
2325.0,3,3.0,2,Mumbai,Gated Community,Penthouse,14,1.0,yes,semi-furnished,79088314.0
4142.0,3,3.0,3,Mumbai,Gated Community,Villa,49,2.0,yes,semi-furnished,108643350.0
1228.0,3,2.0,2,Pune,Outskirts,Apartment,33,1.0,yes,semi-furnished,6311813.0
1315.0,1,1.0,1,Indore,Outskirts,Apartment,60,1.0,no,semi-furnished,3032380.0
350.0,3,3.0,2,Mumbai,Prime Suburb,Apartment,12,1.0,yes,unfurnished,11442257.0
1600.0,3,2.0,2,Hyderabad,Outskirts,Villa,39,2.0,no,semi-furnished,9603779.0
1219.0,2,1.0,1,Bangalore,Near Metro,Independent House,0,0.0,no,furnished,17329341.0
1013.0,2,2.0,2,Ahmedabad,City Centre,Independent House,44,1.0,yes,semi-furnished,10745403.0
1040.0,3,1.0,3,Ahmedabad,Premium Township,Independent House,26,1.0,yes,furnished,12442355.0
3427.0,3,2.0,2,Bangalore,Prime Suburb,Villa,10,1.0,no,unfurnished,49818202.0
1237.0,3,3.0,2,Lucknow,Suburb,Villa,51,2.0,no,unfurnished,19086959.0
1237.0,2,2.0,3,Hyderabad,Premium Township,Row House,18,1.0,no,semi-furnished,13790890.0
1488.0,1,1.0,1,Bangalore,Prime Suburb,Apartment,46,1.0,yes,semi-furnished,15473034.0
1563.0,3,3.0,2,Delhi,Premium Township,Independent House,56,2.0,no,semi-furnished,23858306.0
718.0,3,2.0,2,Jaipur,Suburb,Independent House,49,1.0,yes,unfurnished,3822299.0
2712.0,3,3.0,2,Chennai,Near Metro,Villa,9,1.0,yes,semi-furnished,33105404.0
1401.0,2,1.0,2,Jaipur,City Centre,Row House,28,2.0,yes,semi-furnished,14075485.0
492.0,3,3.0,2,Chennai,Outskirts,Row House,41,0.0,no,unfurnished,2056642.0
486.0,1,1.0,1,Chennai,Premium Township,Studio,14,1.0,no,furnished,6767315.0
1320.0,1,1.0,2,Hyderabad,Gated Community,Independent House,23,1.0,yes,furnished,17162401.0
1378.0,2,1.0,2,Mumbai,City Centre,Apartment,13,0.0,yes,unfurnished,40393418.0
2026.0,2,2.0,1,Mumbai,Gated Community,Independent House,53,2.0,yes,furnished,53652228.0
1175.0,4,3.0,3,Chennai,Prime Suburb,Row House,49,2.0,yes,semi-furnished,11411827.0
2347.0,3,3.0,3,Lucknow,Outskirts,Villa,16,1.0,yes,semi-furnished,10829598.0
1188.0,3,1.0,1,Jaipur,Prime Suburb,Independent House,4,1.0,yes,furnished,8648703.0
1423.0,3,2.0,3,Bangalore,Prime Suburb,Independent House,23,0.0,yes,furnished,20285201.0
535.0,1,1.0,1,Ahmedabad,Prime Suburb,Studio,49,2.0,no,unfurnished,3546004.0
2345.0,3,2.0,2,Hyderabad,Suburb,Villa,45,2.0,no,furnished,26430574.0
1785.0,3,1.0,1,Mumbai,City Centre,Apartment,40,2.0,no,unfurnished,49544339.0
826.0,3,2.0,1,Chennai,Waterfront,Apartment,25,0.0,yes,furnished,9318699.0
1190.0,3,3.0,1,Ahmedabad,Near Metro,Apartment,40,2.0,yes,furnished,8915999.0
1753.0,2,2.0,2,Kochi,Outskirts,Apartment,6,2.0,yes,semi-furnished,8091924.0
644.0,5,4.0,1,Mumbai,Waterfront,Independent House,56,1.0,yes,unfurnished,21489979.0
314.0,1,1.0,1,Mumbai,Gated Community,Studio,32,1.0,yes,semi-furnished,8452868.0
1284.0,3,3.0,1,Indore,Premium Township,Apartment,35,0.0,no,semi-furnished,8924011.0
1549.0,3,2.0,1,Kochi,Suburb,Apartment,46,3.0,no,unfurnished,8700770.0
479.0,3,1.0,3,Lucknow,Outskirts,Row House,44,2.0,yes,semi-furnished,1793697.0
1326.0,4,4.0,1,Delhi,Suburb,Apartment,52,2.0,yes,semi-furnished,17346039.0
1752.0,3,1.0,2,Kolkata,Premium Township,Row House,11,1.0,yes,furnished,16347718.0
848.0,2,2.0,2,Pune,Prime Suburb,Apartment,42,1.0,yes,unfurnished,9855300.0
559.0,1,1.0,1,Hyderabad,Prime Suburb,Studio,28,2.0,no,unfurnished,5709076.0
1929.0,4,4.0,2,Delhi,Near Metro,Row House,57,1.0,no,semi-furnished,28627907.0
3649.0,3,3.0,2,Mumbai,Near Metro,Penthouse,16,3.0,yes,unfurnished,108643350.0
1073.0,2,2.0,1,Delhi,Premium Township,Apartment,19,1.0,yes,semi-furnished,18870726.0
350.0,4,3.0,3,Hyderabad,Suburb,Independent House,42,3.0,no,semi-furnished,4660426.0
3389.0,3,2.0,2,Chandigarh,Gated Community,Villa,59,1.0,yes,unfurnished,39869981.0
1351.0,3,3.0,2,Delhi,Suburb,Row House,57,2.0,yes,unfurnished,13220605.0
1538.0,4,4.0,1,Lucknow,City Centre,Apartment,41,1.0,no,unfurnished,13672049.0
1867.0,2,1.0,1,Hyderabad,Premium Township,Apartment,54,0.0,yes,semi-furnished,21516296.0
983.0,2,2.0,2,Indore,Suburb,Apartment,39,0.0,yes,furnished,4852285.0
322.0,1,1.0,1,Pune,Suburb,Studio,22,2.0,yes,unfurnished,3720558.0
707.0,4,3.0,1,Indore,Gated Community,Apartment,15,2.0,no,unfurnished,5254162.0
1106.0,2,1.0,4,Ahmedabad,Outskirts,Row House,49,2.0,yes,semi-furnished,3660286.0
1379.0,2,2.0,1,Hyderabad,Outskirts,Independent House,7,1.0,yes,semi-furnished,7403243.0
1645.0,2,2.0,1,Pune,Suburb,Apartment,3,1.0,yes,semi-furnished,15363436.0
2917.0,4,4.0,2,Hyderabad,Prime Suburb,Villa,41,1.0,yes,semi-furnished,43939575.0
1404.0,2,1.0,1,Jaipur,Suburb,Apartment,23,1.0,yes,semi-furnished,7405820.0
1703.0,3,3.0,2,Chennai,Waterfront,Villa,42,2.0,yes,furnished,27180955.0
1423.0,4,3.0,1,Pune,Suburb,Independent House,13,2.0,yes,semi-furnished,14965858.0
2009.0,3,3.0,1,Bangalore,City Centre,Penthouse,49,1.0,yes,semi-furnished,47791727.0
1310.0,3,2.0,1,Pune,City Centre,Apartment,25,1.0,yes,semi-furnished,21294806.0
988.0,4,4.0,2,Mumbai,Gated Community,Apartment,14,2.0,no,unfurnished,24011561.0
413.0,3,2.0,1,Delhi,City Centre,Apartment,28,1.0,yes,semi-furnished,8382463.0
2519.0,3,2.0,3,Indore,Gated Community,Villa,22,1.0,yes,semi-furnished,20635180.0
1322.0,3,2.0,1,Bangalore,Gated Community,Apartment,9,2.0,yes,unfurnished,18446942.0
832.0,4,3.0,3,Bangalore,Gated Community,Row House,41,0.0,no,semi-furnished,10906495.0
1103.0,2,2.0,1,Chandigarh,Outskirts,Apartment,15,3.0,yes,unfurnished,5308388.0
541.0,3,3.0,2,Kochi,Prime Suburb,Apartment,27,2.0,yes,furnished,6397700.0
1789.0,3,1.0,1,Lucknow,City Centre,Apartment,25,0.0,no,semi-furnished,16451096.0
628.0,4,3.0,2,Pune,Prime Suburb,Apartment,30,0.0,yes,semi-furnished,7640004.0
1307.0,3,3.0,2,Hyderabad,Suburb,Row House,23,1.0,yes,unfurnished,10093625.0
1644.0,1,1.0,1,Chandigarh,Outskirts,Independent House,40,0.0,yes,semi-furnished,6244360.0
3338.0,3,3.0,2,Mumbai,Prime Suburb,Villa,29,2.0,no,semi-furnished,91569414.0
2362.0,3,3.0,4,Mumbai,Near Metro,Villa,7,2.0,yes,furnished,67138824.0
745.0,3,3.0,1,Delhi,Outskirts,Apartment,40,1.0,yes,furnished,6239921.0
2319.0,5,4.0,4,Hyderabad,Near Metro,Villa,22,1.0,no,unfurnished,27766557.0
1231.0,2,1.0,2,Chennai,Prime Suburb,Row House,2,2.0,yes,semi-furnished,12180869.0
1454.0,2,2.0,1,Indore,Near Metro,Apartment,25,1.0,yes,unfurnished,8735448.0
4026.0,3,2.0,2,Delhi,City Centre,Villa,27,1.0,yes,furnished,108643350.0
1273.0,5,3.0,2,Lucknow,Suburb,Apartment,47,1.0,yes,unfurnished,7138198.0
504.0,1,1.0,1,Bangalore,Gated Community,Studio,48,2.0,yes,furnished,6527795.0
2513.0,3,2.0,2,Delhi,Prime Suburb,Villa,7,1.0,yes,semi-furnished,54736287.0
1313.0,4,4.0,2,Lucknow,Premium Township,Row House,18,1.0,no,unfurnished,11276814.0
1391.0,2,2.0,2,Mumbai,Suburb,Independent House,10,1.0,yes,semi-furnished,32438539.0
1876.0,3,2.0,1,Indore,Outskirts,Apartment,11,1.0,yes,furnished,5956264.0
1371.0,1,1.0,1,Chandigarh,Outskirts,Independent House,13,1.0,yes,semi-furnished,5894678.0
1515.0,5,4.0,2,Indore,Prime Suburb,Row House,19,1.0,yes,semi-furnished,10617441.0
1102.0,4,3.0,1,Chennai,City Centre,Apartment,49,2.0,yes,unfurnished,13721702.0
968.0,3,3.0,3,Hyderabad,Waterfront,Row House,12,1.0,no,semi-furnished,14036140.0
1130.0,2,1.0,1,Jaipur,Premium Township,Apartment,47,1.0,yes,furnished,8312077.0
462.0,1,1.0,1,Bangalore,Near Metro,Studio,13,3.0,yes,semi-furnished,8015492.0
1841.0,3,2.0,1,Hyderabad,Outskirts,Apartment,49,0.0,yes,semi-furnished,8439501.0
1449.0,1,1.0,1,Bangalore,Prime Suburb,Apartment,54,1.0,no,unfurnished,15232637.0
542.0,1,2.0,1,Jaipur,Gated Community,Studio,48,0.0,yes,semi-furnished,3143190.0
2730.0,3,1.0,2,Chennai,Near Metro,Penthouse,1,0.0,no,semi-furnished,28844944.0
1242.0,4,2.0,2,Kochi,Premium Township,Independent House,53,2.0,yes,unfurnished,12603966.0
1254.0,2,1.0,1,Kolkata,Near Metro,Independent House,1,0.0,yes,semi-furnished,9778272.0
999.0,1,1.0,1,Mumbai,Near Metro,Apartment,54,0.0,no,furnished,21401330.0
1038.0,3,2.0,4,Lucknow,Outskirts,Row House,45,1.0,yes,unfurnished,3265774.0
2629.0,3,3.0,2,Chandigarh,Prime Suburb,Villa,26,2.0,no,unfurnished,30397329.0
576.0,4,4.0,1,Hyderabad,Near Metro,Independent House,27,2.0,yes,furnished,9519272.0
1273.0,2,1.0,1,Ahmedabad,Suburb,Apartment,58,1.0,no,semi-furnished,6758058.0
1522.0,3,2.0,2,Hyderabad,Outskirts,Independent House,12,0.0,yes,semi-furnished,9746955.0
790.0,3,2.0,1,Delhi,Gated Community,Apartment,59,2.0,yes,unfurnished,9856723.0
1000.0,3,2.0,2,Hyderabad,Suburb,Independent House,12,2.0,yes,furnished,11281677.0
482.0,4,2.0,3,Bangalore,Outskirts,Independent House,16,3.0,no,semi-furnished,4374444.0
1517.0,1,1.0,2,Hyderabad,Near Metro,Independent House,10,0.0,yes,semi-furnished,16894783.0
742.0,4,4.0,1,Delhi,Suburb,Apartment,27,1.0,yes,furnished,10705989.0
1332.0,3,2.0,2,Hyderabad,Waterfront,Apartment,38,1.0,yes,semi-furnished,17487071.0
318.0,1,1.0,1,Kochi,Near Metro,Studio,9,0.0,yes,semi-furnished,3299546.0
1290.0,2,1.0,1,Delhi,Suburb,Independent House,15,1.0,yes,furnished,15736977.0
382.0,1,1.0,1,Ahmedabad,Premium Township,Studio,44,0.0,yes,semi-furnished,3215658.0
3442.0,3,2.0,2,Kochi,Suburb,Villa,7,2.0,no,semi-furnished,28000575.0
2072.0,3,1.0,3,Bangalore,Near Metro,Villa,2,1.0,no,unfurnished,29824212.0
1630.0,4,4.0,1,Bangalore,Gated Community,Apartment,17,1.0,no,unfurnished,19709828.0
1237.0,3,2.0,2,Jaipur,Near Metro,Row House,29,2.0,yes,semi-furnished,4533443.0
786.0,2,2.0,1,Hyderabad,Near Metro,Apartment,39,3.0,yes,unfurnished,7256489.0
1398.0,2,1.0,1,Delhi,Outskirts,Apartment,38,1.0,yes,semi-furnished,8612287.0
3720.0,4,4.0,2,Kolkata,Premium Township,Villa,10,1.0,yes,semi-furnished,47963616.0
317.0,1,1.0,1,Jaipur,Near Metro,Studio,19,2.0,yes,semi-furnished,2384066.0
728.0,5,4.0,2,Chennai,Near Metro,Independent House,23,0.0,yes,semi-furnished,8879285.0
396.0,1,1.0,1,Mumbai,Premium Township,Studio,17,2.0,no,semi-furnished,14210430.0
1500.0,3,3.0,2,Mumbai,Gated Community,Penthouse,17,2.0,no,unfurnished,60230992.0
2981.0,3,3.0,2,Pune,Gated Community,Villa,53,1.0,yes,unfurnished,44300744.0
2075.0,3,3.0,1,Mumbai,City Centre,Penthouse,3,2.0,yes,furnished,108643350.0
1225.0,2,2.0,2,Delhi,Suburb,Independent House,20,1.0,yes,unfurnished,13077997.0
4026.0,3,3.0,2,Lucknow,Premium Township,Villa,51,1.0,yes,unfurnished,43993945.0
1238.0,3,2.0,1,Ahmedabad,City Centre,Independent House,20,2.0,no,furnished,15584152.0
590.0,1,1.0,1,Indore,Suburb,Studio,44,2.0,yes,unfurnished,2498866.0
742.0,3,3.0,1,Indore,Near Metro,Apartment,30,1.0,yes,semi-furnished,5127237.0
1347.0,3,1.0,1,Indore,City Centre,Apartment,12,2.0,no,semi-furnished,10757812.0
1665.0,1,1.0,2,Bangalore,City Centre,Apartment,15,2.0,yes,furnished,27750045.0
1004.0,2,1.0,1,Hyderabad,Waterfront,Apartment,4,3.0,yes,unfurnished,16169118.0
1711.0,3,3.0,2,Mumbai,Prime Suburb,Independent House,45,1.0,no,unfurnished,49900511.0
1486.0,3,3.0,2,Ahmedabad,Gated Community,Apartment,11,1.0,yes,semi-furnished,11692663.0
957.0,3,2.0,2,Hyderabad,Waterfront,Independent House,33,0.0,yes,semi-furnished,13556282.0
420.0,1,1.0,1,Mumbai,Prime Suburb,Studio,14,1.0,yes,unfurnished,10225411.0
2263.0,3,2.0,2,Chennai,City Centre,Villa,3,3.0,yes,semi-furnished,38306245.0
2858.0,3,3.0,1,Pune,Premium Township,Penthouse,5,1.0,no,semi-furnished,53125671.0
1207.0,3,2.0,1,Bangalore,Suburb,Apartment,44,1.0,yes,furnished,9578449.0
809.0,1,1.0,1,Chandigarh,Suburb,Apartment,43,2.0,no,furnished,5141597.0
1344.0,2,1.0,1,Jaipur,Suburb,Apartment,20,2.0,no,semi-furnished,7111441.0
443.0,3,2.0,1,Mumbai,Suburb,Apartment,22,1.0,yes,furnished,10798829.0
1438.0,2,1.0,3,Lucknow,City Centre,Independent House,12,0.0,yes,unfurnished,14675140.0
1134.0,2,1.0,1,Chennai,Outskirts,Apartment,27,1.0,yes,unfurnished,4568134.0
1045.0,3,3.0,1,Delhi,Waterfront,Apartment,53,0.0,no,semi-furnished,17419182.0
403.0,1,1.0,1,Chennai,Prime Suburb,Studio,44,2.0,no,unfurnished,3637442.0
3018.0,3,3.0,2,Bangalore,Suburb,Villa,6,1.0,no,semi-furnished,35404107.0
572.0,2,1.0,1,Chennai,Near Metro,Independent House,13,0.0,no,semi-furnished,5233771.0
1252.0,3,3.0,4,Pune,Suburb,Independent House,42,1.0,yes,furnished,14072768.0
1403.0,2,2.0,2,Lucknow,Outskirts,Row House,13,2.0,yes,semi-furnished,4967952.0
1163.0,3,3.0,3,Hyderabad,Outskirts,Row House,19,1.0,yes,furnished,6764934.0
3312.0,3,3.0,3,Mumbai,Near Metro,Villa,27,1.0,yes,furnished,94725362.0
1023.0,1,1.0,2,Mumbai,Gated Community,Row House,3,2.0,yes,unfurnished,29344104.0
1205.0,2,2.0,1,Bangalore,Prime Suburb,Apartment,56,2.0,no,semi-furnished,10891970.0
1227.0,3,3.0,1,Bangalore,Waterfront,Apartment,49,0.0,yes,furnished,76024638.0
3373.0,3,3.0,2,Indore,Gated Community,Villa,41,1.0,yes,semi-furnished,27236711.0
1237.0,3,3.0,1,Chennai,Premium Township,Apartment,36,0.0,yes,unfurnished,13318634.0
350.0,2,2.0,2,Chandigarh,Gated Community,Independent House,25,2.0,yes,furnished,4612713.0
2065.0,3,1.0,1,Delhi,Outskirts,Apartment,26,1.0,yes,unfurnished,14663931.0
436.0,1,1.0,1,Delhi,Near Metro,Studio,48,1.0,no,unfurnished,4686886.0
1121.0,5,4.0,1,Bangalore,City Centre,Apartment,32,1.0,yes,furnished,18438823.0
424.0,1,1.0,1,Mumbai,Gated Community,Studio,29,1.0,yes,furnished,14722990.0
1512.0,3,1.0,2,Bangalore,Suburb,Independent House,31,0.0,yes,semi-furnished,15265760.0
1451.0,1,1.0,1,Indore,Suburb,Independent House,1,1.0,no,semi-furnished,8192916.0
3675.0,3,3.0,1,Kochi,Suburb,Penthouse,3,1.0,no,furnished,37673816.0
2054.0,3,2.0,2,Delhi,Suburb,Villa,39,1.0,no,semi-furnished,30437030.0
1641.0,3,3.0,2,Delhi,Outskirts,Row House,3,1.0,yes,furnished,13310122.0
956.0,3,1.0,1,Chandigarh,Gated Community,Apartment,49,1.0,yes,semi-furnished,9174029.0
855.0,1,1.0,1,Mumbai,Suburb,Apartment,57,0.0,yes,semi-furnished,11164954.0
1383.0,3,3.0,1,Chandigarh,Prime Suburb,Apartment,44,1.0,yes,furnished,12666595.0
1109.0,1,1.0,1,Kochi,Outskirts,Apartment,44,3.0,no,semi-furnished,3877278.0
1449.0,2,2.0,1,Jaipur,Outskirts,Apartment,31,3.0,yes,semi-furnished,4599393.0
717.0,5,4.0,3,Delhi,Prime Suburb,Independent House,49,1.0,no,unfurnished,12499839.0
441.0,3,3.0,1,Hyderabad,Premium Township,Independent House,54,2.0,yes,unfurnished,5795654.0
345.0,1,1.0,1,Pune,Prime Suburb,Studio,45,3.0,no,semi-furnished,3740393.0
1494.0,2,1.0,1,Delhi,Suburb,Apartment,48,2.0,yes,semi-furnished,17646866.0
2294.0,3,3.0,1,Lucknow,Prime Suburb,Penthouse,44,1.0,yes,unfurnished,20383252.0
1505.0,2,2.0,2,Kochi,Suburb,Independent House,32,1.0,yes,unfurnished,11370606.0
1257.0,1,1.0,1,Lucknow,Near Metro,Apartment,19,1.0,yes,semi-furnished,6963221.0
669.0,1,1.0,1,Bangalore,Premium Township,Independent House,35,0.0,yes,semi-furnished,9841011.0
494.0,1,1.0,1,Mumbai,Premium Township,Studio,20,2.0,yes,unfurnished,16073759.0
766.0,2,2.0,2,Delhi,City Centre,Row House,10,2.0,no,semi-furnished,18499967.0
1510.0,1,2.0,1,Chennai,Premium Township,Apartment,30,3.0,yes,furnished,16522129.0
2741.0,3,1.0,3,Mumbai,Gated Community,Villa,30,1.0,yes,furnished,84570159.0
1035.0,4,3.0,1,Chandigarh,Suburb,Apartment,38,3.0,yes,unfurnished,9437348.0
418.0,1,1.0,1,Pune,Premium Township,Studio,55,1.0,yes,unfurnished,4196791.0
860.0,3,3.0,1,Ahmedabad,Suburb,Apartment,15,0.0,yes,unfurnished,5747326.0
983.0,4,3.0,1,Kolkata,Suburb,Apartment,35,1.0,yes,semi-furnished,6193577.0
3881.0,3,3.0,2,Chennai,Premium Township,Villa,45,1.0,yes,semi-furnished,63256005.0
1244.0,1,1.0,2,Pune,Near Metro,Apartment,3,1.0,yes,semi-furnished,11489101.0
1438.0,4,4.0,2,Bangalore,Premium Township,Row House,14,2.0,no,semi-furnished,23427340.0
1368.0,5,4.0,2,Chennai,Outskirts,Independent House,17,0.0,no,furnished,7185661.0
1909.0,3,2.0,2,Indore,Suburb,Villa,29,3.0,yes,furnished,12658063.0
997.0,2,1.0,1,Jaipur,Prime Suburb,Apartment,15,2.0,yes,semi-furnished,6865465.0
1496.0,2,1.0,1,Delhi,Outskirts,Independent House,43,0.0,no,semi-furnished,9055121.0
970.0,2,2.0,2,Mumbai,Suburb,Row House,33,1.0,yes,semi-furnished,17858614.0
350.0,1,1.0,1,Mumbai,Gated Community,Apartment,38,1.0,yes,unfurnished,7076163.0
1352.0,3,2.0,1,Bangalore,Near Metro,Apartment,48,0.0,yes,furnished,14659477.0
2751.0,3,2.0,1,Bangalore,Prime Suburb,Penthouse,34,1.0,yes,semi-furnished,41521964.0
981.0,4,4.0,1,Ahmedabad,Suburb,Apartment,9,0.0,yes,furnished,7129607.0
1087.0,3,2.0,1,Mumbai,Gated Community,Apartment,43,1.0,yes,unfurnished,24948547.0
1438.0,4,3.0,1,Delhi,Gated Community,Apartment,57,1.0,yes,semi-furnished,21750296.0
2182.0,1,1.0,2,Bangalore,Suburb,Independent House,5,0.0,no,unfurnished,21471626.0
1660.0,3,2.0,2,Ahmedabad,Suburb,Independent House,6,1.0,no,unfurnished,11115847.0
1425.0,1,1.0,1,Kochi,Waterfront,Apartment,60,1.0,yes,semi-furnished,11402521.0
1709.0,1,1.0,1,Jaipur,Prime Suburb,Apartment,41,2.0,no,furnished,10993845.0
1237.0,3,2.0,1,Bangalore,City Centre,Apartment,56,0.0,yes,furnished,13285381.0
1320.0,2,2.0,1,Hyderabad,Suburb,Apartment,26,1.0,yes,unfurnished,9968254.0
852.0,3,3.0,2,Delhi,Prime Suburb,Independent House,53,1.0,yes,semi-furnished,12560555.0
975.0,2,2.0,1,Lucknow,City Centre,Independent House,5,0.0,no,semi-furnished,9894918.0
816.0,1,1.0,1,Mumbai,Outskirts,Apartment,53,0.0,yes,unfurnished,5253438.0
3027.0,3,1.0,2,Kolkata,Gated Community,Villa,48,1.0,yes,furnished,31459793.0
976.0,1,1.0,3,Mumbai,Near Metro,Independent House,30,0.0,yes,semi-furnished,24052609.0
1792.0,3,2.0,4,Kolkata,Prime Suburb,Row House,33,0.0,yes,semi-furnished,14954542.0
756.0,1,1.0,1,Hyderabad,Suburb,Independent House,44,2.0,yes,semi-furnished,6426956.0
1541.0,3,2.0,1,Hyderabad,Suburb,Apartment,35,1.0,no,semi-furnished,12052720.0
1178.0,5,4.0,1,Kolkata,Gated Community,Independent House,11,1.0,no,furnished,10375152.0
344.0,1,1.0,1,Kochi,City Centre,Studio,49,1.0,yes,semi-furnished,3937778.0
4036.0,3,2.0,1,Hyderabad,Suburb,Penthouse,38,1.0,yes,semi-furnished,42740134.0
1191.0,3,1.0,1,Lucknow,Prime Suburb,Apartment,41,3.0,no,semi-furnished,8013410.0
4337.0,3,2.0,2,Chandigarh,Suburb,Villa,58,1.0,yes,furnished,37320125.0
2558.0,3,2.0,2,Jaipur,Suburb,Villa,34,1.0,yes,unfurnished,16855979.0
778.0,1,1.0,3,Bangalore,Waterfront,Independent House,11,0.0,yes,furnished,12102344.0
1104.0,1,1.0,1,Jaipur,City Centre,Apartment,0,1.0,yes,semi-furnished,11569336.0
1368.0,2,1.0,1,Hyderabad,Suburb,Apartment,0,2.0,yes,furnished,12910008.0
2431.0,3,2.0,1,Kochi,Outskirts,Penthouse,20,2.0,yes,semi-furnished,14772199.0
1401.0,1,1.0,1,Pune,City Centre,Apartment,49,0.0,yes,semi-furnished,18886629.0
1258.0,1,1.0,1,Bangalore,Outskirts,Apartment,24,1.0,no,semi-furnished,6821885.0
350.0,1,2.0,2,Delhi,Outskirts,Independent House,1,1.0,yes,semi-furnished,4897207.0
1524.0,3,3.0,1,Mumbai,Suburb,Penthouse,47,1.0,yes,furnished,38761456.0
1900.0,3,3.0,2,Lucknow,Waterfront,Penthouse,51,0.0,no,furnished,20390813.0
481.0,2,2.0,1,Ahmedabad,City Centre,Apartment,49,0.0,yes,unfurnished,4671615.0
2111.0,3,3.0,2,Hyderabad,Outskirts,Villa,53,2.0,yes,semi-furnished,13021029.0
718.0,3,2.0,1,Delhi,City Centre,Apartment,13,1.0,yes,semi-furnished,16454648.0
1600.0,3,3.0,2,Chennai,Outskirts,Villa,48,1.0,yes,unfurnished,8778330.0
899.0,4,2.0,2,Jaipur,Outskirts,Independent House,3,1.0,no,unfurnished,4129327.0
949.0,2,1.0,2,Kolkata,Gated Community,Independent House,60,1.0,yes,semi-furnished,7582039.0
432.0,1,1.0,1,Delhi,Premium Township,Studio,36,2.0,yes,furnished,8748724.0
382.0,2,1.0,1,Lucknow,Premium Township,Apartment,29,1.0,no,semi-furnished,3250138.0
3362.0,4,3.0,2,Delhi,Suburb,Villa,16,1.0,yes,furnished,53096357.0
1214.0,3,2.0,2,Bangalore,Suburb,Row House,39,2.0,yes,unfurnished,9942974.0
1318.0,2,1.0,1,Ahmedabad,Gated Community,Apartment,7,1.0,yes,furnished,11320797.0
2369.0,3,2.0,2,Delhi,City Centre,Villa,5,1.0,no,semi-furnished,67066443.0
1541.0,1,1.0,2,Bangalore,Outskirts,Independent House,48,2.0,yes,furnished,7590483.0
1829.0,5,4.0,1,Kolkata,City Centre,Apartment,58,0.0,no,furnished,19693864.0
1415.0,2,1.0,2,Hyderabad,Gated Community,Apartment,44,3.0,yes,unfurnished,14298736.0
866.0,5,4.0,2,Bangalore,Suburb,Apartment,16,1.0,yes,semi-furnished,10079261.0
1237.0,4,3.0,1,Lucknow,Gated Community,Penthouse,19,1.0,no,furnished,28196464.0
449.0,3,2.0,1,Pune,City Centre,Apartment,15,1.0,no,semi-furnished,7257322.0
1578.0,2,2.0,1,Lucknow,Suburb,Independent House,17,3.0,yes,unfurnished,8882767.0
2931.0,3,3.0,2,Jaipur,Suburb,Penthouse,18,0.0,yes,semi-furnished,20524057.0
956.0,2,1.0,1,Ahmedabad,Outskirts,Apartment,43,1.0,yes,semi-furnished,3350999.0
1200.0,4,2.0,2,Mumbai,Outskirts,Apartment,37,2.0,yes,semi-furnished,15258330.0
1157.0,2,2.0,1,Mumbai,Prime Suburb,Independent House,16,2.0,no,unfurnished,28263153.0
1500.0,4,3.0,2,Kolkata,Gated Community,Independent House,2,1.0,no,semi-furnished,11979155.0
493.0,2,2.0,1,Pune,Premium Township,Apartment,48,1.0,yes,unfurnished,6053865.0
1606.0,3,2.0,1,Delhi,City Centre,Penthouse,8,2.0,yes,semi-furnished,44386064.0
1004.0,3,2.0,1,Ahmedabad,Suburb,Apartment,6,0.0,no,unfurnished,5964327.0
1488.0,2,1.0,1,Mumbai,Suburb,Independent House,43,1.0,yes,semi-furnished,27995494.0
1815.0,2,2.0,1,Mumbai,Prime Suburb,Apartment,55,3.0,yes,unfurnished,42902539.0
1030.0,4,3.0,1,Delhi,Prime Suburb,Apartment,28,0.0,yes,furnished,16000001.0
697.0,5,4.0,1,Chandigarh,Near Metro,Apartment,5,1.0,yes,semi-furnished,7813704.0
903.0,2,1.0,2,Hyderabad,Suburb,Row House,39,1.0,yes,unfurnished,7079684.0
836.0,3,3.0,1,Kolkata,Premium Township,Apartment,52,1.0,yes,semi-furnished,7260933.0
1689.0,3,3.0,1,Chandigarh,Outskirts,Independent House,42,0.0,yes,semi-furnished,6605840.0
450.0,1,1.0,1,Chennai,Suburb,Studio,11,0.0,yes,semi-furnished,4365932.0
1487.0,2,1.0,1,Kochi,Suburb,Independent House,19,2.0,no,furnished,11196861.0
1033.0,4,4.0,2,Jaipur,Premium Township,Independent House,13,0.0,yes,unfurnished,8765092.0
1151.0,3,3.0,1,Kolkata,Prime Suburb,Independent House,27,0.0,yes,unfurnished,9768675.0
910.0,3,3.0,3,Chennai,Gated Community,Independent House,3,0.0,no,unfurnished,10045475.0
484.0,4,4.0,1,Delhi,Near Metro,Independent House,19,2.0,no,unfurnished,10948832.0
1036.0,1,1.0,4,Chandigarh,Near Metro,Independent House,39,1.0,yes,unfurnished,8261546.0
1119.0,3,3.0,1,Lucknow,Suburb,Apartment,8,2.0,no,semi-furnished,6047323.0
1646.0,3,2.0,2,Bangalore,Gated Community,Row House,24,0.0,yes,semi-furnished,18257310.0
1046.0,4,3.0,1,Indore,Waterfront,Apartment,58,0.0,no,semi-furnished,7149999.0
1279.0,3,2.0,3,Kolkata,Premium Township,Independent House,12,1.0,yes,semi-furnished,12777797.0
1220.0,3,2.0,1,Indore,Gated Community,Apartment,7,2.0,yes,semi-furnished,8540338.0
1562.0,3,3.0,1,Mumbai,Outskirts,Apartment,23,2.0,no,unfurnished,15478618.0
474.0,1,1.0,1,Chennai,Outskirts,Studio,32,0.0,no,unfurnished,1789424.0
2466.0,3,2.0,1,Mumbai,City Centre,Penthouse,5,1.0,yes,unfurnished,108643350.0
2456.0,2,1.0,1,Delhi,Premium Township,Apartment,2,0.0,yes,unfurnished,44867451.0
886.0,2,1.0,1,Hyderabad,Suburb,Independent House,33,1.0,no,unfurnished,7607916.0
1492.0,3,3.0,3,Bangalore,Premium Township,Independent House,43,0.0,yes,furnished,25393816.0
2437.0,5,3.0,1,Mumbai,Gated Community,Penthouse,21,0.0,yes,unfurnished,84360956.0
1333.0,2,1.0,1,Hyderabad,Outskirts,Apartment,47,1.0,no,furnished,6179524.0
1047.0,4,3.0,3,Chennai,Suburb,Independent House,16,0.0,yes,semi-furnished,10298658.0
1190.0,3,2.0,1,Hyderabad,Prime Suburb,Apartment,26,3.0,no,semi-furnished,13066634.0
520.0,1,1.0,1,Chennai,Waterfront,Studio,44,1.0,no,semi-furnished,6124994.0
582.0,1,1.0,1,Lucknow,Prime Suburb,Studio,48,2.0,yes,semi-furnished,4134232.0
1228.0,3,2.0,2,Mumbai,Prime Suburb,Row House,19,3.0,yes,unfurnished,31318200.0
1892.0,2,2.0,1,Ahmedabad,Premium Township,Apartment,37,3.0,yes,furnished,15555754.0
1337.0,4,4.0,3,Kolkata,City Centre,Row House,30,2.0,yes,semi-furnished,13631748.0
2071.0,3,2.0,1,Hyderabad,Near Metro,Independent House,19,1.0,no,semi-furnished,20995852.0
1398.0,4,4.0,2,Mumbai,City Centre,Independent House,45,3.0,no,unfurnished,50117434.0
2564.0,3,3.0,1,Pune,Suburb,Penthouse,52,1.0,yes,semi-furnished,30870862.0
1689.0,3,3.0,2,Hyderabad,City Centre,Penthouse,23,1.0,yes,furnished,34794518.0
872.0,1,1.0,1,Kolkata,Outskirts,Apartment,42,3.0,yes,furnished,3056529.0
992.0,3,3.0,1,Chennai,Outskirts,Apartment,50,0.0,yes,furnished,4339196.0
1674.0,3,3.0,1,Lucknow,Suburb,Apartment,2,0.0,yes,unfurnished,7712312.0
758.0,3,3.0,1,Pune,Gated Community,Apartment,45,0.0,yes,semi-furnished,8789538.0
400.0,1,1.0,1,Chennai,Outskirts,Studio,38,0.0,yes,furnished,1829605.0
1661.0,3,2.0,2,Chennai,Suburb,Apartment,25,1.0,yes,furnished,13134578.0
1974.0,2,1.0,1,Bangalore,City Centre,Apartment,14,1.0,yes,semi-furnished,33686997.0
972.0,2,2.0,1,Delhi,Prime Suburb,Independent House,26,2.0,no,unfurnished,14354508.0
859.0,3,3.0,3,Kochi,Gated Community,Independent House,31,1.0,yes,unfurnished,8781540.0
356.0,1,1.0,1,Bangalore,City Centre,Studio,46,2.0,yes,unfurnished,6168827.0
3862.0,3,1.0,2,Indore,Outskirts,Villa,9,2.0,yes,unfurnished,15142610.0
676.0,2,1.0,1,Mumbai,Suburb,Apartment,40,2.0,yes,unfurnished,11458897.0
472.0,1,1.0,1,Bangalore,Suburb,Studio,60,1.0,yes,unfurnished,3592469.0
445.0,2,2.0,2,Kochi,Gated Community,Row House,4,1.0,no,unfurnished,4942173.0
1337.0,3,2.0,1,Bangalore,Outskirts,Apartment,54,1.0,yes,unfurnished,5871780.0
1053.0,3,2.0,1,Kochi,Premium Township,Apartment,15,2.0,yes,semi-furnished,10690331.0
2625.0,4,3.0,4,Bangalore,Prime Suburb,Villa,39,2.0,yes,unfurnished,37489579.0
1080.0,2,2.0,1,Pune,Prime Suburb,Apartment,26,3.0,yes,furnished,13154736.0
462.0,4,2.0,1,Chandigarh,City Centre,Apartment,21,1.0,yes,unfurnished,6405915.0
2713.0,3,3.0,1,Pune,Prime Suburb,Penthouse,50,3.0,no,furnished,43043110.0
2192.0,3,1.0,2,Delhi,Suburb,Villa,51,1.0,yes,unfurnished,31416388.0
1424.0,2,1.0,2,Pune,Premium Township,Row House,25,0.0,yes,semi-furnished,17112192.0
639.0,3,3.0,2,Pune,Outskirts,Independent House,27,1.0,yes,furnished,5191233.0
582.0,2,2.0,2,Kolkata,Prime Suburb,Apartment,30,0.0,yes,unfurnished,4902816.0
2836.0,3,3.0,2,Indore,Prime Suburb,Villa,3,2.0,yes,semi-furnished,23425175.0
503.0,1,1.0,1,Pune,Outskirts,Studio,17,1.0,no,unfurnished,2763568.0
1816.0,2,1.0,1,Hyderabad,Prime Suburb,Apartment,50,1.0,yes,semi-furnished,17868805.0
1076.0,5,4.0,1,Pune,Suburb,Apartment,13,3.0,yes,unfurnished,11398484.0
1091.0,1,1.0,2,Delhi,Outskirts,Apartment,42,2.0,no,semi-furnished,7002667.0
1500.0,3,3.0,1,Bangalore,Prime Suburb,Penthouse,24,1.0,yes,furnished,24236123.0
785.0,3,3.0,2,Bangalore,Premium Township,Row House,57,1.0,yes,unfurnished,10497118.0
1531.0,1,1.0,1,Pune,Suburb,Apartment,12,1.0,no,semi-furnished,13053751.0
1012.0,2,1.0,2,Lucknow,Prime Suburb,Apartment,28,1.0,no,furnished,6541501.0
408.0,1,1.0,1,Pune,Prime Suburb,Studio,7,0.0,no,unfurnished,5195817.0
2207.0,3,1.0,3,Delhi,Suburb,Villa,20,1.0,no,semi-furnished,35252471.0
2004.0,2,1.0,1,Lucknow,Near Metro,Apartment,4,1.0,no,unfurnished,10708327.0
861.0,1,1.0,2,Bangalore,Suburb,Row House,21,0.0,no,furnished,8184836.0
1276.0,4,3.0,4,Bangalore,Outskirts,Row House,29,0.0,yes,unfurnished,8416459.0
420.0,1,1.0,1,Kochi,Prime Suburb,Studio,8,1.0,yes,semi-furnished,4335583.0
1403.0,3,3.0,2,Delhi,City Centre,Row House,26,1.0,yes,furnished,30219150.0
2546.0,3,2.0,2,Ahmedabad,Prime Suburb,Villa,59,1.0,yes,furnished,24775304.0
827.0,3,1.0,2,Mumbai,Outskirts,Independent House,44,0.0,yes,furnished,9436175.0
1046.0,1,1.0,3,Lucknow,Premium Township,Independent House,52,2.0,yes,semi-furnished,7250764.0
2466.0,3,2.0,2,Ahmedabad,Prime Suburb,Penthouse,43,1.0,yes,unfurnished,25163356.0
1695.0,3,3.0,1,Bangalore,Premium Township,Apartment,47,1.0,yes,semi-furnished,22316913.0
1423.0,4,4.0,2,Mumbai,Suburb,Independent House,51,1.0,yes,semi-furnished,33059750.0
1491.0,2,2.0,2,Indore,Suburb,Independent House,39,0.0,no,semi-furnished,7220021.0
1354.0,4,4.0,1,Mumbai,Suburb,Apartment,7,0.0,yes,unfurnished,33441755.0
513.0,2,2.0,3,Kolkata,Suburb,Independent House,56,1.0,yes,unfurnished,3289741.0
1058.0,5,4.0,2,Chandigarh,Prime Suburb,Independent House,46,0.0,yes,unfurnished,11544361.0
1459.0,3,3.0,1,Jaipur,Prime Suburb,Independent House,21,0.0,yes,semi-furnished,11897334.0
1610.0,2,2.0,2,Pune,Prime Suburb,Row House,45,3.0,yes,unfurnished,16514313.0
1395.0,3,2.0,1,Pune,Outskirts,Apartment,23,2.0,no,unfurnished,6859615.0
924.0,3,1.0,1,Kochi,Premium Township,Apartment,31,1.0,yes,semi-furnished,8313833.0
562.0,1,1.0,1,Mumbai,Suburb,Studio,49,1.0,yes,semi-furnished,9699620.0
2605.0,3,2.0,2,Lucknow,Prime Suburb,Villa,46,1.0,yes,semi-furnished,20951705.0
766.0,1,1.0,1,Pune,Suburb,Apartment,29,1.0,yes,semi-furnished,5440114.0
1030.0,2,1.0,1,Mumbai,Outskirts,Independent House,39,1.0,yes,unfurnished,13795891.0
646.0,2,1.0,2,Lucknow,Near Metro,Row House,47,0.0,yes,unfurnished,3702491.0
2124.0,3,2.0,1,Kolkata,City Centre,Penthouse,35,1.0,yes,unfurnished,29889912.0
1155.0,5,4.0,3,Ahmedabad,City Centre,Independent House,27,1.0,yes,unfurnished,14186833.0
2252.0,3,2.0,2,Indore,Gated Community,Villa,14,2.0,no,unfurnished,17104142.0
1390.0,2,2.0,1,Delhi,Suburb,Apartment,15,1.0,yes,unfurnished,18198720.0
1014.0,2,1.0,3,Pune,Suburb,Independent House,59,1.0,no,furnished,9475881.0
1790.0,3,2.0,1,Bangalore,Outskirts,Penthouse,24,1.0,no,semi-furnished,14652239.0
1376.0,4,4.0,1,Delhi,Suburb,Apartment,9,2.0,yes,unfurnished,17786682.0
2718.0,4,3.0,2,Chandigarh,Premium Township,Villa,57,1.0,yes,furnished,40437796.0
1746.0,3,1.0,1,Bangalore,Gated Community,Apartment,27,2.0,yes,unfurnished,20826244.0
2588.0,3,3.0,2,Bangalore,Prime Suburb,Villa,23,2.0,yes,semi-furnished,37916831.0
2770.0,3,2.0,2,Bangalore,Suburb,Penthouse,6,0.0,yes,semi-furnished,33203466.0
989.0,3,3.0,1,Bangalore,Premium Township,Apartment,21,1.0,yes,semi-furnished,17349657.0
3691.0,3,3.0,2,Ahmedabad,Prime Suburb,Villa,52,1.0,no,semi-furnished,35138775.0
2994.0,3,1.0,3,Hyderabad,Near Metro,Villa,55,2.0,yes,semi-furnished,38810334.0
1740.0,4,3.0,1,Chennai,Suburb,Apartment,42,2.0,no,semi-furnished,14383813.0
1806.0,3,1.0,1,Mumbai,Suburb,Apartment,21,1.0,yes,semi-furnished,33663509.0
464.0,1,1.0,1,Kochi,City Centre,Studio,15,0.0,yes,semi-furnished,5687232.0
828.0,2,1.0,1,Pune,Near Metro,Apartment,48,1.0,no,unfurnished,7576479.0
588.0,2,1.0,1,Chennai,Premium Township,Independent House,26,2.0,no,unfurnished,7364622.0
1402.0,2,2.0,2,Jaipur,Outskirts,Independent House,45,1.0,yes,semi-furnished,4783636.0
626.0,2,2.0,2,Kochi,Suburb,Row House,31,1.0,no,furnished,4354783.0
823.0,3,3.0,2,Mumbai,Outskirts,Independent House,4,1.0,yes,semi-furnished,16012953.0
953.0,2,2.0,1,Pune,City Centre,Apartment,50,0.0,yes,unfurnished,13524363.0
834.0,1,1.0,1,Mumbai,Suburb,Apartment,14,1.0,no,semi-furnished,14248101.0
1529.0,2,2.0,2,Bangalore,City Centre,Row House,58,1.0,yes,semi-furnished,25100811.0
2832.0,3,2.0,2,Delhi,Waterfront,Villa,29,1.0,no,unfurnished,64333829.0
632.0,1,1.0,1,Mumbai,Gated Community,Studio,58,1.0,yes,unfurnished,13119463.0
2547.0,3,3.0,3,Chennai,Suburb,Villa,6,2.0,yes,semi-furnished,26640638.0
1432.0,1,1.0,2,Hyderabad,Prime Suburb,Independent House,57,0.0,no,unfurnished,13881641.0
987.0,3,1.0,2,Chandigarh,Near Metro,Apartment,25,0.0,yes,furnished,8068369.0
1289.0,2,2.0,1,Jaipur,City Centre,Independent House,3,1.0,yes,unfurnished,13094737.0
371.0,1,1.0,1,Kolkata,Outskirts,Studio,59,1.0,yes,unfurnished,1392099.0
720.0,2,2.0,2,Indore,Suburb,Row House,16,1.0,yes,semi-furnished,4026872.0
352.0,1,1.0,1,Indore,Suburb,Studio,3,1.0,no,unfurnished,2223275.0
1458.0,1,2.0,2,Lucknow,Prime Suburb,Apartment,45,1.0,yes,semi-furnished,8599687.0
991.0,3,3.0,1,Mumbai,Outskirts,Apartment,12,1.0,yes,semi-furnished,11739972.0
639.0,1,1.0,1,Pune,Prime Suburb,Studio,55,0.0,no,semi-furnished,6359063.0
521.0,1,1.0,1,Kolkata,Outskirts,Studio,27,3.0,yes,semi-furnished,2405187.0
485.0,4,3.0,2,Delhi,Gated Community,Independent House,41,0.0,yes,unfurnished,9054942.0
1106.0,2,1.0,2,Mumbai,Gated Community,Row House,19,1.0,no,unfurnished,27387419.0
2337.0,3,2.0,2,Kochi,Near Metro,Villa,27,1.0,yes,unfurnished,24381058.0
1256.0,2,2.0,1,Hyderabad,City Centre,Apartment,34,1.0,yes,semi-furnished,18292675.0
1248.0,1,1.0,1,Ahmedabad,Outskirts,Apartment,8,2.0,yes,furnished,4445394.0
999.0,2,1.0,2,Delhi,Prime Suburb,Apartment,38,0.0,yes,semi-furnished,13517579.0
1237.0,1,1.0,2,Delhi,Prime Suburb,Independent House,5,0.0,no,furnished,20232999.0
1624.0,2,1.0,2,Hyderabad,Suburb,Row House,39,1.0,yes,semi-furnished,14450187.0
826.0,5,4.0,1,Delhi,Suburb,Apartment,3,2.0,yes,furnished,13404397.0
729.0,2,1.0,3,Ahmedabad,Suburb,Row House,45,0.0,yes,unfurnished,4302600.0
899.0,2,1.0,2,Mumbai,City Centre,Apartment,41,0.0,no,unfurnished,32358168.0
1580.0,1,1.0,1,Jaipur,Gated Community,Apartment,19,0.0,no,semi-furnished,9613703.0
1294.0,2,1.0,1,Jaipur,Suburb,Apartment,13,2.0,yes,unfurnished,6943140.0
350.0,2,2.0,1,Indore,Premium Township,Apartment,21,1.0,yes,semi-furnished,3254698.0
1119.0,2,2.0,1,Hyderabad,Prime Suburb,Apartment,25,2.0,no,unfurnished,12546003.0
350.0,2,1.0,2,Ahmedabad,Suburb,Apartment,53,1.0,yes,unfurnished,1683363.0
606.0,3,2.0,2,Kolkata,Gated Community,Independent House,25,0.0,no,semi-furnished,6444452.0
1035.0,2,2.0,2,Pune,City Centre,Independent House,48,1.0,yes,unfurnished,16904361.0
1290.0,3,2.0,1,Jaipur,City Centre,Apartment,38,3.0,no,semi-furnished,12376155.0
1389.0,3,3.0,1,Jaipur,Prime Suburb,Apartment,47,1.0,no,semi-furnished,8611436.0
1942.0,3,2.0,1,Delhi,Premium Township,Penthouse,15,1.0,no,semi-furnished,49401895.0
1951.0,3,2.0,1,Mumbai,Suburb,Apartment,28,1.0,no,semi-furnished,33151138.0
1135.0,1,1.0,2,Chandigarh,Outskirts,Apartment,46,1.0,yes,furnished,3941710.0
716.0,1,1.0,1,Chennai,Waterfront,Apartment,46,1.0,yes,semi-furnished,8348487.0
1097.0,5,4.0,4,Indore,Suburb,Independent House,33,0.0,no,semi-furnished,7231547.0
451.0,1,1.0,1,Hyderabad,Gated Community,Studio,38,0.0,no,semi-furnished,4388736.0
2192.0,3,2.0,2,Chandigarh,City Centre,Penthouse,16,1.0,no,furnished,38781334.0
474.0,1,1.0,1,Bangalore,Premium Township,Studio,37,2.0,yes,unfurnished,5957751.0
678.0,2,1.0,3,Hyderabad,Suburb,Independent House,46,2.0,yes,semi-furnished,6711236.0
1211.0,3,2.0,1,Chennai,City Centre,Apartment,32,1.0,yes,unfurnished,18174582.0
2340.0,3,3.0,2,Hyderabad,Near Metro,Villa,11,1.0,no,semi-furnished,22563907.0
560.0,4,4.0,1,Kolkata,Near Metro,Independent House,52,0.0,yes,furnished,4927850.0
1260.0,2,2.0,1,Indore,Outskirts,Apartment,16,2.0,yes,unfurnished,3576222.0
620.0,1,1.0,1,Bangalore,City Centre,Studio,31,1.0,yes,unfurnished,10127721.0
1068.0,3,1.0,1,Delhi,Suburb,Independent House,18,2.0,yes,unfurnished,15183975.0
918.0,2,1.0,3,Delhi,Premium Township,Independent House,38,0.0,yes,unfurnished,70234198.0
338.0,1,1.0,1,Delhi,Suburb,Studio,40,1.0,yes,furnished,4250755.0
698.0,2,2.0,2,Hyderabad,Prime Suburb,Independent House,56,1.0,yes,semi-furnished,7038162.0
1038.0,2,2.0,2,Indore,Suburb,Independent House,53,1.0,yes,semi-furnished,5226878.0
1033.0,2,2.0,2,Pune,Gated Community,Independent House,26,2.0,yes,semi-furnished,14671698.0
2859.0,3,2.0,3,Chennai,Waterfront,Villa,39,3.0,yes,semi-furnished,46268207.0
1459.0,3,2.0,1,Mumbai,Outskirts,Apartment,26,2.0,yes,semi-furnished,15085390.0
2808.0,3,3.0,3,Chandigarh,Suburb,Villa,41,3.0,yes,unfurnished,27391033.0
1880.0,4,3.0,2,Chennai,Outskirts,Penthouse,28,2.0,yes,semi-furnished,13303087.0
725.0,2,1.0,1,Jaipur,Suburb,Apartment,4,3.0,yes,unfurnished,4619725.0
3396.0,3,2.0,2,Kochi,Gated Community,Villa,26,1.0,yes,semi-furnished,34086016.0
1870.0,3,3.0,1,Chennai,Outskirts,Apartment,38,1.0,yes,furnished,7305649.0
2801.0,3,2.0,2,Kochi,Suburb,Penthouse,55,1.0,yes,unfurnished,28064146.0
1360.0,3,3.0,1,Delhi,Near Metro,Apartment,2,1.0,yes,unfurnished,20931186.0
2219.0,4,3.0,2,Mumbai,Prime Suburb,Villa,41,3.0,yes,furnished,70405770.0
1648.0,2,1.0,2,Jaipur,Prime Suburb,Apartment,26,1.0,yes,semi-furnished,10427779.0
1829.0,5,2.0,1,Chennai,Prime Suburb,Independent House,57,0.0,yes,unfurnished,19344095.0
2589.0,3,3.0,1,Pune,Prime Suburb,Penthouse,53,1.0,yes,semi-furnished,42866418.0
1316.0,2,1.0,1,Pune,Gated Community,Apartment,53,0.0,yes,semi-furnished,14123338.0
1346.0,3,1.0,1,Chennai,Suburb,Apartment,57,1.0,no,semi-furnished,9980194.0
654.0,2,1.0,1,Chandigarh,Outskirts,Apartment,53,0.0,yes,unfurnished,1968219.0
734.0,3,2.0,1,Mumbai,Suburb,Apartment,37,2.0,yes,semi-furnished,13346869.0
1237.0,2,1.0,2,Mumbai,Near Metro,Apartment,46,2.0,yes,furnished,35559066.0
1675.0,2,2.0,4,Jaipur,Outskirts,Independent House,37,1.0,yes,furnished,6215310.0
1045.0,3,1.0,1,Kolkata,Outskirts,Apartment,9,1.0,no,semi-furnished,3870299.0
772.0,3,3.0,2,Pune,Suburb,Row House,0,3.0,yes,semi-furnished,9690344.0
564.0,2,2.0,1,Lucknow,Suburb,Apartment,28,2.0,no,furnished,3781435.0
1100.0,3,3.0,1,Kolkata,Gated Community,Apartment,42,1.0,yes,semi-furnished,9798404.0
1131.0,3,2.0,2,Mumbai,Premium Township,Apartment,51,0.0,yes,unfurnished,30482095.0
754.0,3,3.0,2,Bangalore,Outskirts,Apartment,6,2.0,no,semi-furnished,5807834.0
1259.0,3,3.0,2,Mumbai,Near Metro,Independent House,35,0.0,yes,unfurnished,31306414.0
1151.0,3,2.0,2,Pune,Gated Community,Row House,20,2.0,yes,unfurnished,14728687.0
1334.0,2,2.0,2,Kolkata,Near Metro,Row House,56,1.0,yes,furnished,8367456.0
2089.0,2,2.0,2,Delhi,Prime Suburb,Independent House,22,1.0,yes,unfurnished,30494029.0
1798.0,2,1.0,2,Ahmedabad,Suburb,Independent House,36,0.0,no,furnished,11075830.0
1886.0,3,3.0,1,Mumbai,Suburb,Apartment,34,1.0,yes,furnished,34106755.0
1828.0,3,2.0,1,Lucknow,Suburb,Apartment,7,0.0,yes,semi-furnished,8786893.0
765.0,3,2.0,2,Ahmedabad,Premium Township,Apartment,56,1.0,yes,furnished,6300365.0
1042.0,2,2.0,2,Chandigarh,Gated Community,Apartment,7,0.0,no,semi-furnished,9824005.0
1467.0,2,1.0,2,Mumbai,Outskirts,Row House,50,0.0,yes,semi-furnished,15250154.0
2838.0,3,2.0,2,Indore,Gated Community,Villa,1,2.0,yes,furnished,24417499.0
1175.0,3,1.0,3,Mumbai,Prime Suburb,Independent House,38,0.0,no,semi-furnished,27690729.0
2968.0,3,3.0,3,Chennai,Suburb,Villa,20,1.0,no,unfurnished,33904107.0
350.0,2,1.0,1,Kolkata,Gated Community,Apartment,34,1.0,yes,furnished,3316771.0
1454.0,4,4.0,1,Delhi,Gated Community,Apartment,37,2.0,yes,semi-furnished,27167954.0
1364.0,4,4.0,2,Kochi,Waterfront,Independent House,24,0.0,yes,semi-furnished,18858547.0
1620.0,2,1.0,3,Kolkata,Suburb,Row House,52,2.0,yes,unfurnished,10580991.0
1207.0,1,1.0,1,Chennai,Suburb,Apartment,15,0.0,yes,semi-furnished,8836179.0
1036.0,3,3.0,1,Delhi,Outskirts,Apartment,60,1.0,yes,furnished,7217027.0
1876.0,4,3.0,1,Mumbai,Suburb,Independent House,53,1.0,no,semi-furnished,43717031.0
830.0,3,2.0,1,Bangalore,Suburb,Apartment,6,1.0,yes,semi-furnished,10164414.0
803.0,3,1.0,2,Lucknow,Prime Suburb,Row House,33,3.0,no,semi-furnished,6575846.0
1578.0,4,2.0,3,Jaipur,Waterfront,Row House,23,1.0,yes,furnished,17154090.0
3097.0,3,3.0,2,Lucknow,Prime Suburb,Villa,12,1.0,no,furnished,29251602.0
1398.0,1,1.0,1,Bangalore,City Centre,Independent House,3,3.0,yes,unfurnished,23323897.0
403.0,1,1.0,1,Jaipur,Premium Township,Studio,24,0.0,yes,unfurnished,3430640.0
1374.0,3,2.0,1,Mumbai,Prime Suburb,Apartment,26,0.0,no,unfurnished,32576897.0
1828.0,3,3.0,2,Chennai,Outskirts,Penthouse,6,3.0,yes,furnished,12985098.0
1374.0,3,3.0,2,Lucknow,Suburb,Independent House,53,0.0,no,furnished,7836451.0
1600.0,3,2.0,2,Hyderabad,Near Metro,Villa,44,3.0,yes,unfurnished,18950269.0
913.0,5,4.0,2,Lucknow,Suburb,Row House,13,0.0,yes,semi-furnished,6110571.0
484.0,1,1.0,1,Bangalore,Suburb,Studio,13,3.0,no,unfurnished,5618819.0
2809.0,3,3.0,1,Ahmedabad,Near Metro,Penthouse,42,3.0,yes,semi-furnished,30668674.0
711.0,2,1.0,1,Lucknow,Prime Suburb,Independent House,7,1.0,no,furnished,5254986.0
1564.0,2,2.0,1,Kochi,City Centre,Independent House,32,0.0,yes,unfurnished,16801725.0
458.0,1,1.0,1,Delhi,Prime Suburb,Studio,17,3.0,yes,semi-furnished,9131562.0
1132.0,3,3.0,1,Delhi,Gated Community,Apartment,53,0.0,yes,furnished,18940882.0
1674.0,1,1.0,1,Pune,Gated Community,Apartment,36,2.0,yes,semi-furnished,16891948.0
1185.0,4,3.0,2,Pune,Premium Township,Independent House,46,1.0,yes,unfurnished,16075898.0
619.0,1,1.0,3,Pune,Gated Community,Independent House,5,1.0,yes,semi-furnished,9374849.0
1524.0,2,2.0,3,Mumbai,Suburb,Independent House,41,0.0,yes,semi-furnished,30601698.0
2063.0,1,1.0,1,Pune,Prime Suburb,Apartment,23,0.0,no,semi-furnished,22809419.0
2074.0,3,3.0,2,Lucknow,Suburb,Villa,12,2.0,yes,furnished,13957118.0
1272.0,3,1.0,2,Hyderabad,Suburb,Row House,59,2.0,no,semi-furnished,8640984.0
1416.0,4,3.0,1,Kochi,Suburb,Apartment,30,2.0,yes,unfurnished,9770663.0
1101.0,3,2.0,1,Kolkata,Suburb,Apartment,20,1.0,no,furnished,7093827.0
1239.0,5,4.0,1,Kolkata,Suburb,Apartment,39,0.0,no,semi-furnished,8154979.0
579.0,1,1.0,1,Bangalore,Gated Community,Studio,38,3.0,yes,semi-furnished,7769818.0
2644.0,3,3.0,2,Hyderabad,City Centre,Villa,31,1.0,no,unfurnished,50322319.0
1144.0,5,4.0,1,Hyderabad,Suburb,Apartment,51,1.0,yes,semi-furnished,10039483.0
1792.0,2,1.0,1,Lucknow,Gated Community,Independent House,6,1.0,yes,unfurnished,13187192.0
1200.0,3,2.0,3,Kolkata,Premium Township,Row House,12,2.0,yes,semi-furnished,10756952.0
3137.0,4,4.0,4,Bangalore,Outskirts,Villa,21,1.0,yes,unfurnished,22211904.0
798.0,3,3.0,1,Kolkata,Prime Suburb,Apartment,44,1.0,no,semi-furnished,6007238.0
1616.0,1,1.0,1,Mumbai,Suburb,Apartment,18,1.0,no,unfurnished,29511977.0
3510.0,4,3.0,2,Chennai,Prime Suburb,Villa,24,1.0,yes,semi-furnished,38629158.0
436.0,1,1.0,1,Delhi,City Centre,Apartment,46,2.0,yes,semi-furnished,7433612.0
1490.0,3,3.0,1,Kolkata,Suburb,Apartment,56,0.0,yes,furnished,9774944.0
454.0,2,2.0,1,Chennai,City Centre,Apartment,38,2.0,yes,furnished,7431986.0
1129.0,3,3.0,1,Ahmedabad,Outskirts,Apartment,58,2.0,yes,unfurnished,3969560.0
2581.0,3,3.0,2,Bangalore,Outskirts,Villa,23,1.0,no,furnished,17846434.0
959.0,2,1.0,1,Hyderabad,Suburb,Apartment,27,1.0,yes,semi-furnished,8410456.0
1429.0,4,4.0,1,Hyderabad,Gated Community,Apartment,44,3.0,yes,unfurnished,16915694.0
1263.0,2,2.0,1,Kolkata,Gated Community,Apartment,38,2.0,yes,unfurnished,8715481.0
1632.0,3,3.0,1,Bangalore,Gated Community,Apartment,34,1.0,no,unfurnished,19917138.0
1359.0,2,1.0,1,Pune,Prime Suburb,Apartment,13,1.0,no,unfurnished,14260741.0
420.0,1,1.0,1,Kochi,City Centre,Studio,50,1.0,yes,unfurnished,4813542.0
1297.0,3,2.0,2,Chandigarh,Outskirts,Row House,42,1.0,yes,semi-furnished,5220930.0
1988.0,4,4.0,2,Bangalore,Prime Suburb,Villa,33,1.0,no,semi-furnished,32162278.0
1347.0,2,2.0,1,Bangalore,Near Metro,Apartment,4,0.0,no,semi-furnished,63498854.0
1143.0,2,2.0,2,Indore,Premium Township,Row House,2,1.0,no,semi-furnished,9081263.0
2077.0,3,2.0,1,Mumbai,Prime Suburb,Apartment,22,1.0,yes,semi-furnished,52839286.0
1355.0,2,2.0,1,Lucknow,Suburb,Apartment,3,1.0,yes,unfurnished,7892082.0
3025.0,4,3.0,2,Lucknow,Premium Township,Penthouse,21,1.0,no,semi-furnished,33938928.0
2276.0,2,1.0,2,Bangalore,Outskirts,Row House,0,2.0,no,semi-furnished,13878275.0
1128.0,4,2.0,2,Chennai,City Centre,Row House,8,1.0,yes,furnished,14616542.0
1064.0,2,2.0,1,Jaipur,Suburb,Apartment,59,1.0,yes,furnished,5458559.0
809.0,2,2.0,4,Ahmedabad,Waterfront,Row House,41,1.0,yes,unfurnished,7844152.0
1724.0,3,3.0,3,Chandigarh,Premium Township,Villa,4,2.0,yes,semi-furnished,26303202.0
692.0,3,2.0,2,Pune,Suburb,Independent House,53,1.0,yes,unfurnished,7152825.0
1834.0,3,3.0,1,Delhi,Near Metro,Apartment,31,1.0,no,unfurnished,25460526.0
1057.0,1,1.0,1,Chennai,Near Metro,Apartment,45,0.0,yes,furnished,8986896.0
1391.0,2,1.0,1,Pune,Outskirts,Apartment,34,2.0,yes,semi-furnished,5306641.0
1418.0,2,1.0,2,Jaipur,Suburb,Independent House,30,1.0,yes,semi-furnished,8151204.0
902.0,1,1.0,1,Mumbai,Premium Township,Apartment,38,1.0,yes,semi-furnished,22269791.0
1291.0,2,1.0,2,Bangalore,Near Metro,Independent House,18,1.0,yes,unfurnished,14933038.0
539.0,2,1.0,2,Mumbai,Near Metro,Row House,29,2.0,no,unfurnished,11794371.0
1325.0,2,1.0,1,Chennai,Suburb,Apartment,41,1.0,yes,semi-furnished,9449686.0
2168.0,5,4.0,2,Hyderabad,Premium Township,Row House,49,0.0,yes,semi-furnished,29408205.0
2329.0,3,3.0,2,Mumbai,Gated Community,Villa,40,1.0,yes,semi-furnished,77611787.0
1248.0,2,2.0,1,Pune,City Centre,Apartment,36,1.0,yes,unfurnished,18178365.0
1223.0,3,2.0,3,Delhi,Gated Community,Independent House,24,2.0,yes,semi-furnished,26034958.0
603.0,4,4.0,1,Hyderabad,Waterfront,Apartment,47,1.0,yes,unfurnished,8335639.0
1749.0,2,2.0,2,Lucknow,Gated Community,Row House,47,3.0,yes,semi-furnished,10971567.0
1578.0,2,1.0,1,Kolkata,Waterfront,Apartment,27,2.0,yes,furnished,15199623.0
904.0,3,2.0,2,Pune,Gated Community,Independent House,54,2.0,yes,semi-furnished,9768249.0
1326.0,3,3.0,2,Kochi,Outskirts,Independent House,32,0.0,yes,furnished,6139628.0
444.0,1,1.0,2,Mumbai,Waterfront,Apartment,30,1.0,yes,semi-furnished,14114113.0
1703.0,2,1.0,1,Bangalore,Premium Township,Apartment,45,1.0,yes,semi-furnished,25032448.0
1291.0,3,2.0,2,Delhi,Gated Community,Apartment,40,1.0,yes,semi-furnished,19740464.0
1399.0,2,2.0,1,Jaipur,Near Metro,Apartment,17,1.0,yes,semi-furnished,8477791.0
3438.0,4,3.0,2,Delhi,Waterfront,Penthouse,27,1.0,no,unfurnished,102219936.0
1530.0,2,1.0,3,Kolkata,Suburb,Independent House,55,3.0,no,semi-furnished,9737895.0
909.0,2,1.0,1,Mumbai,Near Metro,Apartment,53,1.0,no,unfurnished,18300433.0
350.0,2,1.0,1,Delhi,Suburb,Apartment,53,1.0,yes,unfurnished,3011087.0
2723.0,3,2.0,2,Mumbai,Prime Suburb,Villa,4,1.0,yes,semi-furnished,89126084.0
1449.0,2,2.0,1,Kolkata,Outskirts,Independent House,51,2.0,no,unfurnished,5000449.0
1031.0,3,2.0,1,Mumbai,Outskirts,Apartment,38,1.0,yes,furnished,13509998.0
466.0,1,1.0,1,Chennai,Outskirts,Studio,7,0.0,yes,unfurnished,2959629.0
1129.0,1,1.0,1,Indore,Suburb,Apartment,31,0.0,no,semi-furnished,5953368.0
1681.0,2,1.0,2,Delhi,Outskirts,Apartment,33,1.0,yes,semi-furnished,10747670.0
754.0,2,1.0,3,Hyderabad,Outskirts,Row House,18,3.0,yes,furnished,5646281.0
1376.0,2,2.0,2,Chennai,City Centre,Apartment,3,3.0,yes,furnished,18397357.0
1775.0,4,3.0,2,Delhi,Outskirts,Apartment,29,2.0,no,unfurnished,12519356.0
1237.0,4,2.0,1,Kolkata,Prime Suburb,Apartment,4,2.0,no,semi-furnished,14921900.0
2391.0,3,2.0,1,Kochi,City Centre,Penthouse,38,3.0,yes,unfurnished,42142172.0
793.0,3,2.0,1,Mumbai,Suburb,Apartment,31,3.0,yes,unfurnished,18717088.0
662.0,3,2.0,1,Bangalore,City Centre,Apartment,12,0.0,yes,semi-furnished,13205661.0
1324.0,3,3.0,1,Delhi,Outskirts,Apartment,42,2.0,no,unfurnished,7415198.0
3467.0,3,2.0,2,Indore,Outskirts,Villa,16,1.0,yes,semi-furnished,13657725.0
1273.0,2,2.0,2,Lucknow,Suburb,Independent House,29,1.0,no,furnished,8615326.0
1237.0,3,1.0,2,Mumbai,Outskirts,Apartment,30,1.0,yes,unfurnished,9022253.0
617.0,3,1.0,4,Bangalore,Prime Suburb,Independent House,49,3.0,yes,semi-furnished,7602815.0
1235.0,1,1.0,1,Pune,City Centre,Apartment,35,2.0,yes,furnished,19230100.0
927.0,3,3.0,2,Ahmedabad,Suburb,Row House,46,2.0,no,semi-furnished,5745738.0
322.0,1,1.0,1,Pune,Outskirts,Studio,36,2.0,yes,furnished,2015061.0
1531.0,3,2.0,2,Bangalore,Near Metro,Apartment,11,3.0,no,semi-furnished,15424197.0
2432.0,3,3.0,1,Delhi,Waterfront,Penthouse,26,0.0,no,semi-furnished,76929383.0
1173.0,4,3.0,2,Mumbai,Suburb,Apartment,52,1.0,yes,unfurnished,22104589.0
818.0,1,1.0,2,Jaipur,Prime Suburb,Independent House,54,1.0,no,unfurnished,4548538.0
538.0,1,1.0,1,Mumbai,Suburb,Studio,50,3.0,no,unfurnished,9142110.0
1526.0,1,1.0,1,Bangalore,Premium Township,Apartment,0,2.0,yes,semi-furnished,19193534.0
1883.0,1,1.0,1,Bangalore,Suburb,Apartment,3,1.0,yes,furnished,18441576.0
446.0,1,1.0,1,Chennai,Suburb,Studio,60,0.0,yes,furnished,2346847.0
2150.0,3,1.0,3,Delhi,Premium Township,Villa,17,2.0,no,furnished,51944259.0
1304.0,2,1.0,1,Lucknow,Premium Township,Independent House,60,3.0,no,semi-furnished,11436772.0
1314.0,3,3.0,1,Hyderabad,Suburb,Apartment,37,1.0,yes,furnished,10708603.0
1072.0,3,3.0,2,Kochi,Premium Township,Apartment,37,1.0,yes,unfurnished,11297701.0
1237.0,1,1.0,1,Mumbai,City Centre,Apartment,32,0.0,yes,semi-furnished,34792858.0
524.0,1,1.0,1,Kolkata,City Centre,Studio,59,3.0,yes,unfurnished,5088762.0
986.0,2,1.0,1,Pune,Outskirts,Apartment,55,0.0,yes,unfurnished,3765865.0
977.0,1,1.0,2,Indore,Prime Suburb,Row House,54,0.0,no,unfurnished,5409411.0
1136.0,4,2.0,1,Chennai,City Centre,Apartment,10,1.0,yes,semi-furnished,14638202.0
3630.0,3,3.0,2,Hyderabad,City Centre,Villa,35,1.0,no,semi-furnished,78064308.0
845.0,5,4.0,2,Bangalore,Waterfront,Independent House,35,0.0,yes,unfurnished,12625820.0
3005.0,5,4.0,2,Pune,Outskirts,Villa,48,1.0,no,unfurnished,19726068.0
2141.0,3,3.0,3,Mumbai,Prime Suburb,Villa,20,1.0,no,unfurnished,67760515.0
2142.0,3,2.0,1,Mumbai,Suburb,Penthouse,34,1.0,no,furnished,60804154.0
1611.0,4,3.0,1,Jaipur,Outskirts,Apartment,15,2.0,yes,semi-furnished,5685531.0
1841.0,4,4.0,1,Delhi,Suburb,Penthouse,52,2.0,yes,semi-furnished,35903380.0
1063.0,1,1.0,1,Kolkata,Suburb,Apartment,29,1.0,yes,semi-furnished,7423790.0
1426.0,3,3.0,1,Mumbai,Suburb,Apartment,30,1.0,yes,unfurnished,29708746.0
620.0,1,1.0,1,Mumbai,Waterfront,Studio,48,2.0,no,unfurnished,19691977.0
486.0,1,1.0,1,Bangalore,Near Metro,Studio,38,1.0,no,unfurnished,4451736.0
3967.0,3,2.0,2,Mumbai,Suburb,Villa,29,1.0,yes,furnished,103822606.0
1507.0,2,2.0,2,Chennai,City Centre,Row House,1,2.0,no,unfurnished,21412598.0
1036.0,3,3.0,1,Chandigarh,City Centre,Apartment,33,2.0,yes,furnished,11718030.0
1475.0,1,1.0,1,Chennai,Suburb,Apartment,12,3.0,yes,unfurnished,11244921.0
1621.0,4,3.0,1,Ahmedabad,Near Metro,Apartment,53,0.0,yes,semi-furnished,9212069.0
3325.0,3,3.0,2,Kolkata,Suburb,Villa,53,1.0,yes,unfurnished,27975983.0
1425.0,3,1.0,2,Pune,Near Metro,Apartment,12,0.0,yes,unfurnished,13779196.0
4800.0,3,2.0,1,Hyderabad,Waterfront,Apartment,32,0.0,no,unfurnished,19513039.0
1287.0,3,3.0,1,Kolkata,City Centre,Independent House,8,0.0,yes,furnished,16125542.0
870.0,1,1.0,2,Pune,Suburb,Row House,20,1.0,yes,semi-furnished,8921194.0
1939.0,3,3.0,1,Jaipur,Gated Community,Penthouse,6,2.0,no,unfurnished,21823468.0
3808.0,3,2.0,2,Bangalore,Near Metro,Villa,43,3.0,yes,furnished,46430575.0
1344.0,2,2.0,1,Mumbai,City Centre,Apartment,22,1.0,yes,unfurnished,45328682.0
1299.0,2,1.0,1,Chandigarh,Waterfront,Apartment,59,1.0,yes,furnished,14905451.0
1890.0,2,2.0,2,Mumbai,Suburb,Row House,44,0.0,yes,semi-furnished,32765940.0
329.0,1,1.0,1,Delhi,Near Metro,Studio,25,1.0,yes,furnished,5787172.0
933.0,3,3.0,2,Bangalore,Prime Suburb,Apartment,38,2.0,no,unfurnished,11352227.0
1949.0,3,3.0,2,Lucknow,Prime Suburb,Penthouse,28,2.0,yes,semi-furnished,17491130.0
1306.0,3,3.0,1,Kolkata,Waterfront,Apartment,31,1.0,yes,semi-furnished,10779376.0
1872.0,3,2.0,2,Chennai,City Centre,Villa,31,1.0,yes,semi-furnished,36369885.0
2200.0,3,2.0,2,Chennai,Premium Township,Villa,1,2.0,yes,semi-furnished,33968898.0
1147.0,2,1.0,3,Mumbai,Near Metro,Independent House,48,2.0,yes,semi-furnished,26378001.0
2141.0,3,3.0,2,Jaipur,City Centre,Villa,22,1.0,yes,semi-furnished,26419683.0
930.0,3,3.0,1,Bangalore,Gated Community,Apartment,20,1.0,yes,semi-furnished,12131220.0
1479.0,2,2.0,1,Chandigarh,Prime Suburb,Apartment,34,1.0,yes,semi-furnished,13694431.0
826.0,1,1.0,2,Kochi,Gated Community,Independent House,35,3.0,yes,unfurnished,7816933.0
1050.0,1,1.0,1,Jaipur,Prime Suburb,Apartment,17,2.0,no,unfurnished,6600931.0
1403.0,1,1.0,1,Delhi,Prime Suburb,Apartment,41,1.0,yes,semi-furnished,22343825.0
1383.0,2,2.0,1,Lucknow,Outskirts,Apartment,39,2.0,no,semi-furnished,3378592.0
1105.0,2,2.0,1,Bangalore,City Centre,Apartment,57,2.0,yes,semi-furnished,17876917.0
3748.0,5,4.0,2,Mumbai,Gated Community,Villa,17,1.0,yes,furnished,108643350.0
407.0,3,2.0,2,Bangalore,Outskirts,Row House,55,2.0,no,semi-furnished,2446906.0
1517.0,4,2.0,1,Delhi,Outskirts,Apartment,51,1.0,yes,semi-furnished,8972012.0
1038.0,5,4.0,1,Pune,Gated Community,Apartment,34,2.0,yes,semi-furnished,13903805.0
1499.0,4,4.0,1,Mumbai,City Centre,Apartment,32,0.0,yes,furnished,56746049.0
1472.0,3,3.0,1,Indore,Gated Community,Apartment,44,1.0,yes,semi-furnished,9507147.0
641.0,1,1.0,1,Pune,Outskirts,Studio,17,0.0,yes,furnished,4473277.0
2561.0,4,4.0,3,Pune,Prime Suburb,Villa,58,1.0,yes,unfurnished,32238646.0
799.0,3,2.0,2,Delhi,Outskirts,Row House,8,0.0,no,furnished,7600594.0
1671.0,2,1.0,1,Delhi,Prime Suburb,Independent House,15,2.0,yes,semi-furnished,28282101.0
797.0,2,2.0,2,Chandigarh,Suburb,Row House,41,1.0,yes,unfurnished,4847052.0
578.0,5,4.0,1,Kolkata,Waterfront,Independent House,31,1.0,yes,semi-furnished,7255608.0
748.0,3,2.0,2,Mumbai,Suburb,Row House,28,1.0,no,unfurnished,16051400.0
1158.0,5,4.0,1,Chennai,Waterfront,Apartment,44,1.0,yes,unfurnished,16206669.0
980.0,4,2.0,1,Jaipur,Suburb,Apartment,15,2.0,yes,semi-furnished,7281706.0
2823.0,5,3.0,2,Chennai,Prime Suburb,Villa,15,3.0,yes,unfurnished,39238750.0
369.0,3,3.0,1,Mumbai,Gated Community,Apartment,30,0.0,no,semi-furnished,10909746.0
350.0,2,2.0,1,Ahmedabad,Suburb,Apartment,43,0.0,no,semi-furnished,1970323.0
1095.0,3,2.0,1,Delhi,Prime Suburb,Independent House,11,0.0,yes,semi-furnished,16486238.0
1400.0,4,2.0,1,Pune,Gated Community,Apartment,14,2.0,yes,semi-furnished,17794545.0
1484.0,4,4.0,1,Ahmedabad,Outskirts,Apartment,24,0.0,yes,semi-furnished,6173745.0
1056.0,1,1.0,1,Hyderabad,Suburb,Apartment,30,0.0,no,semi-furnished,30721615.0
1460.0,2,2.0,1,Bangalore,Outskirts,Apartment,20,1.0,yes,unfurnished,8296580.0
1926.0,2,2.0,2,Jaipur,Suburb,Row House,17,1.0,yes,unfurnished,11095271.0
1215.0,5,4.0,2,Pune,Outskirts,Apartment,25,1.0,yes,unfurnished,8681046.0
1026.0,2,1.0,2,Chandigarh,Premium Township,Independent House,28,2.0,no,furnished,13167167.0
872.0,2,2.0,1,Delhi,Premium Township,Apartment,52,0.0,yes,unfurnished,14964848.0
3018.0,4,3.0,2,Kolkata,Waterfront,Villa,14,2.0,yes,furnished,38153033.0
2618.0,3,2.0,1,Pune,Outskirts,Penthouse,20,2.0,no,unfurnished,17246778.0
1840.0,3,1.0,1,Lucknow,Suburb,Apartment,51,2.0,yes,furnished,41691568.0
2463.0,3,2.0,2,Kolkata,City Centre,Villa,54,1.0,yes,unfurnished,34370530.0
1473.0,4,2.0,1,Hyderabad,Prime Suburb,Apartment,1,1.0,yes,semi-furnished,15061383.0
1237.0,3,2.0,4,Jaipur,Suburb,Row House,45,1.0,yes,semi-furnished,3035788.0
1237.0,2,1.0,2,Hyderabad,Waterfront,Independent House,9,1.0,yes,unfurnished,20728294.0
675.0,2,2.0,2,Chandigarh,Near Metro,Apartment,38,3.0,yes,furnished,6249929.0
428.0,1,1.0,1,Ahmedabad,Prime Suburb,Studio,9,2.0,no,unfurnished,4285468.0
1695.0,2,1.0,2,Jaipur,City Centre,Apartment,48,3.0,yes,unfurnished,16911008.0
1961.0,5,4.0,1,Mumbai,Near Metro,Apartment,60,1.0,no,furnished,39085125.0
1462.0,1,1.0,2,Jaipur,Outskirts,Independent House,8,0.0,no,furnished,5412811.0
401.0,1,1.0,1,Mumbai,Outskirts,Studio,36,2.0,yes,semi-furnished,4530103.0
599.0,2,1.0,1,Mumbai,Suburb,Apartment,48,1.0,yes,semi-furnished,9319569.0
979.0,1,1.0,2,Mumbai,Near Metro,Independent House,55,1.0,yes,unfurnished,18442904.0
1235.0,2,2.0,1,Delhi,Suburb,Independent House,17,0.0,no,unfurnished,17709655.0
1456.0,4,2.0,1,Chennai,Suburb,Independent House,52,1.0,no,semi-furnished,11937224.0
1139.0,2,1.0,2,Delhi,Prime Suburb,Apartment,37,0.0,yes,furnished,17479098.0
944.0,4,4.0,1,Mumbai,Waterfront,Apartment,36,2.0,no,semi-furnished,31020281.0
602.0,1,1.0,1,Bangalore,Premium Township,Studio,14,3.0,yes,semi-furnished,7976073.0
441.0,1,1.0,1,Chennai,Outskirts,Studio,36,0.0,yes,semi-furnished,1790361.0
614.0,3,2.0,3,Mumbai,Suburb,Independent House,35,0.0,yes,furnished,12987297.0
3068.0,4,3.0,1,Bangalore,Prime Suburb,Penthouse,21,1.0,yes,semi-furnished,55213288.0
846.0,3,1.0,2,Bangalore,City Centre,Apartment,29,1.0,no,furnished,14035649.0
502.0,1,1.0,1,Mumbai,Outskirts,Studio,12,0.0,yes,unfurnished,5454050.0
1221.0,3,3.0,1,Bangalore,Prime Suburb,Apartment,23,1.0,no,semi-furnished,13072842.0
2547.0,3,2.0,3,Kolkata,City Centre,Villa,36,1.0,no,semi-furnished,37197981.0
1859.0,5,4.0,1,Delhi,Suburb,Apartment,10,1.0,yes,semi-furnished,26497331.0
2225.0,4,3.0,2,Mumbai,Waterfront,Row House,49,0.0,no,semi-furnished,78485793.0
1272.0,3,3.0,1,Mumbai,Suburb,Apartment,41,1.0,no,furnished,25886760.0
1231.0,2,1.0,2,Delhi,Prime Suburb,Apartment,41,0.0,yes,semi-furnished,16033945.0
862.0,2,1.0,1,Delhi,City Centre,Apartment,6,1.0,no,semi-furnished,19464932.0
1368.0,4,3.0,2,Bangalore,Waterfront,Apartment,10,2.0,no,semi-furnished,21641601.0
1178.0,2,2.0,2,Chennai,Near Metro,Independent House,57,0.0,no,semi-furnished,9876159.0
551.0,4,4.0,2,Hyderabad,Suburb,Independent House,18,0.0,no,semi-furnished,6711618.0
1714.0,3,2.0,3,Jaipur,Suburb,Villa,20,1.0,yes,unfurnished,12828316.0
1005.0,2,1.0,3,Delhi,Outskirts,Independent House,53,2.0,yes,furnished,7905643.0
1086.0,2,1.0,3,Bangalore,Outskirts,Independent House,13,1.0,yes,semi-furnished,7472907.0
1035.0,2,1.0,1,Pune,Suburb,Apartment,16,1.0,no,semi-furnished,8783154.0
757.0,3,3.0,2,Pune,Outskirts,Row House,32,1.0,yes,furnished,5645879.0
3221.0,3,3.0,2,Bangalore,Prime Suburb,Penthouse,50,3.0,yes,semi-furnished,44947982.0
1470.0,3,2.0,1,Kolkata,City Centre,Apartment,0,3.0,no,semi-furnished,13429312.0
813.0,2,1.0,2,Bangalore,Gated Community,Row House,52,1.0,yes,semi-furnished,10388905.0
1928.0,2,2.0,1,Delhi,Suburb,Apartment,60,1.0,yes,semi-furnished,20504808.0
334.0,1,1.0,1,Hyderabad,Suburb,Studio,60,1.0,no,unfurnished,1435284.0
1453.0,3,3.0,1,Delhi,Near Metro,Apartment,20,1.0,no,semi-furnished,23116671.0
430.0,1,1.0,1,Pune,Prime Suburb,Studio,34,2.0,yes,semi-furnished,5249483.0
1251.0,2,1.0,2,Delhi,Suburb,Row House,35,3.0,no,semi-furnished,16569059.0
1737.0,3,3.0,2,Pune,Premium Township,Row House,25,2.0,no,unfurnished,24462976.0
1338.0,1,1.0,1,Mumbai,Suburb,Apartment,4,2.0,yes,semi-furnished,24057939.0
3016.0,3,2.0,2,Kolkata,Prime Suburb,Villa,58,1.0,yes,unfurnished,28515339.0
672.0,3,3.0,1,Bangalore,Suburb,Apartment,42,1.0,yes,semi-furnished,5710907.0
1133.0,4,4.0,2,Bangalore,Prime Suburb,Apartment,10,2.0,yes,unfurnished,14196094.0
1222.0,2,1.0,1,Mumbai,Prime Suburb,Independent House,32,1.0,yes,semi-furnished,29549350.0
560.0,2,2.0,2,Kochi,Premium Township,Row House,56,0.0,no,furnished,4978410.0
506.0,1,1.0,1,Mumbai,Gated Community,Studio,21,0.0,yes,unfurnished,13512274.0
1268.0,4,4.0,3,Mumbai,Near Metro,Row House,38,1.0,yes,unfurnished,29556833.0
993.0,3,2.0,2,Delhi,City Centre,Row House,31,1.0,yes,semi-furnished,20931235.0
1085.0,2,1.0,2,Bangalore,Outskirts,Row House,37,2.0,yes,unfurnished,5125150.0
1335.0,1,1.0,2,Chandigarh,Prime Suburb,Apartment,14,3.0,yes,unfurnished,11492591.0
908.0,3,2.0,3,Jaipur,Premium Township,Independent House,40,1.0,yes,furnished,8624196.0
811.0,2,2.0,1,Jaipur,Prime Suburb,Apartment,44,1.0,yes,unfurnished,5373991.0
3154.0,3,3.0,2,Ahmedabad,Near Metro,Villa,30,1.0,yes,semi-furnished,27239373.0
1198.0,4,3.0,2,Bangalore,Prime Suburb,Apartment,45,2.0,no,semi-furnished,13571452.0
2315.0,3,3.0,1,Delhi,Suburb,Penthouse,33,0.0,yes,unfurnished,38113728.0
1136.0,1,1.0,3,Ahmedabad,Gated Community,Row House,36,1.0,yes,semi-furnished,7802843.0
1114.0,5,4.0,2,Ahmedabad,Waterfront,Independent House,18,1.0,yes,unfurnished,13484756.0
1213.0,2,2.0,1,Pune,City Centre,Apartment,31,1.0,yes,semi-furnished,16904471.0
1516.0,2,2.0,3,Delhi,Outskirts,Row House,21,2.0,no,furnished,12150002.0
433.0,1,1.0,1,Bangalore,Near Metro,Studio,53,0.0,yes,semi-furnished,3461342.0
609.0,3,3.0,2,Pune,Waterfront,Independent House,45,2.0,yes,semi-furnished,9639857.0
1153.0,5,4.0,1,Jaipur,Prime Suburb,Apartment,58,1.0,no,semi-furnished,7918985.0
979.0,1,1.0,3,Chandigarh,Outskirts,Independent House,15,2.0,yes,unfurnished,4513075.0
350.0,3,2.0,1,Delhi,Near Metro,Apartment,59,1.0,yes,furnished,5077151.0
949.0,1,1.0,2,Mumbai,Prime Suburb,Row House,21,3.0,yes,unfurnished,25074819.0
1299.0,2,1.0,2,Kolkata,Suburb,Row House,44,2.0,yes,unfurnished,7280169.0
2051.0,3,3.0,2,Jaipur,Gated Community,Villa,46,1.0,yes,unfurnished,18030863.0
1172.0,2,1.0,2,Chandigarh,Waterfront,Row House,28,0.0,no,semi-furnished,14362260.0
3723.0,3,3.0,3,Hyderabad,Outskirts,Villa,42,1.0,yes,semi-furnished,21395491.0
438.0,1,1.0,1,Kolkata,Outskirts,Studio,60,0.0,no,semi-furnished,1392099.0
497.0,4,4.0,1,Mumbai,Outskirts,Apartment,30,1.0,yes,unfurnished,8536806.0
1688.0,3,3.0,2,Chandigarh,City Centre,Independent House,0,0.0,yes,unfurnished,23565357.0
2827.0,4,4.0,2,Chandigarh,Suburb,Villa,4,1.0,no,unfurnished,27854126.0
891.0,3,3.0,1,Delhi,Outskirts,Apartment,42,1.0,no,unfurnished,5355855.0
1267.0,3,1.0,2,Indore,Gated Community,Row House,16,1.0,yes,furnished,7262487.0
2414.0,4,4.0,1,Bangalore,Near Metro,Apartment,30,1.0,yes,unfurnished,25029534.0
1087.0,2,1.0,2,Chandigarh,Outskirts,Row House,27,1.0,no,furnished,4998908.0
1344.0,5,4.0,2,Chandigarh,Prime Suburb,Apartment,46,1.0,yes,unfurnished,13038262.0
1782.0,3,3.0,2,Jaipur,Near Metro,Villa,9,1.0,yes,furnished,14765585.0
1529.0,4,3.0,4,Ahmedabad,City Centre,Independent House,30,2.0,no,semi-furnished,18769893.0
1355.0,2,1.0,2,Kolkata,Suburb,Row House,40,1.0,no,semi-furnished,8541937.0
1739.0,3,2.0,2,Pune,Prime Suburb,Row House,18,3.0,yes,semi-furnished,20707173.0
1738.0,3,3.0,2,Delhi,Suburb,Villa,9,1.0,yes,unfurnished,29530324.0
456.0,1,1.0,1,Hyderabad,Prime Suburb,Studio,27,1.0,no,semi-furnished,4729813.0
1040.0,3,2.0,2,Bangalore,Gated Community,Row House,50,0.0,yes,unfurnished,10364218.0
1237.0,2,2.0,1,Kolkata,Prime Suburb,Apartment,13,2.0,no,unfurnished,11997358.0
1343.0,2,2.0,2,Ahmedabad,Near Metro,Independent House,16,1.0,yes,unfurnished,8944109.0
1133.0,3,1.0,1,Lucknow,Prime Suburb,Apartment,36,1.0,yes,unfurnished,7019603.0
1153.0,3,3.0,1,Mumbai,Suburb,Apartment,41,1.0,yes,semi-furnished,20755304.0
1337.0,2,2.0,2,Mumbai,Waterfront,Apartment,16,2.0,no,semi-furnished,38325806.0
736.0,4,3.0,2,Ahmedabad,Premium Township,Apartment,58,1.0,yes,semi-furnished,6646743.0
2178.0,4,3.0,1,Chennai,Suburb,Apartment,20,2.0,yes,unfurnished,16585748.0
972.0,2,1.0,2,Pune,Waterfront,Row House,58,0.0,yes,unfurnished,14179101.0
727.0,3,2.0,2,Mumbai,Suburb,Apartment,33,0.0,yes,semi-furnished,14188844.0
590.0,3,2.0,1,Delhi,Premium Township,Apartment,39,1.0,yes,semi-furnished,11063379.0
891.0,3,3.0,2,Kolkata,Premium Township,Row House,15,0.0,yes,unfurnished,6942098.0
538.0,4,3.0,3,Mumbai,Waterfront,Row House,22,1.0,yes,furnished,21396141.0
1435.0,2,1.0,1,Lucknow,Outskirts,Apartment,15,2.0,no,semi-furnished,4767566.0
4227.0,3,2.0,2,Chennai,City Centre,Villa,52,1.0,yes,unfurnished,76647450.0
1425.0,3,2.0,3,Delhi,Premium Township,Row House,46,2.0,yes,semi-furnished,26717965.0
2696.0,3,3.0,3,Delhi,City Centre,Villa,5,1.0,yes,semi-furnished,80854173.0
3190.0,3,3.0,1,Bangalore,Premium Township,Penthouse,26,0.0,yes,semi-furnished,68489740.0
4800.0,5,4.0,1,Mumbai,Outskirts,Apartment,44,1.0,no,semi-furnished,14613862.0
385.0,4,4.0,1,Hyderabad,City Centre,Apartment,48,2.0,yes,furnished,7262131.0
797.0,4,4.0,2,Ahmedabad,Premium Township,Apartment,26,0.0,yes,semi-furnished,7902019.0
414.0,2,1.0,1,Pune,City Centre,Independent House,54,2.0,yes,semi-furnished,6166052.0
3113.0,3,3.0,3,Indore,Premium Township,Villa,33,3.0,yes,semi-furnished,31363282.0
1019.0,3,2.0,1,Bangalore,Prime Suburb,Apartment,30,2.0,no,semi-furnished,12206747.0
1088.0,3,3.0,2,Mumbai,Suburb,Row House,9,1.0,no,semi-furnished,24572307.0
350.0,1,1.0,1,Pune,Suburb,Apartment,23,1.0,no,semi-furnished,3310000.0
2605.0,3,3.0,2,Ahmedabad,Waterfront,Penthouse,14,1.0,no,semi-furnished,35504767.0
634.0,1,1.0,2,Kolkata,Suburb,Row House,44,1.0,no,furnished,4526577.0
453.0,2,1.0,3,Delhi,City Centre,Independent House,3,1.0,yes,semi-furnished,11768702.0
2154.0,5,4.0,2,Delhi,Prime Suburb,Penthouse,18,1.0,yes,semi-furnished,53249373.0
856.0,3,2.0,1,Kolkata,Prime Suburb,Apartment,26,0.0,yes,semi-furnished,6417544.0
416.0,4,4.0,1,Chennai,Gated Community,Apartment,5,0.0,no,unfurnished,4918222.0
697.0,3,3.0,1,Mumbai,Prime Suburb,Apartment,48,3.0,no,furnished,18406866.0
1274.0,3,3.0,2,Kolkata,Suburb,Independent House,18,1.0,yes,semi-furnished,8402333.0
316.0,1,1.0,1,Kolkata,Waterfront,Studio,1,1.0,yes,unfurnished,3953826.0
1107.0,2,2.0,1,Chennai,Outskirts,Apartment,42,1.0,yes,semi-furnished,4461368.0
1126.0,2,1.0,3,Mumbai,Prime Suburb,Independent House,57,0.0,yes,semi-furnished,27092826.0
1500.0,5,4.0,1,Kochi,Near Metro,Penthouse,35,0.0,yes,semi-furnished,17423685.0
370.0,1,1.0,1,Mumbai,Suburb,Studio,3,0.0,no,semi-furnished,9461824.0
1599.0,3,2.0,2,Mumbai,Premium Township,Penthouse,32,1.0,no,furnished,56646974.0
1118.0,3,2.0,1,Jaipur,City Centre,Apartment,11,1.0,yes,semi-furnished,12088365.0
1054.0,3,2.0,4,Hyderabad,Prime Suburb,Row House,30,1.0,yes,semi-furnished,11321407.0
2554.0,3,2.0,1,Lucknow,Premium Township,Penthouse,59,3.0,yes,semi-furnished,28999471.0
707.0,2,2.0,2,Jaipur,Gated Community,Row House,5,0.0,yes,unfurnished,5312087.0
1720.0,1,1.0,1,Mumbai,Near Metro,Apartment,21,0.0,yes,semi-furnished,31158561.0
782.0,2,2.0,2,Bangalore,Outskirts,Row House,50,0.0,yes,semi-furnished,4351650.0
1219.0,2,1.0,2,Delhi,Suburb,Apartment,27,1.0,yes,semi-furnished,16925626.0
596.0,2,1.0,2,Kolkata,Premium Township,Independent House,12,0.0,yes,furnished,7474260.0
358.0,1,1.0,1,Mumbai,Waterfront,Studio,31,2.0,yes,unfurnished,10993539.0
999.0,4,4.0,1,Mumbai,Gated Community,Apartment,43,2.0,yes,unfurnished,22543270.0
1230.0,3,2.0,2,Pune,Near Metro,Apartment,23,2.0,no,unfurnished,12639379.0
1901.0,3,2.0,3,Mumbai,Suburb,Villa,12,1.0,yes,semi-furnished,49805261.0
1507.0,4,3.0,1,Delhi,City Centre,Apartment,18,0.0,yes,furnished,30513155.0
915.0,2,2.0,2,Bangalore,Prime Suburb,Apartment,27,1.0,yes,semi-furnished,9970750.0
1639.0,3,2.0,1,Bangalore,Outskirts,Apartment,4,1.0,yes,furnished,9949462.0
1594.0,4,2.0,2,Lucknow,City Centre,Row House,33,1.0,no,unfurnished,14775366.0
436.0,1,1.0,1,Delhi,Suburb,Studio,6,2.0,no,unfurnished,5754643.0
3071.0,4,3.0,2,Kolkata,City Centre,Villa,60,1.0,yes,semi-furnished,37537158.0
351.0,1,1.0,3,Bangalore,Suburb,Independent House,60,0.0,yes,unfurnished,2392931.0
1042.0,2,1.0,2,Chennai,Suburb,Row House,52,2.0,yes,semi-furnished,8081464.0
1237.0,2,2.0,1,Delhi,City Centre,Independent House,31,2.0,yes,semi-furnished,22216065.0
634.0,1,1.0,1,Bangalore,Gated Community,Studio,9,1.0,yes,furnished,9201435.0
1902.0,2,2.0,1,Indore,Gated Community,Apartment,15,1.0,yes,furnished,12190519.0
1214.0,2,1.0,1,Delhi,Premium Township,Apartment,53,0.0,yes,furnished,20370658.0
652.0,1,1.0,2,Chandigarh,Suburb,Row House,20,1.0,no,furnished,5353914.0
1729.0,2,1.0,1,Delhi,Prime Suburb,Apartment,22,1.0,yes,unfurnished,27865711.0
1421.0,2,2.0,1,Kolkata,Near Metro,Apartment,1,1.0,yes,semi-furnished,11594565.0
1291.0,4,2.0,1,Bangalore,Outskirts,Apartment,37,1.0,no,semi-furnished,6326860.0
428.0,1,1.0,1,Chennai,Suburb,Studio,12,1.0,no,unfurnished,4140079.0
1015.0,2,2.0,1,Bangalore,City Centre,Independent House,12,1.0,yes,semi-furnished,19296369.0
1443.0,2,1.0,2,Mumbai,Prime Suburb,Apartment,43,1.0,yes,semi-furnished,26249005.0
571.0,1,1.0,1,Delhi,Gated Community,Studio,54,1.0,no,unfurnished,7370217.0
1231.0,3,3.0,1,Indore,Prime Suburb,Apartment,59,1.0,no,unfurnished,6879492.0
901.0,2,1.0,1,Pune,Premium Township,Apartment,12,0.0,no,semi-furnished,12551857.0
1520.0,4,3.0,2,Hyderabad,Outskirts,Apartment,32,0.0,no,semi-furnished,7258552.0
3283.0,3,2.0,2,Pune,Outskirts,Villa,36,1.0,yes,unfurnished,16706674.0
630.0,1,1.0,1,Pune,Suburb,Studio,35,1.0,no,unfurnished,4790344.0
1466.0,2,1.0,1,Hyderabad,City Centre,Apartment,56,2.0,yes,furnished,17799369.0
557.0,1,1.0,1,Pune,Gated Community,Studio,2,1.0,yes,unfurnished,7364000.0
2153.0,4,3.0,1,Bangalore,Premium Township,Penthouse,2,0.0,no,unfurnished,39017601.0
2256.0,3,3.0,2,Bangalore,Prime Suburb,Villa,15,1.0,yes,furnished,39538720.0
1529.0,2,2.0,1,Delhi,Near Metro,Independent House,27,2.0,yes,unfurnished,24750808.0
489.0,1,1.0,1,Indore,Near Metro,Studio,49,2.0,yes,semi-furnished,2889057.0
1015.0,3,2.0,2,Kolkata,Premium Township,Apartment,36,2.0,yes,semi-furnished,8380708.0
703.0,2,2.0,2,Pune,Premium Township,Independent House,25,1.0,yes,furnished,12565882.0
1820.0,3,2.0,1,Lucknow,Near Metro,Apartment,12,3.0,yes,semi-furnished,11557806.0
334.0,1,1.0,1,Mumbai,Prime Suburb,Studio,51,2.0,yes,furnished,8116466.0
1847.0,2,2.0,1,Ahmedabad,Suburb,Apartment,2,1.0,yes,furnished,12989917.0
2745.0,3,3.0,2,Indore,Suburb,Villa,30,1.0,yes,semi-furnished,14583793.0
865.0,4,4.0,1,Kolkata,Suburb,Apartment,3,1.0,yes,semi-furnished,6237108.0
497.0,1,1.0,1,Bangalore,Suburb,Studio,2,2.0,yes,semi-furnished,6488577.0
1526.0,2,2.0,4,Mumbai,Gated Community,Independent House,26,0.0,no,semi-furnished,43581200.0
2184.0,3,3.0,2,Chandigarh,City Centre,Villa,60,3.0,yes,semi-furnished,36519998.0
2664.0,3,3.0,1,Ahmedabad,Gated Community,Penthouse,55,0.0,no,furnished,28379727.0
350.0,2,2.0,1,Bangalore,Prime Suburb,Apartment,57,1.0,yes,furnished,4294765.0
1468.0,2,1.0,1,Chandigarh,Prime Suburb,Apartment,27,2.0,no,semi-furnished,13947932.0
675.0,1,1.0,2,Delhi,Outskirts,Row House,44,0.0,yes,unfurnished,3856769.0
570.0,1,1.0,1,Chennai,Suburb,Studio,54,2.0,yes,unfurnished,3928779.0
2236.0,3,3.0,2,Ahmedabad,Waterfront,Villa,40,1.0,yes,furnished,28038950.0
2335.0,3,3.0,1,Ahmedabad,Gated Community,Apartment,14,1.0,yes,furnished,19418618.0
682.0,2,2.0,2,Kolkata,Near Metro,Row House,27,1.0,no,semi-furnished,6025810.0
2208.0,3,1.0,2,Indore,City Centre,Villa,58,1.0,yes,semi-furnished,21342160.0
2930.0,3,2.0,1,Chennai,Premium Township,Penthouse,14,1.0,yes,semi-furnished,45320052.0
950.0,3,2.0,2,Bangalore,City Centre,Row House,1,2.0,yes,semi-furnished,18029108.0
694.0,4,4.0,2,Hyderabad,Prime Suburb,Independent House,8,2.0,yes,unfurnished,9236581.0
1302.0,2,1.0,1,Kochi,Premium Township,Apartment,19,0.0,yes,semi-furnished,12630385.0
512.0,2,2.0,1,Jaipur,Premium Township,Apartment,55,2.0,no,semi-furnished,3547032.0
816.0,2,1.0,1,Bangalore,Premium Township,Apartment,55,1.0,yes,unfurnished,9951246.0
1600.0,3,2.0,2,Chandigarh,Suburb,Villa,9,1.0,no,semi-furnished,15383221.0
1726.0,1,1.0,1,Pune,Waterfront,Independent House,37,1.0,yes,semi-furnished,25424832.0
2031.0,3,2.0,1,Delhi,Suburb,Apartment,25,1.0,yes,semi-furnished,24143936.0
825.0,3,1.0,1,Mumbai,Outskirts,Apartment,51,2.0,yes,unfurnished,7656098.0
1251.0,3,1.0,1,Delhi,Gated Community,Apartment,20,1.0,yes,furnished,18825984.0
761.0,1,1.0,2,Hyderabad,Prime Suburb,Row House,48,1.0,no,unfurnished,6213831.0
1087.0,2,2.0,2,Indore,Suburb,Apartment,47,3.0,yes,unfurnished,5224676.0
1156.0,3,3.0,3,Lucknow,Suburb,Independent House,25,3.0,yes,semi-furnished,7245161.0
3191.0,3,3.0,2,Mumbai,Suburb,Villa,43,1.0,yes,semi-furnished,75220184.0
1097.0,3,2.0,1,Mumbai,Outskirts,Apartment,23,0.0,no,furnished,12447991.0
583.0,1,1.0,1,Chandigarh,City Centre,Studio,17,1.0,yes,semi-furnished,8865032.0
1268.0,3,3.0,2,Mumbai,Gated Community,Independent House,0,0.0,yes,semi-furnished,38619109.0
465.0,1,1.0,1,Indore,Prime Suburb,Studio,32,3.0,yes,semi-furnished,2954993.0
1917.0,4,4.0,1,Bangalore,Gated Community,Apartment,42,2.0,yes,semi-furnished,23405658.0
1340.0,3,2.0,2,Chandigarh,Suburb,Row House,47,0.0,no,unfurnished,9005709.0
1935.0,3,3.0,1,Lucknow,City Centre,Penthouse,11,0.0,no,semi-furnished,20527620.0
825.0,3,2.0,2,Lucknow,Suburb,Row House,41,0.0,yes,unfurnished,4519234.0
1237.0,2,2.0,2,Kolkata,Near Metro,Independent House,53,1.0,yes,unfurnished,6037038.0
879.0,3,3.0,1,Hyderabad,Outskirts,Independent House,47,2.0,no,unfurnished,4480816.0
806.0,3,2.0,2,Ahmedabad,Suburb,Apartment,23,2.0,no,unfurnished,5724149.0
790.0,2,1.0,2,Pune,Suburb,Row House,16,1.0,yes,unfurnished,7992738.0
1221.0,3,3.0,1,Indore,Near Metro,Apartment,31,2.0,yes,unfurnished,8058816.0
392.0,1,1.0,1,Ahmedabad,Gated Community,Studio,51,1.0,yes,semi-furnished,3124954.0
898.0,2,1.0,2,Pune,Premium Township,Independent House,55,1.0,yes,unfurnished,8499272.0
1242.0,3,2.0,1,Delhi,Near Metro,Independent House,48,2.0,yes,furnished,19451731.0
864.0,2,2.0,2,Delhi,Prime Suburb,Apartment,18,1.0,yes,semi-furnished,12486725.0
2865.0,3,2.0,3,Bangalore,Near Metro,Villa,34,3.0,yes,unfurnished,36552021.0
1410.0,2,2.0,1,Mumbai,Outskirts,Apartment,30,2.0,no,unfurnished,13273642.0
1780.0,5,4.0,1,Bangalore,Prime Suburb,Independent House,19,1.0,no,furnished,23018067.0
618.0,1,1.0,1,Kolkata,Outskirts,Apartment,47,2.0,yes,semi-furnished,1597675.0
808.0,1,1.0,1,Chennai,Suburb,Apartment,34,2.0,yes,semi-furnished,5665707.0
870.0,3,3.0,1,Chandigarh,Suburb,Apartment,7,1.0,yes,furnished,6418409.0
1254.0,2,1.0,1,Lucknow,Outskirts,Apartment,36,2.0,no,unfurnished,3845294.0
3014.0,3,3.0,2,Lucknow,Waterfront,Villa,34,1.0,yes,furnished,33129821.0
3214.0,3,3.0,1,Jaipur,Prime Suburb,Penthouse,27,0.0,yes,furnished,32163133.0
640.0,1,1.0,1,Bangalore,Near Metro,Studio,48,0.0,yes,unfurnished,6728629.0
638.0,3,1.0,1,Delhi,Outskirts,Apartment,58,2.0,yes,semi-furnished,3943008.0
2346.0,4,3.0,3,Hyderabad,Outskirts,Villa,23,1.0,no,unfurnished,14573560.0
1627.0,2,2.0,1,Delhi,Prime Suburb,Apartment,20,1.0,yes,semi-furnished,24135031.0
2704.0,3,3.0,1,Kolkata,Suburb,Penthouse,4,0.0,no,furnished,25605703.0
3127.0,4,4.0,3,Kolkata,Outskirts,Villa,42,2.0,no,unfurnished,14426495.0
638.0,1,1.0,2,Jaipur,Prime Suburb,Apartment,53,1.0,no,unfurnished,3684523.0
646.0,1,1.0,1,Mumbai,City Centre,Studio,22,1.0,yes,unfurnished,22416489.0
3471.0,4,3.0,4,Delhi,Outskirts,Villa,38,1.0,yes,semi-furnished,29442589.0
448.0,1,1.0,1,Pune,Waterfront,Studio,50,1.0,no,furnished,6117797.0
3931.0,3,1.0,2,Lucknow,Premium Township,Penthouse,22,1.0,yes,semi-furnished,45841885.0
1648.0,3,3.0,3,Lucknow,Suburb,Independent House,18,0.0,yes,semi-furnished,8664899.0
610.0,3,3.0,1,Kolkata,City Centre,Apartment,55,0.0,no,semi-furnished,5212576.0
1084.0,2,2.0,2,Mumbai,Prime Suburb,Apartment,20,2.0,yes,semi-furnished,24502848.0
1237.0,4,4.0,2,Mumbai,Prime Suburb,Row House,35,0.0,no,unfurnished,34949670.0
1129.0,3,2.0,2,Indore,Suburb,Apartment,17,1.0,no,semi-furnished,4928361.0
1206.0,1,1.0,1,Chandigarh,Gated Community,Apartment,17,1.0,yes,semi-furnished,10483974.0
1063.0,3,3.0,2,Delhi,Suburb,Row House,57,0.0,yes,semi-furnished,14229306.0
2477.0,3,3.0,1,Bangalore,Suburb,Penthouse,32,0.0,yes,semi-furnished,31992819.0
1520.0,3,2.0,1,Kolkata,Prime Suburb,Apartment,1,1.0,yes,semi-furnished,11347768.0
905.0,4,2.0,1,Hyderabad,Near Metro,Apartment,5,1.0,no,unfurnished,8287257.0
993.0,3,3.0,1,Ahmedabad,City Centre,Apartment,39,1.0,yes,unfurnished,10680958.0
1598.0,3,1.0,3,Delhi,Near Metro,Independent House,51,3.0,no,unfurnished,19688855.0
350.0,3,3.0,2,Kochi,Suburb,Row House,18,1.0,no,semi-furnished,3302443.0
1410.0,3,3.0,1,Kolkata,Prime Suburb,Apartment,31,1.0,no,semi-furnished,9535563.0
1301.0,1,1.0,1,Delhi,Outskirts,Independent House,55,1.0,yes,furnished,8686663.0
571.0,2,1.0,2,Hyderabad,City Centre,Independent House,58,0.0,no,semi-furnished,8081331.0
1269.0,2,1.0,2,Bangalore,Prime Suburb,Independent House,53,1.0,no,furnished,14909151.0
1607.0,3,1.0,3,Bangalore,Outskirts,Row House,52,0.0,no,furnished,7482322.0
1231.0,5,3.0,2,Chennai,Suburb,Apartment,33,2.0,no,unfurnished,10916364.0
1461.0,1,1.0,2,Lucknow,Suburb,Row House,4,0.0,yes,semi-furnished,7946666.0
998.0,2,1.0,1,Mumbai,Prime Suburb,Apartment,18,2.0,yes,unfurnished,21598118.0
2748.0,4,3.0,1,Hyderabad,Near Metro,Penthouse,44,0.0,yes,semi-furnished,31940794.0
621.0,1,1.0,1,Ahmedabad,Prime Suburb,Studio,30,0.0,no,semi-furnished,4951359.0
1645.0,3,3.0,1,Hyderabad,Suburb,Apartment,55,2.0,no,unfurnished,12710589.0
575.0,1,1.0,1,Chennai,Suburb,Studio,32,2.0,yes,furnished,5518140.0
1130.0,2,2.0,1,Lucknow,Gated Community,Independent House,5,2.0,yes,semi-furnished,8320068.0
2033.0,2,1.0,1,Chennai,Suburb,Independent House,32,1.0,yes,semi-furnished,14726531.0
2207.0,3,3.0,2,Bangalore,Suburb,Penthouse,8,1.0,no,semi-furnished,32916446.0
2961.0,3,2.0,2,Chennai,Premium Township,Villa,25,2.0,yes,semi-furnished,44105604.0
1767.0,3,2.0,1,Ahmedabad,Prime Suburb,Apartment,42,0.0,yes,furnished,12873375.0
2922.0,3,3.0,2,Chennai,City Centre,Penthouse,46,1.0,no,semi-furnished,56572296.0
582.0,4,4.0,2,Lucknow,Gated Community,Row House,16,1.0,yes,semi-furnished,5048212.0
446.0,1,1.0,1,Chennai,City Centre,Studio,18,1.0,yes,unfurnished,7123532.0
1237.0,2,1.0,2,Bangalore,Outskirts,Row House,60,3.0,yes,unfurnished,3796330.0
2356.0,3,2.0,1,Pune,Prime Suburb,Penthouse,36,0.0,no,furnished,32425137.0
858.0,3,2.0,1,Chennai,Near Metro,Apartment,0,1.0,yes,semi-furnished,8484705.0
1278.0,5,4.0,3,Delhi,Near Metro,Row House,22,2.0,no,semi-furnished,19557090.0
1280.0,1,1.0,1,Lucknow,Outskirts,Apartment,20,2.0,yes,semi-furnished,4295895.0
656.0,2,1.0,1,Hyderabad,Suburb,Apartment,22,2.0,yes,unfurnished,6024984.0
1439.0,4,3.0,1,Bangalore,Suburb,Apartment,40,2.0,yes,semi-furnished,14495465.0
1556.0,4,3.0,2,Delhi,City Centre,Apartment,29,1.0,yes,semi-furnished,33667417.0
754.0,2,2.0,1,Mumbai,Near Metro,Apartment,58,2.0,yes,unfurnished,11899677.0
1695.0,4,3.0,1,Kolkata,Near Metro,Penthouse,40,1.0,yes,semi-furnished,17438273.0
870.0,3,3.0,2,Chennai,Suburb,Independent House,25,2.0,yes,unfurnished,9508799.0
2406.0,3,2.0,2,Kolkata,City Centre,Villa,30,1.0,yes,semi-furnished,35915600.0
3426.0,5,4.0,2,Kolkata,Prime Suburb,Penthouse,25,3.0,yes,semi-furnished,37713571.0
1616.0,5,4.0,1,Delhi,Prime Suburb,Apartment,30,1.0,no,semi-furnished,26714548.0
1538.0,4,2.0,1,Kolkata,Outskirts,Independent House,56,1.0,yes,unfurnished,5453997.0
4066.0,3,2.0,4,Delhi,Gated Community,Villa,31,1.0,no,unfurnished,79791093.0
1488.0,1,1.0,1,Pune,Gated Community,Independent House,2,3.0,yes,furnished,18437330.0
1127.0,3,2.0,1,Bangalore,Near Metro,Apartment,51,0.0,yes,unfurnished,10125072.0
1179.0,1,1.0,1,Kochi,Gated Community,Apartment,52,0.0,yes,unfurnished,8418881.0
807.0,2,2.0,1,Kolkata,Outskirts,Apartment,17,0.0,yes,unfurnished,3370305.0
910.0,2,1.0,2,Delhi,Outskirts,Apartment,42,1.0,yes,furnished,6647336.0
1615.0,4,3.0,3,Bangalore,Waterfront,Independent House,35,1.0,yes,semi-furnished,24552528.0
1404.0,3,3.0,2,Chennai,Gated Community,Independent House,0,1.0,no,unfurnished,18636971.0
959.0,3,2.0,1,Delhi,City Centre,Apartment,3,1.0,yes,semi-furnished,20647453.0
1772.0,4,4.0,2,Ahmedabad,Prime Suburb,Independent House,3,2.0,no,furnished,16720075.0
810.0,3,3.0,1,Bangalore,Suburb,Apartment,26,1.0,no,semi-furnished,8202062.0
350.0,3,2.0,1,Chandigarh,Premium Township,Independent House,52,0.0,yes,semi-furnished,3998653.0
943.0,3,1.0,1,Pune,Waterfront,Apartment,57,2.0,yes,semi-furnished,12309772.0
821.0,5,4.0,2,Mumbai,Prime Suburb,Apartment,19,1.0,yes,semi-furnished,24971689.0
1127.0,4,4.0,1,Ahmedabad,Suburb,Apartment,14,0.0,yes,semi-furnished,8237448.0
1524.0,3,2.0,2,Delhi,Gated Community,Independent House,7,1.0,yes,unfurnished,26445339.0
1084.0,2,1.0,1,Lucknow,City Centre,Independent House,42,1.0,yes,unfurnished,10200403.0
532.0,1,1.0,1,Lucknow,Suburb,Studio,47,2.0,yes,semi-furnished,2927902.0
1199.0,3,2.0,1,Bangalore,Near Metro,Apartment,18,2.0,no,semi-furnished,13428685.0
1022.0,2,2.0,3,Bangalore,Premium Township,Independent House,31,3.0,yes,semi-furnished,15368321.0
910.0,3,2.0,1,Indore,Suburb,Apartment,42,2.0,yes,unfurnished,4444738.0
649.0,1,1.0,1,Kochi,Gated Community,Studio,34,1.0,no,unfurnished,5448907.0
948.0,2,1.0,1,Mumbai,Near Metro,Apartment,10,0.0,no,semi-furnished,22999567.0
649.0,1,1.0,1,Pune,Outskirts,Studio,55,0.0,no,semi-furnished,2649415.0
2194.0,2,1.0,2,Bangalore,Prime Suburb,Independent House,40,1.0,yes,unfurnished,26299380.0
1762.0,3,3.0,2,Pune,Prime Suburb,Apartment,22,0.0,yes,semi-furnished,18926108.0
625.0,1,1.0,1,Bangalore,Outskirts,Studio,24,1.0,yes,semi-furnished,4559595.0
493.0,1,1.0,1,Kochi,Gated Community,Studio,57,0.0,no,unfurnished,3480162.0
1492.0,2,2.0,2,Delhi,City Centre,Apartment,57,0.0,yes,furnished,28442686.0
1122.0,3,3.0,2,Hyderabad,City Centre,Independent House,56,1.0,no,semi-furnished,17110206.0
1031.0,4,3.0,2,Delhi,Outskirts,Independent House,34,3.0,yes,semi-furnished,9413632.0
2983.0,3,2.0,2,Pune,Near Metro,Penthouse,40,2.0,yes,unfurnished,30910993.0
4800.0,2,1.0,1,Indore,Suburb,Independent House,54,1.0,yes,unfurnished,5629974.0
2394.0,5,4.0,1,Kolkata,City Centre,Penthouse,49,1.0,no,semi-furnished,36908636.0
1030.0,3,3.0,2,Delhi,Outskirts,Apartment,35,2.0,yes,unfurnished,7822285.0
1237.0,2,2.0,2,Bangalore,City Centre,Apartment,48,2.0,no,unfurnished,20226998.0
1974.0,3,1.0,1,Delhi,Gated Community,Apartment,15,0.0,no,semi-furnished,30810000.0
329.0,1,1.0,1,Mumbai,Prime Suburb,Studio,23,1.0,yes,furnished,9775701.0
1500.0,3,2.0,2,Kolkata,Prime Suburb,Penthouse,1,2.0,no,semi-furnished,15874085.0
456.0,1,1.0,1,Bangalore,Waterfront,Studio,27,1.0,no,semi-furnished,6492830.0
1413.0,4,3.0,1,Indore,Near Metro,Apartment,54,1.0,yes,furnished,8852736.0
1406.0,2,2.0,1,Mumbai,Near Metro,Apartment,17,2.0,yes,semi-furnished,34445491.0
417.0,1,1.0,1,Kolkata,Prime Suburb,Studio,0,1.0,no,unfurnished,4178610.0
801.0,5,2.0,2,Bangalore,Suburb,Row House,57,2.0,yes,furnished,8061854.0
1614.0,4,3.0,1,Ahmedabad,Gated Community,Apartment,39,1.0,yes,unfurnished,12927097.0
1301.0,3,3.0,1,Chandigarh,Premium Township,Apartment,26,1.0,yes,semi-furnished,13326959.0
513.0,1,1.0,1,Bangalore,Waterfront,Studio,7,2.0,yes,furnished,9441856.0
1412.0,2,2.0,2,Hyderabad,Near Metro,Row House,29,1.0,yes,semi-furnished,14560425.0
2939.0,3,3.0,1,Chennai,Suburb,Penthouse,43,3.0,yes,unfurnished,31976653.0
1088.0,4,2.0,2,Ahmedabad,Waterfront,Independent House,1,3.0,yes,unfurnished,12971803.0
1205.0,2,2.0,1,Ahmedabad,Prime Suburb,Apartment,51,1.0,yes,furnished,10012899.0
350.0,2,1.0,1,Bangalore,Outskirts,Independent House,17,0.0,yes,unfurnished,2558894.0
1666.0,1,1.0,1,Hyderabad,Waterfront,Apartment,60,1.0,yes,furnished,16433285.0
730.0,3,2.0,1,Delhi,Prime Suburb,Apartment,35,0.0,yes,unfurnished,11338566.0
1827.0,2,2.0,2,Chandigarh,Outskirts,Row House,54,2.0,yes,furnished,6784874.0
853.0,4,4.0,1,Chennai,Gated Community,Apartment,28,0.0,no,furnished,8477947.0
2132.0,5,4.0,1,Bangalore,City Centre,Apartment,42,0.0,yes,semi-furnished,34199169.0
2253.0,3,3.0,3,Chennai,Prime Suburb,Villa,30,1.0,yes,semi-furnished,27928241.0
635.0,3,2.0,1,Mumbai,Outskirts,Independent House,12,1.0,no,semi-furnished,10722198.0
493.0,1,1.0,1,Chennai,Suburb,Studio,12,0.0,yes,furnished,4647511.0
1675.0,4,4.0,1,Lucknow,Prime Suburb,Apartment,36,0.0,yes,unfurnished,11021781.0
2726.0,3,2.0,2,Chennai,Outskirts,Villa,14,1.0,yes,unfurnished,14331027.0
444.0,1,1.0,1,Delhi,Waterfront,Studio,13,1.0,yes,furnished,8946073.0
2418.0,3,2.0,3,Bangalore,Premium Township,Villa,22,2.0,yes,semi-furnished,44461340.0
375.0,1,1.0,1,Chennai,Suburb,Studio,8,1.0,yes,unfurnished,3696632.0
1404.0,1,1.0,1,Bangalore,Suburb,Apartment,55,1.0,yes,furnished,12001560.0
2706.0,3,3.0,2,Delhi,Prime Suburb,Villa,32,2.0,yes,unfurnished,51107230.0
1711.0,3,3.0,4,Mumbai,Outskirts,Independent House,41,3.0,yes,semi-furnished,19766608.0
647.0,1,1.0,1,Kolkata,Suburb,Studio,5,2.0,no,unfurnished,5239479.0
502.0,1,1.0,1,Hyderabad,Outskirts,Studio,50,1.0,no,semi-furnished,1690004.0
1522.0,4,4.0,2,Delhi,Prime Suburb,Row House,0,2.0,yes,furnished,26134144.0
835.0,2,1.0,1,Bangalore,Gated Community,Apartment,16,1.0,no,semi-furnished,10210349.0
350.0,1,1.0,3,Chandigarh,City Centre,Row House,14,3.0,no,furnished,5859515.0
4800.0,3,3.0,2,Delhi,Prime Suburb,Villa,1,2.0,no,unfurnished,89427160.0
1873.0,3,3.0,1,Chennai,Waterfront,Independent House,13,1.0,yes,unfurnished,23800169.0
1311.0,3,3.0,1,Bangalore,Gated Community,Apartment,14,2.0,no,furnished,16945299.0
3439.0,3,3.0,2,Jaipur,Premium Township,Villa,34,1.0,no,unfurnished,37613780.0
1500.0,3,2.0,2,Indore,Suburb,Penthouse,11,1.0,yes,semi-furnished,11780711.0
620.0,3,3.0,1,Chandigarh,Outskirts,Apartment,4,1.0,yes,semi-furnished,4533075.0
1799.0,3,3.0,1,Chandigarh,Suburb,Apartment,35,1.0,yes,semi-furnished,11547850.0
517.0,2,1.0,1,Kochi,Near Metro,Apartment,50,1.0,yes,furnished,3455635.0
3351.0,3,3.0,1,Lucknow,Gated Community,Penthouse,25,1.0,yes,semi-furnished,37572908.0
2890.0,4,3.0,1,Delhi,Near Metro,Penthouse,12,1.0,yes,semi-furnished,54521264.0
1179.0,4,2.0,2,Lucknow,Suburb,Row House,47,0.0,no,semi-furnished,6014904.0
1586.0,2,1.0,1,Chennai,Prime Suburb,Apartment,38,0.0,yes,semi-furnished,13501443.0
1244.0,4,3.0,1,Bangalore,Outskirts,Apartment,38,0.0,yes,semi-furnished,6816254.0
1209.0,3,3.0,1,Mumbai,City Centre,Apartment,6,2.0,yes,furnished,46648909.0
1237.0,3,3.0,2,Kolkata,City Centre,Villa,3,1.0,yes,furnished,50736347.0
3897.0,3,2.0,2,Mumbai,Premium Township,Villa,46,1.0,yes,unfurnished,108643350.0
3099.0,3,3.0,3,Indore,City Centre,Villa,33,1.0,yes,semi-furnished,34097345.0
1716.0,3,2.0,2,Delhi,Outskirts,Apartment,17,0.0,yes,unfurnished,12240106.0
1045.0,4,3.0,1,Delhi,City Centre,Independent House,5,2.0,yes,semi-furnished,27338281.0
493.0,1,1.0,1,Mumbai,Suburb,Apartment,25,0.0,yes,semi-furnished,8822172.0
1608.0,4,4.0,2,Delhi,City Centre,Row House,14,1.0,yes,unfurnished,108643350.0
1642.0,1,1.0,2,Chandigarh,Suburb,Independent House,26,0.0,yes,unfurnished,12583271.0
308.0,1,1.0,1,Pune,Near Metro,Studio,50,0.0,no,furnished,2705852.0
905.0,3,3.0,2,Chennai,Suburb,Apartment,10,0.0,no,semi-furnished,8586735.0
350.0,4,4.0,1,Hyderabad,Near Metro,Independent House,12,2.0,yes,semi-furnished,5341311.0
1477.0,2,2.0,1,Bangalore,Suburb,Apartment,19,0.0,yes,semi-furnished,13603714.0
1366.0,2,2.0,1,Lucknow,Premium Township,Apartment,19,2.0,no,semi-furnished,11048144.0
3866.0,3,1.0,2,Chennai,City Centre,Villa,28,1.0,yes,semi-furnished,70597552.0
2501.0,3,2.0,1,Lucknow,Outskirts,Penthouse,35,0.0,yes,furnished,9536283.0
2438.0,3,3.0,2,Ahmedabad,Outskirts,Villa,35,1.0,yes,semi-furnished,9043220.0
1511.0,4,3.0,1,Lucknow,Gated Community,Apartment,29,1.0,yes,unfurnished,9547062.0
442.0,1,1.0,1,Jaipur,Premium Township,Studio,11,1.0,no,unfurnished,4292234.0
339.0,1,1.0,1,Pune,Gated Community,Studio,1,1.0,no,unfurnished,4837225.0
1602.0,2,1.0,1,Chennai,Suburb,Apartment,30,1.0,yes,semi-furnished,14332816.0
825.0,1,1.0,1,Lucknow,Suburb,Apartment,14,1.0,yes,unfurnished,5050859.0
1660.0,2,2.0,2,Pune,Waterfront,Row House,21,0.0,yes,semi-furnished,23261929.0
1237.0,4,3.0,1,Kochi,Near Metro,Apartment,27,1.0,yes,semi-furnished,7194411.0
938.0,2,1.0,2,Delhi,Premium Township,Apartment,54,1.0,yes,semi-furnished,14372532.0
1237.0,2,2.0,2,Ahmedabad,Near Metro,Apartment,4,1.0,yes,semi-furnished,13215353.0
985.0,4,3.0,1,Bangalore,Outskirts,Independent House,14,1.0,yes,furnished,8586080.0
1765.0,2,2.0,1,Mumbai,Prime Suburb,Independent House,60,2.0,no,unfurnished,40513426.0
3228.0,3,3.0,3,Pune,Suburb,Villa,5,2.0,no,semi-furnished,39939763.0
1273.0,1,1.0,1,Hyderabad,Outskirts,Apartment,26,1.0,yes,unfurnished,5451480.0
989.0,4,4.0,2,Chennai,Suburb,Row House,21,1.0,yes,unfurnished,8239367.0
3765.0,3,2.0,2,Delhi,Near Metro,Villa,13,2.0,yes,semi-furnished,63740752.0
518.0,4,4.0,1,Ahmedabad,City Centre,Apartment,13,1.0,yes,unfurnished,6697329.0
697.0,4,3.0,1,Bangalore,Gated Community,Apartment,8,2.0,no,unfurnished,11581584.0
482.0,3,1.0,2,Bangalore,Suburb,Independent House,57,0.0,no,unfurnished,4118402.0
973.0,3,3.0,1,Ahmedabad,Suburb,Apartment,46,1.0,yes,semi-furnished,5750859.0
1124.0,2,2.0,1,Chennai,Prime Suburb,Apartment,15,0.0,no,unfurnished,9423737.0
531.0,1,1.0,1,Jaipur,Prime Suburb,Studio,35,1.0,yes,unfurnished,3775607.0
2789.0,3,2.0,2,Mumbai,Outskirts,Villa,44,1.0,yes,semi-furnished,39389956.0
1707.0,4,4.0,1,Kolkata,Near Metro,Apartment,56,1.0,no,unfurnished,10911789.0
1145.0,4,3.0,1,Chandigarh,Prime Suburb,Apartment,24,3.0,no,semi-furnished,10782950.0
919.0,1,1.0,1,Hyderabad,Suburb,Apartment,58,2.0,no,unfurnished,6240699.0
415.0,1,1.0,1,Delhi,Prime Suburb,Studio,27,2.0,yes,unfurnished,6754421.0
1209.0,3,2.0,1,Kolkata,Gated Community,Apartment,56,1.0,yes,unfurnished,8569579.0
1151.0,3,2.0,1,Pune,Suburb,Apartment,28,3.0,no,furnished,10025658.0
628.0,1,1.0,1,Indore,Waterfront,Studio,48,0.0,yes,unfurnished,4654069.0
426.0,1,1.0,1,Kolkata,Suburb,Studio,41,0.0,yes,furnished,3125251.0
962.0,3,2.0,1,Bangalore,Premium Township,Apartment,38,2.0,yes,semi-furnished,12085538.0
1125.0,3,2.0,1,Chennai,Outskirts,Apartment,42,2.0,yes,semi-furnished,5419166.0
364.0,1,1.0,1,Ahmedabad,Prime Suburb,Studio,30,1.0,yes,semi-furnished,3380391.0
1250.0,3,2.0,1,Jaipur,Near Metro,Independent House,7,1.0,yes,semi-furnished,9171872.0
2992.0,3,3.0,2,Delhi,Outskirts,Villa,16,1.0,yes,unfurnished,27017979.0
913.0,4,4.0,2,Chennai,Outskirts,Apartment,49,1.0,no,unfurnished,4338964.0
1373.0,2,2.0,1,Kochi,Gated Community,Independent House,26,1.0,yes,semi-furnished,12758856.0
1422.0,3,3.0,2,Chennai,City Centre,Independent House,41,2.0,yes,semi-furnished,24358180.0
1357.0,3,3.0,1,Ahmedabad,Near Metro,Independent House,7,1.0,yes,semi-furnished,11688047.0
3637.0,4,4.0,2,Chennai,Prime Suburb,Villa,13,2.0,no,furnished,53374587.0
1058.0,3,2.0,2,Hyderabad,Outskirts,Apartment,30,1.0,yes,semi-furnished,5563564.0
4800.0,1,1.0,1,Kolkata,Gated Community,Studio,28,0.0,yes,unfurnished,2992236.0
1566.0,3,2.0,2,Mumbai,Outskirts,Apartment,22,1.0,no,unfurnished,18447855.0
1432.0,4,3.0,2,Delhi,Gated Community,Apartment,24,2.0,yes,semi-furnished,22203756.0
3253.0,3,2.0,1,Indore,Gated Community,Penthouse,14,0.0,yes,unfurnished,29203525.0
524.0,5,4.0,1,Chennai,Outskirts,Apartment,11,2.0,yes,semi-furnished,3836694.0
335.0,1,1.0,1,Chandigarh,Prime Suburb,Studio,20,1.0,yes,furnished,4108811.0
350.0,1,1.0,4,Kolkata,City Centre,Independent House,42,1.0,yes,unfurnished,3980230.0
1366.0,1,1.0,2,Kolkata,Suburb,Row House,60,2.0,yes,semi-furnished,8068917.0
1001.0,4,3.0,3,Jaipur,Suburb,Independent House,35,2.0,yes,semi-furnished,7484224.0
519.0,3,2.0,2,Chennai,Suburb,Row House,24,3.0,no,unfurnished,4758008.0
1473.0,3,3.0,2,Mumbai,Waterfront,Independent House,1,1.0,yes,semi-furnished,49179149.0
862.0,1,1.0,1,Bangalore,Waterfront,Apartment,28,2.0,yes,furnished,10865215.0
886.0,3,1.0,1,Kolkata,Outskirts,Apartment,59,0.0,yes,semi-furnished,2581918.0
2330.0,3,3.0,1,Hyderabad,City Centre,Penthouse,41,0.0,yes,semi-furnished,46900684.0
1045.0,1,1.0,3,Pune,Premium Township,Independent House,60,1.0,no,semi-furnished,12159106.0
350.0,2,2.0,1,Lucknow,Prime Suburb,Apartment,56,1.0,no,unfurnished,1808406.0
1169.0,4,3.0,1,Bangalore,Outskirts,Independent House,4,1.0,yes,semi-furnished,9199531.0
2390.0,3,2.0,3,Kochi,Prime Suburb,Villa,14,1.0,yes,semi-furnished,28389746.0
1545.0,3,3.0,3,Delhi,Prime Suburb,Independent House,30,1.0,no,semi-furnished,25433191.0
3071.0,3,3.0,2,Mumbai,Suburb,Villa,56,1.0,yes,semi-furnished,78743829.0
392.0,2,2.0,2,Kolkata,Near Metro,Apartment,20,1.0,yes,semi-furnished,3260402.0
1078.0,3,3.0,2,Chennai,Outskirts,Independent House,54,3.0,yes,semi-furnished,5428610.0
3366.0,4,4.0,2,Kochi,Suburb,Villa,11,1.0,yes,unfurnished,31901389.0
1368.0,2,1.0,1,Pune,Suburb,Apartment,39,0.0,yes,furnished,12790222.0
1314.0,3,2.0,3,Bangalore,Suburb,Independent House,49,1.0,no,furnished,13177751.0
1368.0,2,1.0,1,Kolkata,Outskirts,Apartment,32,0.0,yes,semi-furnished,4399321.0
433.0,1,1.0,1,Delhi,Suburb,Studio,5,0.0,yes,unfurnished,6450856.0
3011.0,3,3.0,2,Hyderabad,Near Metro,Penthouse,19,3.0,yes,semi-furnished,34146084.0
781.0,4,3.0,1,Delhi,Outskirts,Apartment,57,2.0,yes,furnished,5576287.0
1284.0,1,1.0,1,Kolkata,Outskirts,Apartment,18,0.0,yes,furnished,4724797.0
2423.0,3,2.0,1,Pune,Prime Suburb,Penthouse,5,2.0,yes,unfurnished,38305623.0
567.0,1,1.0,1,Bangalore,Waterfront,Studio,32,1.0,yes,semi-furnished,9851410.0
366.0,2,2.0,1,Delhi,Outskirts,Independent House,44,3.0,yes,semi-furnished,2856858.0
1212.0,4,4.0,1,Bangalore,Prime Suburb,Apartment,3,1.0,no,unfurnished,15659632.0
709.0,4,4.0,1,Delhi,Suburb,Apartment,48,0.0,no,unfurnished,8410351.0
762.0,3,3.0,1,Chandigarh,Outskirts,Apartment,51,1.0,yes,semi-furnished,3284737.0
3048.0,3,2.0,2,Delhi,Gated Community,Penthouse,38,2.0,yes,semi-furnished,61380881.0
1741.0,1,1.0,2,Bangalore,Outskirts,Independent House,13,3.0,yes,unfurnished,10911908.0
492.0,3,1.0,2,Delhi,Outskirts,Independent House,12,2.0,yes,unfurnished,5551002.0
1756.0,1,1.0,2,Delhi,Suburb,Apartment,41,1.0,yes,furnished,20667993.0
1670.0,2,1.0,1,Kochi,Outskirts,Independent House,29,1.0,yes,furnished,6448778.0
3027.0,3,3.0,2,Lucknow,Waterfront,Villa,8,2.0,no,unfurnished,33670099.0
1442.0,2,2.0,1,Delhi,Suburb,Apartment,36,2.0,yes,semi-furnished,15607572.0
426.0,1,1.0,1,Ahmedabad,Premium Township,Studio,21,1.0,yes,unfurnished,3909387.0
2837.0,3,3.0,2,Bangalore,Gated Community,Villa,57,2.0,yes,semi-furnished,37264146.0
1015.0,2,2.0,2,Delhi,Prime Suburb,Apartment,41,1.0,yes,semi-furnished,14198211.0
1646.0,2,1.0,1,Kochi,Prime Suburb,Apartment,42,1.0,yes,furnished,12265043.0
3942.0,3,3.0,4,Ahmedabad,Waterfront,Villa,28,2.0,yes,semi-furnished,52495028.0
628.0,1,1.0,1,Chandigarh,Suburb,Studio,2,0.0,yes,furnished,5919168.0
506.0,1,1.0,1,Chandigarh,Gated Community,Studio,35,1.0,yes,semi-furnished,4898577.0
2209.0,3,2.0,2,Chennai,City Centre,Villa,3,1.0,yes,semi-furnished,38256784.0
840.0,5,3.0,2,Lucknow,Gated Community,Independent House,20,2.0,yes,unfurnished,6678670.0
1752.0,3,2.0,1,Kolkata,Outskirts,Apartment,27,1.0,yes,furnished,7013123.0
1732.0,2,1.0,1,Delhi,City Centre,Independent House,16,1.0,yes,unfurnished,37341765.0
350.0,3,3.0,3,Hyderabad,Premium Township,Independent House,4,1.0,no,semi-furnished,6972812.0
891.0,4,4.0,2,Pune,Premium Township,Apartment,46,1.0,yes,furnished,12808435.0
3314.0,3,3.0,1,Ahmedabad,Suburb,Penthouse,38,0.0,no,semi-furnished,27465182.0
1259.0,3,3.0,1,Kochi,City Centre,Apartment,36,2.0,yes,semi-furnished,15901329.0
3073.0,3,2.0,2,Chennai,Prime Suburb,Penthouse,2,1.0,yes,unfurnished,37250557.0
1056.0,2,2.0,2,Mumbai,Outskirts,Independent House,55,1.0,yes,unfurnished,11417565.0
1279.0,4,2.0,1,Chennai,Prime Suburb,Apartment,3,0.0,yes,semi-furnished,12666313.0
1157.0,5,4.0,2,Ahmedabad,Outskirts,Row House,17,1.0,yes,semi-furnished,5661115.0
623.0,1,1.0,2,Hyderabad,Gated Community,Row House,10,0.0,yes,semi-furnished,7244183.0
703.0,3,2.0,1,Kochi,Suburb,Apartment,18,1.0,yes,unfurnished,4717951.0
357.0,1,1.0,1,Mumbai,Suburb,Studio,32,0.0,yes,furnished,7025043.0
3055.0,5,4.0,2,Delhi,Outskirts,Villa,37,1.0,yes,unfurnished,25345927.0
2971.0,4,4.0,1,Jaipur,Waterfront,Penthouse,1,1.0,yes,semi-furnished,41404232.0
405.0,1,1.0,1,Jaipur,Suburb,Studio,2,3.0,no,unfurnished,3282205.0
1613.0,1,1.0,2,Bangalore,Premium Township,Independent House,33,1.0,yes,unfurnished,22035884.0
1190.0,1,1.0,3,Mumbai,Near Metro,Row House,6,0.0,yes,unfurnished,28097515.0
1165.0,3,3.0,2,Jaipur,Premium Township,Row House,4,1.0,yes,semi-furnished,11189781.0
1371.0,2,2.0,2,Kolkata,Outskirts,Independent House,34,2.0,no,unfurnished,4358622.0
983.0,3,2.0,1,Pune,Suburb,Apartment,29,3.0,yes,unfurnished,8646172.0
479.0,1,1.0,1,Jaipur,City Centre,Studio,46,0.0,yes,unfurnished,4176247.0
1716.0,4,3.0,1,Chennai,City Centre,Apartment,32,1.0,no,semi-furnished,20775003.0
1729.0,4,3.0,1,Mumbai,Suburb,Apartment,35,0.0,yes,semi-furnished,35106964.0
2522.0,3,1.0,2,Hyderabad,Prime Suburb,Penthouse,42,2.0,yes,semi-furnished,32264078.0
1409.0,3,3.0,1,Jaipur,Prime Suburb,Apartment,48,1.0,yes,semi-furnished,10461862.0
1485.0,2,1.0,1,Indore,Premium Township,Apartment,0,0.0,yes,unfurnished,11325480.0
3174.0,3,3.0,1,Hyderabad,City Centre,Penthouse,51,1.0,yes,semi-furnished,71544265.0
1237.0,3,3.0,2,Kolkata,Gated Community,Independent House,49,1.0,yes,unfurnished,16827490.0
3193.0,3,2.0,2,Hyderabad,Prime Suburb,Villa,33,1.0,yes,unfurnished,36828619.0
1717.0,3,2.0,3,Delhi,Prime Suburb,Independent House,34,1.0,yes,semi-furnished,26007946.0
1553.0,4,4.0,1,Kolkata,Suburb,Apartment,20,1.0,yes,unfurnished,9660719.0
1738.0,1,1.0,2,Bangalore,Prime Suburb,Independent House,13,1.0,yes,semi-furnished,18766082.0
1990.0,2,2.0,2,Mumbai,Suburb,Apartment,26,2.0,yes,furnished,36403343.0
745.0,4,3.0,1,Pune,Prime Suburb,Apartment,23,1.0,yes,semi-furnished,9307343.0
1355.0,3,2.0,1,Hyderabad,Prime Suburb,Apartment,58,2.0,no,unfurnished,12992342.0
2082.0,2,1.0,1,Lucknow,Suburb,Apartment,11,0.0,yes,unfurnished,10241291.0
911.0,2,2.0,2,Chennai,Prime Suburb,Independent House,37,1.0,yes,furnished,10530112.0
1237.0,3,2.0,1,Lucknow,Outskirts,Apartment,55,0.0,yes,semi-furnished,1392099.0
945.0,2,2.0,2,Hyderabad,Suburb,Row House,2,1.0,no,furnished,9542958.0
370.0,1,1.0,1,Chennai,Waterfront,Studio,39,0.0,yes,semi-furnished,4402677.0
1237.0,3,3.0,1,Bangalore,Prime Suburb,Penthouse,23,2.0,yes,semi-furnished,36411283.0
389.0,3,1.0,1,Delhi,Premium Township,Apartment,1,1.0,yes,semi-furnished,8787014.0
2785.0,3,3.0,2,Mumbai,Suburb,Penthouse,37,3.0,yes,furnished,79967042.0
2728.0,3,2.0,4,Delhi,Premium Township,Villa,24,3.0,no,semi-furnished,62341517.0
981.0,2,2.0,2,Mumbai,Outskirts,Apartment,38,1.0,yes,unfurnished,9676904.0
1809.0,3,3.0,1,Hyderabad,Near Metro,Penthouse,35,0.0,yes,semi-furnished,26503391.0
1520.0,3,3.0,2,Kolkata,Gated Community,Row House,4,1.0,yes,furnished,10936389.0
571.0,5,4.0,1,Kolkata,Prime Suburb,Apartment,33,1.0,yes,semi-furnished,5658323.0
1899.0,2,1.0,1,Hyderabad,Prime Suburb,Apartment,42,2.0,yes,unfurnished,19353439.0
1555.0,3,2.0,1,Pune,Suburb,Independent House,53,2.0,yes,unfurnished,14016939.0
1129.0,4,4.0,2,Chandigarh,Prime Suburb,Row House,27,0.0,yes,furnished,10324620.0
2343.0,3,2.0,2,Bangalore,Waterfront,Penthouse,47,1.0,no,unfurnished,49095755.0
1506.0,4,4.0,1,Chennai,Near Metro,Apartment,12,2.0,yes,semi-furnished,13772931.0
3218.0,3,3.0,2,Kolkata,Suburb,Villa,25,2.0,yes,semi-furnished,22271186.0
3072.0,3,2.0,2,Hyderabad,Suburb,Villa,12,1.0,yes,semi-furnished,33431179.0
1268.0,2,1.0,2,Kolkata,Suburb,Independent House,39,1.0,no,furnished,7986360.0
1202.0,2,2.0,2,Hyderabad,Outskirts,Apartment,22,1.0,no,unfurnished,5771546.0
544.0,3,1.0,2,Indore,Suburb,Apartment,20,1.0,yes,unfurnished,3204422.0
2120.0,3,1.0,1,Mumbai,Prime Suburb,Apartment,32,1.0,yes,unfurnished,47511189.0
2886.0,3,3.0,2,Bangalore,City Centre,Villa,50,1.0,no,semi-furnished,56485775.0
2277.0,3,2.0,4,Kolkata,City Centre,Villa,11,1.0,yes,unfurnished,31474286.0
522.0,1,1.0,2,Chennai,Outskirts,Independent House,28,1.0,yes,furnished,3245842.0
1237.0,2,1.0,1,Delhi,Prime Suburb,Independent House,12,1.0,yes,unfurnished,18680129.0
1237.0,1,1.0,2,Lucknow,Premium Township,Row House,60,2.0,yes,furnished,10220262.0
2931.0,3,3.0,1,Pune,Prime Suburb,Penthouse,52,0.0,yes,furnished,44252220.0
465.0,1,1.0,1,Bangalore,Waterfront,Studio,8,2.0,yes,furnished,9182957.0
1716.0,2,2.0,1,Hyderabad,Suburb,Apartment,57,1.0,yes,unfurnished,12518742.0
330.0,1,1.0,1,Kochi,Outskirts,Studio,3,3.0,yes,semi-furnished,2659685.0
3395.0,4,4.0,3,Pune,City Centre,Villa,42,2.0,yes,semi-furnished,72639655.0
2007.0,2,1.0,1,Ahmedabad,Outskirts,Apartment,57,3.0,yes,semi-furnished,6061215.0
603.0,5,4.0,2,Bangalore,Prime Suburb,Independent House,44,1.0,yes,semi-furnished,9108751.0
1405.0,2,1.0,1,Chandigarh,Prime Suburb,Apartment,40,2.0,yes,semi-furnished,12505782.0
1499.0,3,3.0,2,Indore,Suburb,Independent House,56,0.0,yes,unfurnished,7034044.0
1189.0,1,1.0,1,Jaipur,Outskirts,Independent House,29,1.0,yes,semi-furnished,3860681.0
860.0,3,3.0,2,Delhi,Near Metro,Independent House,47,0.0,yes,furnished,12506514.0
1839.0,5,4.0,3,Kolkata,Gated Community,Independent House,29,0.0,yes,semi-furnished,15651172.0
3069.0,3,3.0,2,Hyderabad,Near Metro,Villa,49,1.0,no,unfurnished,33885972.0
1067.0,4,3.0,2,Delhi,Near Metro,Independent House,51,1.0,yes,semi-furnished,16748214.0
3013.0,3,2.0,2,Bangalore,Gated Community,Villa,13,1.0,yes,unfurnished,45566367.0
1436.0,3,3.0,1,Pune,Outskirts,Apartment,46,3.0,yes,semi-furnished,7708558.0
3033.0,3,2.0,3,Bangalore,Gated Community,Villa,58,3.0,yes,semi-furnished,50450675.0
3969.0,3,2.0,3,Mumbai,Suburb,Villa,28,1.0,no,semi-furnished,98508182.0
3206.0,4,4.0,2,Delhi,Prime Suburb,Villa,52,1.0,no,unfurnished,59466456.0
1260.0,2,2.0,1,Hyderabad,Outskirts,Apartment,41,1.0,no,semi-furnished,5806955.0
610.0,1,1.0,1,Ahmedabad,Premium Township,Studio,9,2.0,yes,semi-furnished,5913020.0
1868.0,3,3.0,2,Chandigarh,Near Metro,Villa,55,1.0,yes,semi-furnished,19158330.0
1862.0,3,2.0,2,Delhi,City Centre,Villa,10,3.0,no,unfurnished,51783822.0
1063.0,2,1.0,1,Pune,City Centre,Apartment,13,3.0,no,furnished,18651109.0
426.0,1,1.0,1,Jaipur,City Centre,Studio,21,1.0,no,semi-furnished,5096183.0
1204.0,4,3.0,1,Hyderabad,Prime Suburb,Apartment,55,2.0,yes,semi-furnished,11768767.0
528.0,3,2.0,2,Chennai,Outskirts,Independent House,30,1.0,no,semi-furnished,2986385.0
805.0,2,2.0,1,Chandigarh,Gated Community,Apartment,19,2.0,yes,unfurnished,8673382.0
2547.0,3,2.0,4,Hyderabad,City Centre,Villa,19,1.0,no,unfurnished,42384310.0
2896.0,3,3.0,2,Chandigarh,Outskirts,Penthouse,35,0.0,no,semi-furnished,16212119.0
1196.0,2,2.0,1,Hyderabad,Suburb,Independent House,58,3.0,yes,unfurnished,10021278.0
784.0,2,1.0,1,Delhi,Outskirts,Apartment,42,1.0,yes,semi-furnished,4806511.0
3609.0,3,2.0,2,Indore,City Centre,Villa,20,2.0,yes,furnished,43890197.0
2003.0,1,1.0,1,Kolkata,Gated Community,Apartment,25,2.0,yes,unfurnished,15952932.0
1333.0,3,3.0,2,Kochi,Suburb,Apartment,31,1.0,yes,semi-furnished,8274826.0
1237.0,5,4.0,1,Bangalore,Near Metro,Apartment,26,1.0,no,unfurnished,9655462.0
466.0,1,1.0,1,Bangalore,City Centre,Studio,34,1.0,yes,furnished,8033496.0
3173.0,4,3.0,2,Bangalore,Near Metro,Villa,14,1.0,yes,semi-furnished,43328540.0
1089.0,2,2.0,1,Hyderabad,Near Metro,Independent House,33,0.0,no,furnished,12267104.0
375.0,1,1.0,1,Chennai,Prime Suburb,Studio,51,1.0,yes,unfurnished,3123330.0
3248.0,3,3.0,1,Indore,Prime Suburb,Penthouse,57,1.0,yes,unfurnished,27675306.0
1426.0,3,2.0,1,Jaipur,Suburb,Apartment,40,0.0,no,semi-furnished,6971856.0
3355.0,5,4.0,2,Mumbai,Suburb,Villa,2,3.0,no,semi-furnished,94609021.0
3262.0,3,3.0,2,Pune,Waterfront,Villa,56,2.0,yes,semi-furnished,52062022.0
2979.0,3,3.0,2,Bangalore,Waterfront,Villa,43,1.0,no,unfurnished,54138589.0
507.0,1,1.0,1,Ahmedabad,Outskirts,Independent House,47,1.0,yes,semi-furnished,1787106.0
2700.0,3,3.0,1,Pune,Prime Suburb,Penthouse,56,1.0,no,semi-furnished,36950904.0
2187.0,3,2.0,3,Indore,Near Metro,Villa,10,2.0,no,semi-furnished,19740253.0
1396.0,1,1.0,1,Kolkata,Premium Township,Apartment,30,0.0,yes,unfurnished,10514389.0
2200.0,3,2.0,2,Bangalore,Suburb,Villa,12,1.0,yes,semi-furnished,25005340.0
1073.0,2,1.0,2,Hyderabad,Outskirts,Independent House,20,2.0,yes,unfurnished,5917776.0
1242.0,2,2.0,1,Hyderabad,Near Metro,Apartment,50,3.0,yes,unfurnished,11071009.0
1448.0,3,3.0,1,Kolkata,Premium Township,Apartment,25,0.0,yes,semi-furnished,13705584.0
1066.0,2,2.0,1,Bangalore,City Centre,Apartment,16,2.0,no,furnished,17217858.0
554.0,1,1.0,1,Bangalore,Outskirts,Studio,19,2.0,no,semi-furnished,2971161.0
1114.0,1,1.0,2,Kolkata,Suburb,Apartment,54,0.0,yes,semi-furnished,5374731.0
3611.0,3,3.0,2,Delhi,Outskirts,Villa,23,2.0,no,unfurnished,34000994.0
1277.0,3,3.0,2,Bangalore,Waterfront,Apartment,8,1.0,no,unfurnished,21337360.0
641.0,1,1.0,1,Bangalore,Near Metro,Studio,12,1.0,no,furnished,8416431.0
3697.0,3,3.0,2,Bangalore,Suburb,Villa,54,2.0,no,semi-furnished,44028980.0
2446.0,3,2.0,1,Chennai,Prime Suburb,Penthouse,40,1.0,yes,semi-furnished,34906938.0
1174.0,2,1.0,1,Delhi,Near Metro,Apartment,16,1.0,yes,furnished,16306945.0
1343.0,1,1.0,2,Jaipur,Suburb,Row House,18,2.0,yes,unfurnished,7230978.0
1298.0,4,2.0,1,Chennai,Prime Suburb,Apartment,25,2.0,yes,unfurnished,13298824.0
3088.0,3,3.0,3,Hyderabad,Suburb,Villa,29,2.0,yes,semi-furnished,30677789.0
2252.0,3,3.0,2,Kolkata,Prime Suburb,Villa,27,2.0,no,unfurnished,20757084.0
1153.0,3,1.0,1,Kochi,Waterfront,Apartment,32,1.0,yes,unfurnished,10776521.0
670.0,1,1.0,2,Lucknow,Suburb,Row House,5,1.0,yes,semi-furnished,4409088.0
309.0,1,1.0,1,Delhi,Outskirts,Studio,59,2.0,no,unfurnished,1392099.0
1862.0,2,1.0,2,Kolkata,Outskirts,Independent House,22,1.0,yes,unfurnished,6796552.0
570.0,2,1.0,2,Mumbai,City Centre,Row House,45,1.0,no,unfurnished,18988666.0
742.0,2,1.0,2,Delhi,Outskirts,Row House,22,0.0,yes,semi-furnished,4471498.0
566.0,1,1.0,1,Delhi,Gated Community,Studio,40,1.0,yes,furnished,9253029.0
516.0,2,1.0,3,Kolkata,Gated Community,Row House,10,1.0,yes,unfurnished,5083555.0
1169.0,2,1.0,1,Kochi,Waterfront,Apartment,36,2.0,yes,semi-furnished,9842887.0
2809.0,3,3.0,2,Delhi,Outskirts,Penthouse,30,1.0,no,semi-furnished,23185622.0
1228.0,4,4.0,1,Delhi,Waterfront,Independent House,45,1.0,yes,semi-furnished,23222750.0
1769.0,2,1.0,1,Indore,Suburb,Apartment,31,1.0,yes,semi-furnished,7306828.0
961.0,3,1.0,1,Indore,Waterfront,Apartment,40,1.0,yes,semi-furnished,7427888.0
2926.0,3,3.0,2,Delhi,Premium Township,Penthouse,10,0.0,yes,furnished,71202763.0
1716.0,3,3.0,2,Kolkata,City Centre,Row House,49,0.0,yes,unfurnished,17612724.0
2005.0,2,1.0,2,Ahmedabad,Near Metro,Independent House,13,0.0,yes,unfurnished,14392500.0
1264.0,2,1.0,1,Jaipur,Outskirts,Apartment,20,1.0,yes,unfurnished,4351501.0
992.0,4,4.0,1,Kolkata,Outskirts,Apartment,19,3.0,yes,unfurnished,5187082.0
923.0,2,2.0,1,Hyderabad,Prime Suburb,Apartment,53,0.0,yes,semi-furnished,8016794.0
1016.0,2,2.0,2,Delhi,Gated Community,Independent House,32,1.0,yes,semi-furnished,14387999.0
646.0,3,3.0,2,Pune,Premium Township,Apartment,11,1.0,yes,semi-furnished,8028988.0
2434.0,3,3.0,2,Ahmedabad,Prime Suburb,Villa,11,1.0,yes,unfurnished,25950211.0
1808.0,2,1.0,2,Bangalore,Gated Community,Apartment,28,2.0,yes,furnished,19169277.0
488.0,2,2.0,1,Delhi,Gated Community,Apartment,44,1.0,yes,unfurnished,7046566.0
596.0,1,1.0,1,Bangalore,Outskirts,Studio,51,1.0,yes,semi-furnished,2504821.0
4075.0,3,3.0,2,Mumbai,Gated Community,Villa,33,1.0,yes,semi-furnished,108643350.0
2013.0,3,3.0,2,Bangalore,Waterfront,Villa,54,1.0,no,semi-furnished,41382106.0
3175.0,3,1.0,2,Bangalore,Suburb,Villa,57,1.0,yes,furnished,37573788.0
1368.0,2,1.0,1,Hyderabad,City Centre,Independent House,8,1.0,yes,semi-furnished,21589377.0
739.0,1,1.0,1,Pune,Suburb,Apartment,45,0.0,yes,unfurnished,4412630.0
580.0,1,1.0,1,Jaipur,Premium Township,Studio,28,1.0,yes,semi-furnished,5208173.0
1571.0,2,1.0,1,Delhi,Prime Suburb,Apartment,32,0.0,no,semi-furnished,21571197.0
884.0,4,4.0,1,Kochi,City Centre,Apartment,45,3.0,yes,furnished,10002095.0
1879.0,4,4.0,2,Lucknow,Outskirts,Independent House,48,1.0,no,semi-furnished,6248910.0
2628.0,3,2.0,3,Bangalore,Near Metro,Villa,29,1.0,yes,semi-furnished,41490814.0
2382.0,3,3.0,3,Lucknow,City Centre,Villa,23,1.0,yes,semi-furnished,31527701.0
388.0,4,3.0,1,Hyderabad,Waterfront,Apartment,10,1.0,yes,unfurnished,6517414.0
1460.0,3,3.0,2,Kochi,Outskirts,Row House,55,1.0,yes,semi-furnished,6019272.0
2165.0,3,3.0,1,Chennai,City Centre,Penthouse,60,3.0,no,semi-furnished,43037885.0
1553.0,2,1.0,1,Indore,Gated Community,Apartment,54,0.0,yes,unfurnished,8526093.0
491.0,1,1.0,1,Kolkata,Gated Community,Studio,45,2.0,yes,semi-furnished,3659447.0
1517.0,4,3.0,2,Hyderabad,Outskirts,Row House,20,1.0,no,semi-furnished,7108854.0
1392.0,2,1.0,2,Delhi,Waterfront,Apartment,6,1.0,no,semi-furnished,24644408.0
957.0,3,2.0,1,Jaipur,Waterfront,Apartment,53,0.0,yes,unfurnished,7424175.0
1747.0,3,3.0,2,Kolkata,Outskirts,Penthouse,51,1.0,yes,furnished,9196574.0
1040.0,2,1.0,1,Kolkata,Near Metro,Independent House,19,2.0,yes,semi-furnished,7515854.0
1168.0,3,2.0,2,Chennai,Outskirts,Independent House,32,1.0,yes,semi-furnished,6019986.0
2910.0,3,3.0,2,Bangalore,City Centre,Villa,11,1.0,yes,unfurnished,68279814.0
1266.0,2,2.0,1,Chandigarh,Prime Suburb,Apartment,21,2.0,yes,unfurnished,9902737.0
1778.0,3,2.0,1,Delhi,Near Metro,Apartment,34,2.0,yes,unfurnished,25242837.0
541.0,2,1.0,2,Kolkata,Suburb,Row House,39,2.0,no,unfurnished,3200302.0
2567.0,3,2.0,2,Lucknow,Outskirts,Penthouse,60,1.0,no,unfurnished,9716307.0
560.0,1,1.0,1,Ahmedabad,Gated Community,Studio,21,0.0,yes,furnished,5905933.0
1498.0,2,2.0,1,Pune,Gated Community,Apartment,27,1.0,no,semi-furnished,16381574.0
1492.0,1,1.0,1,Hyderabad,Near Metro,Apartment,55,0.0,no,semi-furnished,12087524.0
1247.0,3,3.0,1,Hyderabad,Waterfront,Apartment,42,2.0,yes,semi-furnished,75590999.0
589.0,1,1.0,1,Kochi,Near Metro,Studio,22,0.0,yes,semi-furnished,5097476.0
862.0,1,1.0,1,Bangalore,Prime Suburb,Apartment,45,2.0,yes,unfurnished,8493301.0
738.0,3,3.0,1,Kochi,Suburb,Apartment,55,2.0,no,furnished,5813372.0
438.0,1,1.0,1,Jaipur,Prime Suburb,Studio,28,1.0,yes,unfurnished,2973583.0
465.0,3,3.0,3,Mumbai,City Centre,Independent House,34,2.0,yes,semi-furnished,20074375.0
350.0,1,1.0,1,Kolkata,Gated Community,Apartment,17,1.0,no,semi-furnished,2715108.0
2930.0,3,2.0,2,Bangalore,Prime Suburb,Villa,19,3.0,yes,furnished,42060861.0
645.0,1,1.0,1,Indore,Outskirts,Studio,58,2.0,yes,furnished,1961338.0
970.0,3,3.0,1,Kochi,City Centre,Apartment,15,1.0,no,unfurnished,12708392.0
2705.0,4,3.0,2,Chennai,Outskirts,Penthouse,39,2.0,yes,furnished,18869836.0
991.0,2,2.0,1,Delhi,Prime Suburb,Apartment,38,1.0,yes,semi-furnished,13430058.0
1266.0,3,3.0,1,Kolkata,Suburb,Apartment,8,2.0,no,unfurnished,9046183.0
1646.0,3,1.0,2,Pune,Prime Suburb,Row House,33,1.0,no,semi-furnished,19146653.0
870.0,4,3.0,2,Mumbai,Waterfront,Independent House,57,3.0,no,semi-furnished,36248423.0
1692.0,3,3.0,1,Delhi,Outskirts,Independent House,21,0.0,no,semi-furnished,12295571.0
559.0,1,1.0,1,Bangalore,Premium Township,Studio,2,1.0,yes,unfurnished,9039842.0
2460.0,3,2.0,2,Bangalore,Suburb,Villa,5,1.0,yes,unfurnished,30345831.0
663.0,3,3.0,2,Chandigarh,Suburb,Independent House,44,2.0,yes,furnished,4544954.0
1521.0,2,1.0,2,Pune,Outskirts,Apartment,15,3.0,yes,semi-furnished,6999792.0
791.0,2,2.0,1,Lucknow,Outskirts,Independent House,42,1.0,yes,semi-furnished,2453660.0
910.0,3,3.0,1,Lucknow,Gated Community,Apartment,9,1.0,no,semi-furnished,7777020.0
1019.0,2,1.0,1,Kolkata,Premium Township,Apartment,6,1.0,yes,unfurnished,10285918.0
1446.0,2,2.0,1,Kolkata,Outskirts,Apartment,6,2.0,yes,semi-furnished,6078235.0
1620.0,1,1.0,2,Kolkata,City Centre,Independent House,52,1.0,yes,semi-furnished,17643567.0
1164.0,5,4.0,1,Delhi,City Centre,Apartment,36,2.0,yes,unfurnished,27299672.0
876.0,2,1.0,1,Delhi,Suburb,Apartment,26,1.0,no,semi-furnished,9822134.0
377.0,1,1.0,1,Kochi,Prime Suburb,Studio,8,1.0,yes,semi-furnished,3760422.0
1237.0,2,2.0,2,Chandigarh,Prime Suburb,Row House,50,1.0,no,semi-furnished,8436175.0
627.0,1,1.0,1,Kochi,Waterfront,Studio,16,1.0,no,unfurnished,6579217.0
920.0,2,1.0,1,Jaipur,Gated Community,Apartment,48,0.0,no,semi-furnished,5586508.0
2202.0,2,2.0,2,Bangalore,Gated Community,Row House,58,2.0,no,semi-furnished,23867496.0
1124.0,4,4.0,2,Ahmedabad,Outskirts,Independent House,37,2.0,yes,unfurnished,5054341.0
1456.0,2,1.0,1,Chandigarh,Suburb,Apartment,14,2.0,yes,unfurnished,11224328.0
549.0,2,1.0,2,Bangalore,Suburb,Apartment,25,1.0,yes,furnished,5477000.0
1050.0,3,2.0,3,Ahmedabad,Suburb,Independent House,34,1.0,yes,furnished,7987280.0
727.0,3,1.0,1,Pune,Waterfront,Independent House,20,0.0,yes,unfurnished,11566041.0
484.0,1,1.0,1,Chennai,Suburb,Studio,44,1.0,yes,unfurnished,3190284.0
1135.0,3,3.0,3,Bangalore,Outskirts,Row House,13,3.0,no,unfurnished,7400770.0
504.0,2,1.0,2,Hyderabad,Outskirts,Apartment,10,1.0,yes,semi-furnished,3014823.0
1045.0,3,3.0,1,Kolkata,Prime Suburb,Apartment,16,2.0,yes,unfurnished,8271477.0
669.0,2,2.0,1,Mumbai,Prime Suburb,Apartment,27,3.0,yes,furnished,17926171.0
1293.0,3,2.0,3,Mumbai,Gated Community,Row House,8,1.0,yes,unfurnished,34026667.0
1525.0,2,1.0,1,Mumbai,Near Metro,Apartment,28,1.0,yes,unfurnished,37170173.0
848.0,2,2.0,1,Mumbai,Outskirts,Apartment,30,0.0,yes,semi-furnished,9272331.0
2644.0,1,1.0,2,Chandigarh,Suburb,Apartment,10,2.0,yes,unfurnished,18202966.0
1146.0,4,4.0,1,Hyderabad,Prime Suburb,Apartment,30,1.0,yes,furnished,12405198.0
740.0,3,3.0,2,Indore,Suburb,Independent House,3,0.0,yes,furnished,5300863.0
483.0,1,1.0,1,Chennai,Outskirts,Studio,42,2.0,yes,furnished,2629773.0
2402.0,2,2.0,2,Delhi,Suburb,Apartment,29,0.0,no,unfurnished,19789658.0
492.0,1,1.0,1,Hyderabad,Suburb,Studio,53,0.0,yes,semi-furnished,3866636.0
1252.0,4,4.0,2,Indore,Suburb,Row House,8,0.0,no,furnished,7696442.0
924.0,2,1.0,1,Kolkata,Premium Township,Apartment,41,0.0,yes,semi-furnished,8788786.0
1254.0,4,3.0,3,Kochi,Outskirts,Independent House,18,0.0,yes,furnished,6291627.0
1775.0,3,3.0,2,Pune,Outskirts,Villa,8,1.0,no,semi-furnished,56576883.0
1577.0,3,3.0,2,Kochi,Prime Suburb,Row House,51,3.0,yes,semi-furnished,13472090.0
1893.0,3,3.0,1,Kolkata,Outskirts,Apartment,48,0.0,yes,furnished,6508551.0
1237.0,3,3.0,1,Delhi,Suburb,Apartment,25,1.0,no,semi-furnished,10989320.0
1380.0,2,1.0,1,Bangalore,Outskirts,Apartment,5,2.0,no,semi-furnished,8598143.0
1856.0,3,2.0,2,Mumbai,Near Metro,Independent House,59,0.0,yes,furnished,38328833.0
772.0,2,1.0,2,Chennai,Gated Community,Row House,46,1.0,yes,unfurnished,6897118.0
1064.0,3,1.0,3,Bangalore,Suburb,Independent House,18,2.0,no,unfurnished,10338975.0
860.0,2,2.0,1,Delhi,Prime Suburb,Apartment,8,1.0,yes,semi-furnished,13971398.0
787.0,2,2.0,1,Delhi,Gated Community,Apartment,43,1.0,yes,semi-furnished,12278309.0
1495.0,3,3.0,2,Delhi,Prime Suburb,Apartment,29,1.0,yes,semi-furnished,22591436.0
333.0,1,1.0,1,Bangalore,City Centre,Studio,20,0.0,yes,unfurnished,5431507.0
709.0,2,1.0,2,Hyderabad,Near Metro,Independent House,43,3.0,yes,furnished,8239953.0
964.0,2,2.0,1,Mumbai,Suburb,Apartment,46,1.0,yes,unfurnished,16843986.0
1564.0,4,3.0,1,Ahmedabad,Prime Suburb,Apartment,16,0.0,yes,semi-furnished,13330316.0
1749.0,3,2.0,1,Indore,Outskirts,Apartment,15,0.0,yes,semi-furnished,4636499.0
1237.0,3,1.0,2,Delhi,City Centre,Villa,11,1.0,yes,furnished,78004367.0
1358.0,2,1.0,2,Mumbai,Suburb,Independent House,35,0.0,yes,unfurnished,27522895.0
1916.0,3,2.0,2,Jaipur,City Centre,Independent House,48,3.0,no,unfurnished,18706052.0
2147.0,3,3.0,2,Bangalore,City Centre,Villa,48,1.0,yes,unfurnished,42523753.0
1065.0,2,1.0,1,Pune,Waterfront,Apartment,12,1.0,no,unfurnished,13891065.0
683.0,2,1.0,1,Lucknow,Suburb,Apartment,33,0.0,yes,semi-furnished,3785568.0
886.0,3,3.0,1,Kochi,Outskirts,Apartment,14,2.0,no,semi-furnished,4724499.0
916.0,2,2.0,2,Mumbai,Suburb,Apartment,35,0.0,yes,semi-furnished,16661762.0
1070.0,3,3.0,1,Hyderabad,Near Metro,Apartment,40,1.0,yes,furnished,11051914.0
1531.0,3,2.0,1,Bangalore,Suburb,Apartment,8,2.0,yes,furnished,17635494.0
3061.0,3,2.0,2,Chennai,Prime Suburb,Penthouse,57,1.0,yes,semi-furnished,39950016.0
975.0,3,2.0,1,Delhi,Outskirts,Independent House,1,0.0,yes,semi-furnished,10446624.0
823.0,3,3.0,1,Pune,Outskirts,Apartment,21,2.0,no,semi-furnished,5057951.0
647.0,1,1.0,1,Delhi,City Centre,Independent House,18,1.0,yes,unfurnished,14449995.0
1237.0,2,2.0,2,Delhi,Near Metro,Apartment,0,1.0,yes,semi-furnished,23211801.0
564.0,1,1.0,1,Bangalore,Prime Suburb,Studio,17,2.0,yes,unfurnished,7387029.0
994.0,3,3.0,1,Delhi,Prime Suburb,Apartment,60,1.0,yes,semi-furnished,15385908.0
2848.0,3,3.0,2,Hyderabad,Suburb,Penthouse,51,1.0,yes,unfurnished,29910824.0
1406.0,4,4.0,2,Kochi,Suburb,Row House,28,0.0,yes,unfurnished,9641078.0
359.0,1,1.0,1,Ahmedabad,Suburb,Studio,20,1.0,yes,semi-furnished,2731917.0
1988.0,2,2.0,2,Pune,Prime Suburb,Row House,41,3.0,yes,semi-furnished,24291269.0
1666.0,4,3.0,3,Delhi,Waterfront,Row House,13,2.0,no,unfurnished,40101901.0
1014.0,5,3.0,2,Mumbai,City Centre,Apartment,2,0.0,no,furnished,38418602.0
1553.0,2,2.0,2,Lucknow,City Centre,Independent House,19,0.0,yes,unfurnished,16298590.0
350.0,2,2.0,1,Jaipur,Premium Township,Apartment,11,1.0,no,unfurnished,3245963.0
1343.0,3,3.0,1,Chennai,Outskirts,Apartment,10,2.0,yes,unfurnished,6413495.0
3240.0,4,4.0,2,Chandigarh,Premium Township,Villa,51,1.0,yes,unfurnished,39754167.0
3007.0,3,1.0,2,Delhi,Suburb,Villa,28,1.0,no,unfurnished,41804618.0
1656.0,4,3.0,1,Pune,Outskirts,Apartment,10,1.0,yes,unfurnished,9674619.0
1869.0,3,3.0,1,Kolkata,Near Metro,Penthouse,47,3.0,no,furnished,20181670.0
1206.0,2,2.0,1,Jaipur,Outskirts,Apartment,42,1.0,yes,unfurnished,3714443.0
1009.0,3,2.0,1,Delhi,Suburb,Apartment,50,1.0,no,semi-furnished,13306441.0
632.0,1,1.0,1,Hyderabad,Prime Suburb,Studio,15,1.0,yes,unfurnished,6457884.0
934.0,3,3.0,1,Chennai,City Centre,Apartment,7,1.0,yes,unfurnished,12925155.0
1719.0,4,3.0,1,Delhi,Gated Community,Apartment,57,1.0,no,furnished,24512190.0
1390.0,1,1.0,1,Kolkata,Suburb,Apartment,36,1.0,yes,unfurnished,7190175.0
998.0,2,1.0,4,Kolkata,Suburb,Independent House,7,1.0,yes,unfurnished,6914879.0
996.0,2,1.0,1,Pune,Suburb,Apartment,29,1.0,yes,semi-furnished,9339820.0
1058.0,1,1.0,1,Delhi,Prime Suburb,Apartment,14,1.0,no,semi-furnished,14407351.0
1266.0,1,1.0,2,Lucknow,Suburb,Row House,4,2.0,yes,semi-furnished,8552782.0
1330.0,2,1.0,1,Pune,Prime Suburb,Independent House,51,2.0,no,semi-furnished,14826080.0
1884.0,3,3.0,1,Mumbai,City Centre,Penthouse,9,0.0,no,semi-furnished,93096404.0
1394.0,1,1.0,1,Kolkata,Prime Suburb,Apartment,14,1.0,yes,semi-furnished,12446353.0
1184.0,3,2.0,2,Hyderabad,Suburb,Independent House,9,1.0,no,furnished,12274636.0
1706.0,4,3.0,1,Hyderabad,Waterfront,Apartment,34,2.0,yes,semi-furnished,24146455.0
2411.0,3,3.0,2,Kolkata,Near Metro,Villa,7,1.0,yes,furnished,22254740.0
1308.0,2,1.0,2,Mumbai,Outskirts,Apartment,23,1.0,yes,semi-furnished,15010232.0
1539.0,3,2.0,1,Hyderabad,Outskirts,Apartment,4,3.0,yes,unfurnished,9196799.0
3275.0,3,2.0,2,Lucknow,Suburb,Villa,55,2.0,yes,unfurnished,22098757.0
1342.0,2,2.0,2,Delhi,Prime Suburb,Apartment,24,0.0,yes,semi-furnished,17396479.0
1246.0,2,2.0,1,Delhi,Suburb,Independent House,2,2.0,no,unfurnished,16247677.0
1049.0,4,3.0,2,Kolkata,Gated Community,Row House,57,1.0,yes,semi-furnished,8018703.0
559.0,1,1.0,1,Kolkata,Suburb,Studio,39,1.0,no,unfurnished,2653324.0
1086.0,2,2.0,2,Pune,City Centre,Apartment,26,1.0,yes,unfurnished,15017389.0
1044.0,2,1.0,2,Chennai,Premium Township,Apartment,13,2.0,yes,semi-furnished,13295344.0
1172.0,4,3.0,1,Ahmedabad,Waterfront,Apartment,2,1.0,yes,furnished,12394653.0
1865.0,1,1.0,2,Chandigarh,City Centre,Apartment,10,3.0,yes,unfurnished,23110252.0
2084.0,3,3.0,2,Hyderabad,Premium Township,Villa,16,1.0,yes,unfurnished,32754220.0
594.0,1,1.0,1,Mumbai,Premium Township,Studio,9,1.0,yes,semi-furnished,19565737.0
1077.0,4,3.0,1,Kolkata,Gated Community,Apartment,35,1.0,yes,semi-furnished,7572898.0
1082.0,1,1.0,2,Kolkata,Gated Community,Apartment,26,1.0,no,semi-furnished,8176992.0
1344.0,2,1.0,1,Chandigarh,Waterfront,Apartment,58,1.0,yes,semi-furnished,14615757.0
1181.0,4,3.0,3,Mumbai,City Centre,Independent House,46,2.0,yes,unfurnished,47005764.0
937.0,1,1.0,1,Ahmedabad,Premium Township,Independent House,28,0.0,yes,unfurnished,9062437.0
1492.0,4,3.0,1,Chennai,Prime Suburb,Independent House,36,1.0,no,semi-furnished,13245143.0
1395.0,4,4.0,2,Bangalore,Suburb,Row House,49,1.0,no,unfurnished,13782329.0
1929.0,3,2.0,1,Jaipur,Outskirts,Penthouse,50,2.0,yes,unfurnished,8112395.0
1695.0,3,3.0,2,Chennai,City Centre,Penthouse,15,0.0,yes,unfurnished,36424393.0
1880.0,2,1.0,4,Delhi,Outskirts,Independent House,21,1.0,yes,unfurnished,14840116.0
1767.0,3,3.0,1,Chandigarh,Prime Suburb,Apartment,20,3.0,yes,semi-furnished,16264271.0
639.0,1,1.0,1,Hyderabad,Suburb,Studio,24,1.0,yes,unfurnished,5329842.0
1344.0,2,1.0,4,Kochi,Outskirts,Row House,20,0.0,yes,semi-furnished,5532261.0
1472.0,3,2.0,1,Hyderabad,Premium Township,Apartment,14,2.0,yes,semi-furnished,17706215.0
2944.0,4,3.0,2,Bangalore,Outskirts,Penthouse,18,1.0,yes,furnished,24796846.0
859.0,1,1.0,1,Bangalore,City Centre,Apartment,58,1.0,yes,furnished,12954745.0
1931.0,2,1.0,1,Bangalore,Suburb,Independent House,8,1.0,yes,furnished,76473547.0
591.0,1,1.0,1,Jaipur,City Centre,Studio,42,2.0,yes,furnished,6642241.0
1437.0,5,4.0,1,Delhi,Suburb,Apartment,19,1.0,yes,semi-furnished,17413125.0
1047.0,3,2.0,1,Chennai,Prime Suburb,Apartment,53,0.0,no,unfurnished,8304928.0
1417.0,2,2.0,3,Kochi,Outskirts,Row House,16,0.0,no,furnished,5746989.0
3634.0,3,2.0,2,Indore,Suburb,Villa,53,1.0,yes,furnished,22410688.0
394.0,1,1.0,1,Lucknow,City Centre,Studio,27,2.0,yes,furnished,4816368.0
2000.0,3,2.0,1,Mumbai,Prime Suburb,Penthouse,22,1.0,yes,unfurnished,77821919.0
1174.0,3,2.0,1,Kolkata,Prime Suburb,Apartment,37,0.0,yes,semi-furnished,7434628.0
1212.0,3,3.0,1,Pune,Outskirts,Apartment,27,1.0,no,furnished,5962800.0
2742.0,3,3.0,2,Chennai,Suburb,Penthouse,21,1.0,no,unfurnished,31783055.0
1014.0,2,1.0,3,Jaipur,Suburb,Row House,45,1.0,no,semi-furnished,5677195.0
4142.0,3,2.0,3,Chandigarh,Waterfront,Villa,38,2.0,yes,unfurnished,58466414.0
1352.0,3,2.0,1,Ahmedabad,Prime Suburb,Apartment,36,2.0,yes,unfurnished,8853636.0
1926.0,2,2.0,3,Bangalore,Prime Suburb,Row House,44,3.0,yes,furnished,23130311.0
1237.0,3,2.0,1,Kochi,Prime Suburb,Penthouse,16,1.0,yes,semi-furnished,30455693.0
805.0,2,1.0,2,Hyderabad,Premium Township,Row House,0,0.0,yes,unfurnished,12475563.0
1111.0,2,1.0,1,Kochi,Suburb,Apartment,59,1.0,no,furnished,6055941.0
1001.0,3,2.0,1,Kochi,Gated Community,Apartment,34,1.0,yes,furnished,7961258.0
634.0,1,1.0,1,Chennai,Suburb,Studio,6,2.0,no,unfurnished,6067645.0
1146.0,2,2.0,2,Mumbai,Outskirts,Row House,22,1.0,yes,furnished,15409695.0
933.0,4,3.0,1,Chennai,Near Metro,Apartment,7,2.0,no,unfurnished,8817489.0
2227.0,3,3.0,2,Bangalore,Suburb,Penthouse,46,2.0,yes,unfurnished,29675003.0
1183.0,3,2.0,1,Mumbai,Outskirts,Apartment,59,0.0,no,furnished,12108904.0
895.0,3,1.0,2,Jaipur,Suburb,Apartment,59,1.0,yes,semi-furnished,4580824.0
645.0,4,3.0,1,Jaipur,Premium Township,Apartment,32,1.0,yes,furnished,5688397.0
513.0,3,2.0,1,Delhi,Premium Township,Apartment,29,2.0,yes,furnished,10282478.0
606.0,1,1.0,1,Jaipur,Suburb,Studio,40,0.0,yes,furnished,3419891.0
2714.0,4,4.0,2,Bangalore,Suburb,Villa,7,1.0,no,semi-furnished,32340935.0
350.0,4,3.0,1,Pune,Premium Township,Independent House,25,0.0,yes,unfurnished,6052017.0
1463.0,3,2.0,2,Mumbai,Waterfront,Apartment,54,1.0,yes,semi-furnished,36742317.0
1434.0,3,2.0,1,Jaipur,Near Metro,Apartment,13,1.0,yes,furnished,9643268.0
1213.0,2,1.0,1,Chennai,Outskirts,Independent House,35,0.0,no,furnished,6467576.0
350.0,3,1.0,2,Delhi,City Centre,Row House,34,0.0,yes,furnished,9145940.0
1603.0,2,1.0,2,Delhi,City Centre,Apartment,28,3.0,no,semi-furnished,28780570.0
688.0,3,3.0,3,Jaipur,Near Metro,Row House,53,0.0,no,semi-furnished,3866279.0
1237.0,3,2.0,2,Hyderabad,Prime Suburb,Villa,13,2.0,yes,semi-furnished,36338535.0
887.0,2,2.0,2,Jaipur,Outskirts,Row House,59,2.0,no,semi-furnished,2335258.0
1247.0,2,1.0,2,Delhi,Waterfront,Apartment,54,1.0,no,unfurnished,20175260.0
1594.0,2,1.0,1,Ahmedabad,Prime Suburb,Apartment,54,2.0,yes,furnished,10840888.0
1353.0,4,4.0,1,Hyderabad,Outskirts,Apartment,26,3.0,yes,semi-furnished,9721144.0
1281.0,3,1.0,3,Chandigarh,City Centre,Independent House,54,3.0,yes,semi-furnished,19539201.0
1062.0,3,2.0,2,Kolkata,Suburb,Apartment,22,1.0,no,semi-furnished,6312495.0
1500.0,3,3.0,2,Delhi,Gated Community,Penthouse,21,2.0,yes,unfurnished,39222926.0
1014.0,3,2.0,2,Kolkata,Suburb,Apartment,13,1.0,yes,furnished,7789581.0
2103.0,4,3.0,2,Bangalore,Suburb,Villa,11,2.0,yes,semi-furnished,25742749.0
884.0,1,1.0,1,Bangalore,Prime Suburb,Independent House,38,2.0,no,unfurnished,9161294.0
689.0,3,2.0,1,Jaipur,Waterfront,Apartment,26,1.0,yes,unfurnished,6453421.0
1901.0,3,1.0,2,Delhi,Prime Suburb,Row House,2,1.0,no,unfurnished,29756250.0
1858.0,3,3.0,1,Hyderabad,Near Metro,Penthouse,21,2.0,yes,semi-furnished,27111518.0
1382.0,3,3.0,1,Chennai,Outskirts,Apartment,38,0.0,yes,furnished,5222957.0
607.0,2,2.0,4,Mumbai,Prime Suburb,Row House,10,1.0,no,unfurnished,17498755.0
1117.0,2,1.0,1,Indore,Outskirts,Apartment,18,2.0,yes,semi-furnished,4038037.0
1223.0,4,4.0,2,Bangalore,Suburb,Independent House,53,0.0,no,unfurnished,12459341.0
1540.0,3,3.0,2,Lucknow,Outskirts,Apartment,34,0.0,no,furnished,4487019.0
964.0,3,1.0,1,Jaipur,Suburb,Apartment,51,0.0,yes,semi-furnished,4740752.0
1116.0,2,1.0,2,Indore,Suburb,Independent House,55,1.0,no,semi-furnished,5684296.0
711.0,3,2.0,1,Hyderabad,Gated Community,Independent House,56,1.0,no,unfurnished,7237066.0
2271.0,3,3.0,1,Pune,Near Metro,Penthouse,45,0.0,yes,semi-furnished,32078459.0
465.0,1,1.0,3,Mumbai,Outskirts,Independent House,48,1.0,yes,unfurnished,3866529.0
930.0,2,1.0,2,Ahmedabad,Gated Community,Apartment,30,0.0,yes,semi-furnished,6272427.0
881.0,1,1.0,2,Bangalore,Outskirts,Apartment,60,2.0,yes,unfurnished,3185186.0
350.0,1,1.0,1,Kolkata,Waterfront,Studio,53,2.0,no,unfurnished,2997413.0
2672.0,3,3.0,2,Pune,Suburb,Villa,1,1.0,yes,unfurnished,35072725.0
1066.0,4,2.0,2,Jaipur,Suburb,Row House,19,2.0,yes,semi-furnished,6768269.0
2722.0,4,3.0,1,Chandigarh,Gated Community,Penthouse,45,0.0,no,furnished,33545095.0
1541.0,4,3.0,1,Kochi,Outskirts,Apartment,51,1.0,no,semi-furnished,5788667.0
325.0,1,1.0,1,Bangalore,Suburb,Studio,7,2.0,yes,unfurnished,4271452.0
1095.0,2,2.0,1,Chandigarh,Prime Suburb,Apartment,45,0.0,yes,furnished,9090678.0
1501.0,3,3.0,1,Hyderabad,Gated Community,Apartment,33,1.0,yes,unfurnished,15500570.0
3288.0,3,3.0,2,Kolkata,Suburb,Villa,55,1.0,yes,unfurnished,24571692.0
410.0,1,1.0,1,Ahmedabad,Suburb,Studio,18,1.0,yes,semi-furnished,3480420.0
1813.0,2,2.0,1,Chennai,Suburb,Apartment,29,3.0,yes,unfurnished,14941499.0
1331.0,4,3.0,1,Kolkata,Near Metro,Apartment,15,0.0,yes,semi-furnished,10646445.0
971.0,3,3.0,1,Bangalore,Outskirts,Apartment,45,2.0,yes,semi-furnished,5380171.0
2926.0,3,3.0,2,Lucknow,Premium Township,Villa,58,2.0,yes,unfurnished,26076384.0
1512.0,3,3.0,1,Mumbai,Prime Suburb,Independent House,14,1.0,yes,furnished,52793358.0
907.0,1,1.0,1,Bangalore,Prime Suburb,Independent House,35,0.0,yes,furnished,11658972.0
1348.0,2,2.0,2,Hyderabad,Gated Community,Independent House,54,1.0,yes,unfurnished,14278159.0
3321.0,5,3.0,4,Kolkata,Near Metro,Villa,20,2.0,yes,unfurnished,32489144.0
1714.0,2,1.0,1,Delhi,Near Metro,Apartment,5,2.0,yes,semi-furnished,23088452.0
1488.0,2,2.0,3,Mumbai,City Centre,Independent House,13,0.0,no,semi-furnished,57512909.0
3013.0,3,2.0,2,Delhi,Near Metro,Villa,18,1.0,yes,semi-furnished,52119421.0
1088.0,3,1.0,3,Mumbai,Prime Suburb,Independent House,53,0.0,no,furnished,22105140.0
700.0,3,2.0,1,Pune,Outskirts,Independent House,24,2.0,yes,semi-furnished,5296688.0
1476.0,4,4.0,1,Delhi,Gated Community,Apartment,11,0.0,no,unfurnished,23329145.0
485.0,1,1.0,1,Hyderabad,City Centre,Studio,30,3.0,no,unfurnished,7523146.0
1500.0,3,3.0,1,Bangalore,Suburb,Penthouse,2,3.0,no,furnished,18618340.0
548.0,1,1.0,1,Kolkata,Premium Township,Studio,26,1.0,yes,unfurnished,5576584.0
589.0,2,2.0,2,Hyderabad,Suburb,Independent House,54,3.0,yes,semi-furnished,5917857.0
545.0,1,1.0,1,Pune,Gated Community,Studio,39,1.0,yes,semi-furnished,5593598.0
2293.0,3,3.0,2,Bangalore,Prime Suburb,Villa,52,3.0,no,unfurnished,35232922.0
1057.0,2,2.0,1,Delhi,City Centre,Apartment,12,1.0,no,semi-furnished,21293703.0
1576.0,3,3.0,1,Hyderabad,Gated Community,Penthouse,14,1.0,no,semi-furnished,24265407.0
592.0,1,1.0,1,Hyderabad,Outskirts,Studio,49,0.0,no,semi-furnished,1863855.0
825.0,2,2.0,1,Indore,Gated Community,Independent House,48,3.0,yes,semi-furnished,4876221.0
1348.0,2,1.0,2,Kochi,Gated Community,Row House,56,1.0,no,unfurnished,9752406.0
1532.0,2,2.0,1,Indore,Prime Suburb,Independent House,16,1.0,yes,unfurnished,11406937.0
350.0,4,2.0,1,Ahmedabad,Gated Community,Independent House,18,1.0,no,unfurnished,4132290.0
879.0,3,3.0,2,Mumbai,Premium Township,Apartment,13,1.0,yes,semi-furnished,30053746.0
398.0,1,1.0,1,Lucknow,Suburb,Studio,3,1.0,yes,furnished,3656508.0
1229.0,2,2.0,1,Jaipur,Outskirts,Apartment,49,1.0,yes,furnished,3714055.0
521.0,1,1.0,1,Kolkata,City Centre,Studio,47,0.0,no,unfurnished,4783744.0
929.0,2,1.0,2,Chennai,Gated Community,Row House,54,2.0,yes,semi-furnished,9331449.0
3075.0,3,3.0,2,Kochi,Prime Suburb,Villa,10,1.0,yes,furnished,34126000.0
981.0,2,2.0,1,Chennai,Suburb,Apartment,23,2.0,yes,furnished,6678242.0
1079.0,1,1.0,1,Delhi,City Centre,Apartment,31,0.0,no,semi-furnished,22615909.0
3180.0,4,4.0,1,Bangalore,Prime Suburb,Penthouse,35,1.0,yes,furnished,56127090.0
1827.0,3,2.0,2,Jaipur,City Centre,Independent House,50,1.0,no,semi-furnished,17634371.0
2128.0,3,2.0,1,Ahmedabad,Suburb,Penthouse,7,1.0,yes,semi-furnished,19335381.0
350.0,4,2.0,2,Jaipur,Suburb,Row House,32,0.0,no,semi-furnished,2624894.0
410.0,1,1.0,1,Delhi,Waterfront,Studio,9,2.0,yes,semi-furnished,11783783.0
1335.0,2,2.0,2,Kochi,Prime Suburb,Independent House,24,3.0,yes,unfurnished,10714588.0
730.0,3,3.0,1,Mumbai,Outskirts,Apartment,34,0.0,yes,unfurnished,9638162.0
1187.0,1,1.0,2,Hyderabad,City Centre,Row House,13,3.0,yes,semi-furnished,19349605.0
1301.0,1,1.0,2,Hyderabad,Waterfront,Apartment,41,1.0,no,unfurnished,13588444.0
2986.0,3,2.0,1,Mumbai,Suburb,Penthouse,50,2.0,yes,semi-furnished,79660596.0
1167.0,2,1.0,1,Chennai,Suburb,Apartment,2,3.0,yes,semi-furnished,9621552.0
1831.0,3,1.0,2,Bangalore,Suburb,Villa,2,2.0,no,unfurnished,22970030.0
2489.0,3,3.0,2,Pune,Gated Community,Villa,36,1.0,no,semi-furnished,35517262.0
1101.0,3,3.0,1,Pune,Prime Suburb,Apartment,31,0.0,no,unfurnished,11720661.0
1312.0,1,2.0,1,Kolkata,City Centre,Apartment,43,3.0,yes,semi-furnished,12679627.0
1624.0,1,1.0,3,Mumbai,Suburb,Independent House,20,0.0,yes,semi-furnished,36653283.0
3223.0,3,3.0,2,Kolkata,Premium Township,Villa,22,1.0,no,unfurnished,38055422.0
1209.0,2,2.0,2,Pune,Gated Community,Row House,32,2.0,yes,unfurnished,15140405.0
595.0,1,1.0,1,Kochi,Premium Township,Apartment,22,0.0,yes,unfurnished,5854577.0
600.0,1,1.0,2,Jaipur,Suburb,Row House,44,1.0,yes,semi-furnished,3776593.0
630.0,4,3.0,1,Chandigarh,Prime Suburb,Apartment,7,2.0,yes,unfurnished,7248406.0
1320.0,2,2.0,2,Kolkata,City Centre,Independent House,22,1.0,no,semi-furnished,17039150.0
1983.0,3,3.0,1,Bangalore,Prime Suburb,Apartment,7,1.0,no,semi-furnished,23235946.0
1700.0,1,1.0,1,Mumbai,Suburb,Independent House,23,3.0,no,semi-furnished,34020697.0
616.0,1,1.0,3,Kolkata,Suburb,Independent House,19,2.0,no,unfurnished,4761666.0
473.0,1,1.0,3,Mumbai,Suburb,Independent House,31,1.0,no,semi-furnished,10007041.0
711.0,4,4.0,1,Kolkata,Outskirts,Apartment,6,1.0,no,semi-furnished,4538745.0
494.0,2,1.0,2,Chennai,Waterfront,Row House,28,2.0,yes,furnished,7101951.0
1602.0,3,3.0,1,Mumbai,Outskirts,Apartment,12,0.0,yes,unfurnished,17846060.0
1021.0,2,1.0,1,Pune,Suburb,Apartment,30,0.0,no,semi-furnished,8870391.0
366.0,1,1.0,1,Pune,Suburb,Studio,21,2.0,yes,semi-furnished,4143284.0
950.0,3,3.0,2,Delhi,Premium Township,Independent House,9,0.0,yes,unfurnished,20463412.0
1138.0,3,3.0,2,Pune,Outskirts,Row House,6,3.0,yes,semi-furnished,8937386.0
457.0,1,1.0,1,Ahmedabad,Near Metro,Studio,8,3.0,yes,semi-furnished,4667550.0
1092.0,1,1.0,3,Hyderabad,City Centre,Row House,17,1.0,no,furnished,16825321.0
1428.0,1,1.0,1,Kochi,City Centre,Apartment,12,1.0,no,semi-furnished,15863893.0
747.0,2,2.0,1,Hyderabad,Suburb,Independent House,5,2.0,yes,furnished,9643062.0
1368.0,1,1.0,1,Kolkata,Outskirts,Apartment,26,1.0,yes,furnished,4325532.0
540.0,1,1.0,1,Hyderabad,Suburb,Studio,39,1.0,yes,furnished,4912548.0
398.0,1,1.0,1,Hyderabad,City Centre,Studio,15,0.0,yes,furnished,7533779.0
3037.0,3,2.0,2,Hyderabad,Prime Suburb,Villa,23,1.0,no,semi-furnished,40668750.0
1522.0,3,3.0,1,Hyderabad,Gated Community,Apartment,7,0.0,yes,semi-furnished,16076053.0
814.0,1,1.0,2,Indore,Waterfront,Row House,25,2.0,no,semi-furnished,7722867.0
1375.0,4,3.0,1,Ahmedabad,Suburb,Apartment,34,1.0,no,semi-furnished,8478834.0
1121.0,3,2.0,1,Indore,Suburb,Apartment,36,1.0,yes,semi-furnished,5079194.0
1507.0,3,2.0,1,Mumbai,Gated Community,Apartment,33,1.0,yes,furnished,41572065.0
405.0,2,2.0,2,Jaipur,Prime Suburb,Independent House,31,1.0,yes,semi-furnished,3516293.0
1663.0,3,2.0,1,Chandigarh,Waterfront,Apartment,49,0.0,no,semi-furnished,20323957.0
1474.0,5,4.0,1,Kolkata,Outskirts,Apartment,48,2.0,no,unfurnished,5335621.0
877.0,3,3.0,2,Bangalore,City Centre,Independent House,37,1.0,yes,furnished,14632567.0
1245.0,3,3.0,1,Lucknow,Suburb,Independent House,35,0.0,yes,furnished,6464483.0
842.0,1,1.0,1,Hyderabad,Near Metro,Independent House,5,2.0,no,unfurnished,8402720.0
502.0,1,1.0,1,Delhi,Gated Community,Studio,6,1.0,yes,unfurnished,9057810.0
3208.0,3,2.0,3,Mumbai,Outskirts,Villa,26,1.0,yes,furnished,47462548.0
2289.0,3,3.0,1,Chennai,Near Metro,Penthouse,50,1.0,yes,semi-furnished,28716699.0
1474.0,3,2.0,3,Ahmedabad,Near Metro,Independent House,9,1.0,yes,semi-furnished,10806520.0
2584.0,3,2.0,2,Lucknow,Suburb,Villa,1,1.0,yes,furnished,16802532.0
1591.0,4,4.0,1,Hyderabad,Prime Suburb,Independent House,17,3.0,yes,unfurnished,18787748.0
911.0,2,2.0,1,Mumbai,Suburb,Independent House,40,0.0,no,semi-furnished,19346361.0
2328.0,3,3.0,2,Delhi,Suburb,Villa,9,1.0,yes,semi-furnished,47366200.0
1422.0,2,1.0,1,Jaipur,Waterfront,Independent House,43,2.0,no,furnished,13556654.0
340.0,1,1.0,1,Bangalore,Waterfront,Studio,21,2.0,yes,semi-furnished,5743110.0
2399.0,3,2.0,1,Hyderabad,Suburb,Penthouse,6,3.0,yes,unfurnished,24835692.0
2838.0,3,2.0,2,Ahmedabad,Near Metro,Villa,46,2.0,yes,unfurnished,24333358.0
424.0,1,1.0,1,Delhi,Prime Suburb,Studio,32,0.0,yes,semi-furnished,6801599.0
1028.0,2,1.0,1,Mumbai,Premium Township,Apartment,4,2.0,yes,semi-furnished,31456762.0
526.0,1,1.0,1,Kolkata,Prime Suburb,Studio,18,1.0,no,semi-furnished,4964060.0
518.0,1,1.0,1,Chennai,Prime Suburb,Studio,9,0.0,yes,furnished,6276939.0
1029.0,2,2.0,1,Kochi,Near Metro,Apartment,42,2.0,yes,semi-furnished,7761122.0
1101.0,3,2.0,1,Pune,Suburb,Apartment,10,1.0,yes,furnished,10544356.0
881.0,2,2.0,2,Hyderabad,Near Metro,Row House,25,1.0,yes,semi-furnished,9066004.0
1033.0,1,1.0,1,Chandigarh,Premium Township,Apartment,19,1.0,yes,semi-furnished,11538332.0
3116.0,3,2.0,2,Pune,Outskirts,Villa,54,1.0,yes,furnished,20005318.0
1240.0,3,2.0,1,Jaipur,Premium Township,Apartment,50,1.0,yes,unfurnished,9086307.0
1086.0,3,3.0,1,Bangalore,Suburb,Apartment,59,1.0,yes,unfurnished,9279290.0
2819.0,3,1.0,2,Chennai,Suburb,Villa,52,2.0,yes,furnished,26968801.0
1927.0,3,2.0,2,Pune,Premium Township,Apartment,45,2.0,no,semi-furnished,23309892.0
1200.0,3,2.0,1,Mumbai,Suburb,Apartment,15,0.0,no,furnished,21219794.0
735.0,2,1.0,1,Hyderabad,Prime Suburb,Apartment,16,1.0,yes,semi-furnished,7853155.0
2837.0,3,2.0,2,Kolkata,Prime Suburb,Villa,21,1.0,no,unfurnished,25031122.0
352.0,1,1.0,1,Kolkata,Suburb,Studio,39,2.0,yes,unfurnished,2005930.0
729.0,2,2.0,3,Delhi,Prime Suburb,Independent House,10,1.0,no,unfurnished,14119882.0
1134.0,2,1.0,2,Ahmedabad,Suburb,Row House,60,1.0,no,semi-furnished,5612826.0
476.0,1,1.0,1,Kochi,Suburb,Studio,54,1.0,no,furnished,2814569.0
770.0,2,2.0,2,Pune,Premium Township,Row House,11,2.0,yes,unfurnished,12265405.0
558.0,1,1.0,1,Jaipur,Suburb,Studio,23,0.0,yes,semi-furnished,3469412.0
2563.0,3,3.0,2,Jaipur,Gated Community,Villa,4,2.0,no,semi-furnished,27290497.0
903.0,3,2.0,1,Delhi,Prime Suburb,Apartment,54,1.0,no,semi-furnished,10856254.0
1902.0,4,3.0,2,Ahmedabad,Outskirts,Row House,20,3.0,yes,semi-furnished,8307121.0
3455.0,3,2.0,3,Mumbai,Suburb,Villa,36,2.0,yes,semi-furnished,91110506.0
350.0,2,2.0,2,Bangalore,Near Metro,Independent House,43,2.0,yes,furnished,4344981.0
1942.0,3,2.0,1,Pune,Suburb,Apartment,18,0.0,no,semi-furnished,16553569.0
1700.0,3,2.0,2,Mumbai,Prime Suburb,Penthouse,14,0.0,yes,unfurnished,65262248.0
1855.0,1,1.0,2,Chennai,Premium Township,Row House,47,1.0,yes,furnished,19518355.0
1828.0,1,1.0,2,Bangalore,Outskirts,Row House,30,2.0,yes,furnished,9922392.0
1826.0,2,2.0,1,Kochi,City Centre,Apartment,27,1.0,yes,semi-furnished,20627877.0
2714.0,3,3.0,2,Mumbai,Suburb,Villa,41,1.0,yes,unfurnished,58910500.0
570.0,4,3.0,1,Mumbai,Prime Suburb,Apartment,14,1.0,yes,furnished,20170642.0
774.0,2,2.0,2,Delhi,Prime Suburb,Apartment,60,1.0,no,furnished,12035193.0
3061.0,3,3.0,2,Hyderabad,Suburb,Villa,34,1.0,yes,semi-furnished,37505368.0
1258.0,3,3.0,2,Hyderabad,Prime Suburb,Apartment,50,2.0,yes,semi-furnished,10084331.0
755.0,2,2.0,3,Lucknow,Suburb,Row House,53,1.0,yes,semi-furnished,3906848.0
1453.0,1,1.0,3,Indore,Prime Suburb,Row House,55,0.0,yes,semi-furnished,8183714.0
1722.0,4,3.0,2,Hyderabad,Prime Suburb,Row House,41,1.0,yes,furnished,20529785.0
2101.0,3,2.0,2,Chennai,Suburb,Penthouse,12,1.0,no,semi-furnished,23270693.0
1218.0,1,1.0,2,Bangalore,Prime Suburb,Row House,11,2.0,yes,unfurnished,13079050.0
1629.0,4,4.0,2,Chennai,Prime Suburb,Independent House,11,2.0,no,semi-furnished,16212478.0
843.0,1,2.0,1,Chennai,City Centre,Apartment,32,2.0,yes,furnished,11632886.0
2158.0,3,3.0,2,Chandigarh,Gated Community,Villa,11,1.0,yes,unfurnished,23407427.0
1724.0,3,2.0,1,Chennai,Suburb,Independent House,45,2.0,yes,furnished,14006665.0
1035.0,2,1.0,2,Chandigarh,Near Metro,Apartment,37,0.0,no,semi-furnished,7582860.0
1491.0,2,1.0,1,Pune,Outskirts,Apartment,45,1.0,yes,furnished,7356485.0
1632.0,3,1.0,4,Delhi,City Centre,Independent House,58,3.0,no,unfurnished,36839482.0
677.0,2,2.0,2,Kolkata,Near Metro,Apartment,5,1.0,yes,unfurnished,5647290.0
1237.0,1,1.0,1,Kolkata,Outskirts,Studio,30,3.0,no,semi-furnished,1684520.0
314.0,1,1.0,1,Kolkata,Waterfront,Studio,57,2.0,yes,furnished,2663339.0
756.0,1,1.0,2,Delhi,Outskirts,Row House,42,1.0,yes,unfurnished,4754813.0
4800.0,3,3.0,2,Hyderabad,Outskirts,Penthouse,49,1.0,yes,unfurnished,7743933.0
3837.0,3,3.0,2,Delhi,Premium Township,Villa,26,1.0,no,semi-furnished,88744109.0
575.0,1,1.0,1,Chandigarh,Prime Suburb,Studio,42,1.0,no,unfurnished,4360553.0
1651.0,2,1.0,2,Hyderabad,Near Metro,Row House,41,0.0,no,unfurnished,16438972.0
1514.0,2,2.0,1,Indore,City Centre,Apartment,24,3.0,yes,semi-furnished,13478416.0
336.0,1,1.0,1,Lucknow,Suburb,Studio,11,1.0,yes,furnished,2751727.0
2095.0,3,3.0,2,Indore,Outskirts,Villa,55,1.0,yes,unfurnished,5863126.0
1558.0,2,1.0,2,Kochi,Prime Suburb,Apartment,38,0.0,yes,furnished,13180732.0
974.0,4,3.0,3,Bangalore,Waterfront,Independent House,4,3.0,yes,unfurnished,19456964.0
1109.0,5,3.0,1,Mumbai,Near Metro,Apartment,3,1.0,no,unfurnished,29277177.0
1222.0,2,1.0,1,Lucknow,Outskirts,Independent House,17,2.0,no,furnished,3846676.0
1317.0,2,2.0,3,Indore,Premium Township,Row House,46,1.0,yes,furnished,9408303.0
815.0,3,2.0,1,Mumbai,Gated Community,Independent House,17,0.0,yes,semi-furnished,22564599.0
1415.0,4,3.0,1,Indore,Near Metro,Apartment,44,1.0,no,semi-furnished,7503466.0
1390.0,3,2.0,2,Pune,Suburb,Apartment,19,1.0,no,semi-furnished,12291955.0
1766.0,2,2.0,1,Kolkata,Waterfront,Apartment,50,1.0,yes,semi-furnished,14430885.0
435.0,1,1.0,1,Pune,Suburb,Studio,44,1.0,yes,semi-furnished,3461151.0
2613.0,3,2.0,2,Kochi,Gated Community,Villa,37,1.0,yes,semi-furnished,24676012.0
1923.0,3,1.0,2,Kochi,Prime Suburb,Row House,34,1.0,yes,semi-furnished,17205481.0
1222.0,2,1.0,2,Chandigarh,Outskirts,Apartment,45,1.0,no,unfurnished,4256404.0
3153.0,3,3.0,2,Pune,Gated Community,Villa,6,1.0,yes,unfurnished,41839485.0
1372.0,4,3.0,3,Ahmedabad,Suburb,Independent House,30,1.0,yes,furnished,10369476.0
1817.0,2,2.0,2,Hyderabad,Suburb,Apartment,2,1.0,yes,unfurnished,13997736.0
1155.0,2,2.0,3,Mumbai,Premium Township,Row House,9,2.0,yes,semi-furnished,35578569.0
327.0,1,1.0,1,Chandigarh,Outskirts,Studio,23,3.0,yes,unfurnished,1997016.0
842.0,3,2.0,1,Kochi,Suburb,Apartment,11,1.0,yes,semi-furnished,6092000.0
1717.0,4,3.0,2,Hyderabad,Gated Community,Independent House,36,1.0,yes,semi-furnished,20465185.0
2075.0,3,2.0,2,Delhi,Near Metro,Villa,40,1.0,yes,unfurnished,32109036.0
1382.0,3,3.0,1,Lucknow,Suburb,Independent House,5,1.0,yes,furnished,8232448.0
2193.0,3,3.0,1,Hyderabad,Gated Community,Penthouse,37,1.0,yes,unfurnished,33312069.0
378.0,1,1.0,1,Jaipur,Prime Suburb,Studio,9,1.0,yes,unfurnished,2854039.0
1361.0,2,1.0,1,Jaipur,City Centre,Independent House,15,1.0,yes,furnished,14339826.0
413.0,2,1.0,1,Bangalore,Premium Township,Apartment,47,1.0,yes,unfurnished,4958763.0
889.0,5,4.0,2,Ahmedabad,Waterfront,Row House,11,1.0,no,furnished,9939013.0
1346.0,3,2.0,1,Bangalore,City Centre,Apartment,41,0.0,yes,furnished,18076927.0
1550.0,4,4.0,1,Kolkata,City Centre,Penthouse,11,0.0,yes,semi-furnished,21169999.0
1358.0,4,3.0,1,Chandigarh,Suburb,Apartment,48,0.0,no,semi-furnished,8753012.0
541.0,1,1.0,1,Bangalore,Outskirts,Studio,16,0.0,yes,semi-furnished,3800271.0
759.0,2,1.0,1,Hyderabad,Near Metro,Apartment,0,1.0,yes,furnished,8419162.0
1234.0,3,2.0,2,Chandigarh,Near Metro,Row House,50,3.0,yes,unfurnished,9275891.0
1756.0,5,4.0,1,Kolkata,Outskirts,Independent House,50,2.0,yes,semi-furnished,7079625.0
1316.0,2,2.0,2,Lucknow,Suburb,Apartment,51,3.0,yes,unfurnished,7279202.0
1616.0,4,4.0,1,Bangalore,Outskirts,Penthouse,16,1.0,no,unfurnished,13529891.0
3089.0,3,2.0,2,Lucknow,Prime Suburb,Penthouse,27,1.0,no,unfurnished,27760378.0
350.0,1,1.0,1,Chennai,Suburb,Apartment,46,2.0,no,unfurnished,1891500.0
881.0,1,1.0,1,Mumbai,Gated Community,Apartment,44,2.0,no,semi-furnished,22340536.0
1285.0,3,3.0,2,Mumbai,City Centre,Apartment,38,2.0,yes,semi-furnished,45352904.0
2968.0,3,3.0,3,Pune,Near Metro,Villa,37,1.0,yes,unfurnished,38324074.0
1410.0,3,2.0,1,Hyderabad,City Centre,Independent House,52,2.0,no,furnished,21128323.0
799.0,3,2.0,1,Mumbai,Waterfront,Independent House,51,3.0,yes,furnished,25936923.0
1318.0,3,2.0,2,Bangalore,Gated Community,Row House,32,1.0,no,unfurnished,14553442.0
1348.0,3,3.0,1,Mumbai,Waterfront,Apartment,45,2.0,yes,unfurnished,37184174.0
1500.0,3,2.0,2,Pune,Suburb,Penthouse,12,1.0,yes,semi-furnished,18305094.0
1251.0,4,4.0,4,Chandigarh,Near Metro,Row House,9,0.0,yes,semi-furnished,11875814.0
1208.0,2,2.0,1,Kolkata,Suburb,Apartment,47,1.0,yes,furnished,7792622.0
793.0,3,2.0,1,Hyderabad,Prime Suburb,Independent House,24,2.0,yes,furnished,9911971.0
1033.0,1,1.0,1,Kolkata,Prime Suburb,Apartment,53,0.0,no,semi-furnished,6553220.0
2927.0,3,2.0,2,Jaipur,City Centre,Penthouse,10,1.0,yes,semi-furnished,39523506.0
599.0,4,4.0,2,Delhi,Gated Community,Apartment,5,1.0,no,semi-furnished,9216032.0
2814.0,4,4.0,1,Kolkata,Suburb,Penthouse,46,1.0,yes,unfurnished,26189587.0
886.0,2,2.0,1,Chennai,Suburb,Independent House,38,0.0,no,semi-furnished,7204598.0
449.0,2,2.0,2,Ahmedabad,Suburb,Independent House,12,0.0,yes,unfurnished,3389985.0
2813.0,5,4.0,2,Jaipur,Suburb,Penthouse,40,0.0,no,unfurnished,25313630.0
1675.0,3,3.0,1,Hyderabad,Premium Township,Penthouse,1,2.0,yes,furnished,28539933.0
2562.0,3,3.0,3,Lucknow,Waterfront,Villa,45,1.0,yes,unfurnished,26550277.0
1023.0,2,1.0,1,Indore,Near Metro,Apartment,38,1.0,no,unfurnished,5107544.0
799.0,2,1.0,2,Delhi,Waterfront,Row House,58,2.0,no,unfurnished,16909920.0
1147.0,4,4.0,3,Kochi,Gated Community,Independent House,51,2.0,no,semi-furnished,11078520.0
1069.0,3,3.0,1,Indore,Suburb,Apartment,13,0.0,no,unfurnished,5765016.0
3083.0,3,2.0,4,Indore,Suburb,Villa,25,1.0,yes,unfurnished,20116807.0
714.0,2,2.0,1,Chennai,Suburb,Apartment,4,1.0,no,unfurnished,6768817.0
3423.0,4,3.0,2,Hyderabad,Prime Suburb,Villa,38,1.0,yes,furnished,46467585.0
3710.0,3,3.0,2,Lucknow,Gated Community,Villa,25,1.0,yes,unfurnished,31392725.0
1084.0,2,2.0,1,Mumbai,Near Metro,Apartment,52,3.0,yes,semi-furnished,24681712.0
1066.0,1,1.0,2,Kochi,Suburb,Row House,33,0.0,no,unfurnished,6882021.0
1405.0,2,1.0,2,Mumbai,Waterfront,Apartment,58,2.0,yes,unfurnished,40847657.0
561.0,1,1.0,1,Kolkata,Premium Township,Studio,28,2.0,yes,furnished,5379183.0
1037.0,3,3.0,2,Jaipur,City Centre,Independent House,23,1.0,yes,semi-furnished,12892205.0
1759.0,4,3.0,1,Mumbai,Suburb,Apartment,14,1.0,yes,semi-furnished,39143344.0
1422.0,4,4.0,1,Mumbai,Suburb,Apartment,14,1.0,no,unfurnished,27052980.0
1484.0,2,1.0,1,Ahmedabad,Gated Community,Apartment,46,1.0,yes,semi-furnished,9117682.0
1519.0,3,2.0,2,Kochi,Suburb,Independent House,8,2.0,yes,semi-furnished,12264247.0
1333.0,3,3.0,1,Mumbai,Outskirts,Apartment,27,0.0,no,unfurnished,14549965.0
2188.0,3,3.0,2,Kochi,Prime Suburb,Penthouse,9,1.0,yes,semi-furnished,25755826.0
1671.0,2,2.0,1,Ahmedabad,Outskirts,Independent House,30,3.0,yes,semi-furnished,6165359.0
1222.0,3,3.0,1,Chennai,Premium Township,Apartment,45,0.0,yes,furnished,13382507.0
1226.0,1,1.0,1,Hyderabad,City Centre,Apartment,16,1.0,yes,furnished,18668719.0
1299.0,4,4.0,1,Kochi,Suburb,Independent House,6,1.0,yes,semi-furnished,9350161.0
1500.0,2,2.0,2,Kochi,Suburb,Row House,58,1.0,yes,unfurnished,10314921.0
350.0,1,1.0,1,Delhi,Suburb,Apartment,36,0.0,yes,furnished,3816534.0
1028.0,2,2.0,3,Jaipur,Near Metro,Independent House,24,2.0,yes,unfurnished,6802594.0
1458.0,2,1.0,2,Chennai,Near Metro,Row House,1,1.0,yes,semi-furnished,14323754.0
1219.0,4,3.0,1,Indore,Suburb,Apartment,50,0.0,no,unfurnished,6259708.0
1463.0,2,2.0,3,Bangalore,City Centre,Independent House,52,1.0,yes,semi-furnished,23429147.0
1225.0,2,2.0,2,Mumbai,Waterfront,Row House,15,1.0,yes,semi-furnished,45300426.0
855.0,2,1.0,2,Hyderabad,Waterfront,Row House,35,0.0,no,semi-furnished,11443481.0
1250.0,1,1.0,1,Hyderabad,City Centre,Apartment,54,0.0,yes,semi-furnished,16137711.0
2104.0,4,3.0,1,Ahmedabad,Outskirts,Penthouse,28,1.0,no,furnished,10793384.0
1146.0,3,3.0,1,Ahmedabad,Prime Suburb,Independent House,45,3.0,yes,semi-furnished,9705576.0
1919.0,4,3.0,3,Kolkata,Near Metro,Villa,10,1.0,yes,semi-furnished,16468703.0
911.0,4,4.0,1,Bangalore,Outskirts,Apartment,45,3.0,yes,furnished,6608775.0
1300.0,2,2.0,2,Bangalore,Prime Suburb,Row House,13,1.0,yes,semi-furnished,17691931.0
970.0,2,1.0,1,Mumbai,Prime Suburb,Apartment,15,0.0,yes,semi-furnished,25376464.0
3952.0,3,3.0,2,Pune,Premium Township,Villa,32,1.0,no,unfurnished,64439371.0
627.0,3,2.0,2,Kochi,City Centre,Row House,37,0.0,no,semi-furnished,7593217.0
848.0,1,1.0,1,Kolkata,Prime Suburb,Apartment,27,2.0,no,semi-furnished,5526207.0
1411.0,2,1.0,1,Chennai,Suburb,Apartment,10,1.0,yes,unfurnished,11244307.0
594.0,3,2.0,1,Mumbai,Gated Community,Apartment,56,2.0,yes,semi-furnished,14190031.0
2146.0,3,2.0,2,Kochi,Suburb,Villa,44,1.0,yes,semi-furnished,15893733.0
479.0,1,1.0,1,Kolkata,Outskirts,Studio,24,2.0,yes,semi-furnished,2177097.0
1037.0,3,3.0,2,Kolkata,Waterfront,Row House,3,1.0,no,semi-furnished,13081064.0
1385.0,1,1.0,1,Jaipur,Waterfront,Apartment,28,1.0,no,furnished,11598547.0
698.0,4,4.0,1,Jaipur,Prime Suburb,Apartment,22,2.0,no,unfurnished,5558206.0
1449.0,2,2.0,4,Chandigarh,Waterfront,Row House,29,2.0,yes,semi-furnished,18425770.0
2199.0,2,1.0,1,Mumbai,Suburb,Apartment,6,0.0,yes,semi-furnished,43896296.0
1641.0,2,2.0,1,Mumbai,Prime Suburb,Apartment,0,1.0,yes,semi-furnished,41761654.0
1463.0,4,2.0,1,Ahmedabad,Gated Community,Apartment,11,1.0,no,semi-furnished,13220501.0
985.0,2,1.0,1,Kochi,Waterfront,Apartment,38,1.0,yes,semi-furnished,9541696.0
1965.0,3,2.0,2,Mumbai,Outskirts,Penthouse,26,1.0,no,unfurnished,27632268.0
1199.0,2,1.0,1,Delhi,Prime Suburb,Apartment,46,0.0,yes,unfurnished,15512325.0
1196.0,1,1.0,1,Jaipur,Waterfront,Apartment,8,1.0,yes,semi-furnished,10554830.0
1813.0,3,3.0,2,Indore,Premium Township,Independent House,58,1.0,no,semi-furnished,12737467.0
1310.0,2,1.0,1,Pune,City Centre,Apartment,49,3.0,yes,furnished,20471761.0
1363.0,2,1.0,1,Pune,City Centre,Apartment,55,3.0,yes,furnished,20444368.0
1735.0,3,1.0,3,Mumbai,Outskirts,Villa,1,2.0,yes,unfurnished,28988498.0
1237.0,4,3.0,1,Delhi,Suburb,Apartment,54,0.0,no,semi-furnished,7852927.0
1040.0,2,1.0,2,Lucknow,Waterfront,Independent House,33,1.0,no,semi-furnished,9611689.0
1608.0,4,4.0,1,Lucknow,Suburb,Independent House,13,1.0,yes,semi-furnished,11105990.0
1309.0,3,2.0,2,Hyderabad,Waterfront,Apartment,13,2.0,yes,semi-furnished,17892616.0
2160.0,3,2.0,1,Chennai,Prime Suburb,Penthouse,2,1.0,yes,semi-furnished,33746551.0
847.0,4,4.0,2,Hyderabad,Gated Community,Row House,40,1.0,yes,semi-furnished,10774713.0
1302.0,3,2.0,1,Bangalore,Suburb,Apartment,13,2.0,no,unfurnished,12995432.0
801.0,2,2.0,1,Bangalore,Near Metro,Apartment,9,2.0,no,semi-furnished,8949667.0
1005.0,1,1.0,2,Mumbai,Near Metro,Independent House,46,2.0,no,unfurnished,17423507.0
3467.0,3,3.0,2,Mumbai,Waterfront,Penthouse,54,2.0,no,unfurnished,108643350.0
1334.0,1,1.0,1,Kochi,Premium Township,Apartment,31,1.0,yes,unfurnished,11327005.0
1025.0,3,2.0,2,Hyderabad,Suburb,Row House,28,2.0,yes,unfurnished,10039711.0
3189.0,3,3.0,3,Hyderabad,Gated Community,Villa,26,1.0,yes,furnished,40411177.0
1143.0,3,1.0,1,Indore,Prime Suburb,Apartment,6,2.0,yes,semi-furnished,7069928.0
607.0,3,3.0,1,Kochi,Outskirts,Independent House,30,1.0,yes,unfurnished,3320312.0
1262.0,1,1.0,1,Lucknow,Gated Community,Apartment,27,2.0,yes,semi-furnished,40423987.0
1031.0,3,2.0,1,Hyderabad,Prime Suburb,Apartment,1,0.0,yes,semi-furnished,11300403.0
1786.0,3,3.0,2,Ahmedabad,Waterfront,Row House,52,1.0,yes,unfurnished,16775253.0
1353.0,2,1.0,1,Lucknow,Gated Community,Apartment,4,1.0,yes,semi-furnished,8704489.0
841.0,2,1.0,1,Hyderabad,Near Metro,Apartment,36,1.0,yes,semi-furnished,8152341.0
3154.0,4,4.0,3,Jaipur,Outskirts,Villa,46,2.0,yes,unfurnished,12752967.0
771.0,2,2.0,2,Kolkata,Gated Community,Row House,25,0.0,no,furnished,5906689.0
659.0,1,1.0,1,Chandigarh,Gated Community,Apartment,41,1.0,yes,furnished,6590628.0
955.0,2,2.0,1,Jaipur,Premium Township,Apartment,10,0.0,yes,unfurnished,8894324.0
2615.0,3,3.0,3,Indore,Gated Community,Villa,58,1.0,yes,semi-furnished,26118680.0
350.0,2,2.0,2,Jaipur,Prime Suburb,Independent House,59,0.0,yes,furnished,2783622.0
1484.0,2,2.0,1,Chennai,Premium Township,Independent House,20,1.0,no,furnished,17650227.0
1822.0,3,3.0,1,Bangalore,Premium Township,Independent House,26,1.0,yes,unfurnished,26773429.0
659.0,2,1.0,1,Kolkata,Suburb,Apartment,42,2.0,yes,semi-furnished,4696519.0
1007.0,3,3.0,1,Mumbai,Waterfront,Apartment,1,0.0,yes,furnished,32510402.0
2045.0,3,2.0,2,Chandigarh,Suburb,Villa,56,2.0,yes,semi-furnished,19849087.0
413.0,1,1.0,1,Bangalore,Waterfront,Studio,36,2.0,yes,furnished,7561021.0
2247.0,4,3.0,2,Jaipur,Prime Suburb,Villa,17,1.0,yes,semi-furnished,20832873.0
417.0,3,3.0,1,Kochi,Prime Suburb,Apartment,25,1.0,yes,semi-furnished,4441589.0
1543.0,1,1.0,2,Mumbai,Outskirts,Independent House,54,1.0,yes,unfurnished,16697526.0
585.0,1,1.0,1,Delhi,Premium Township,Studio,3,1.0,yes,unfurnished,10767627.0
521.0,1,1.0,1,Ahmedabad,Gated Community,Studio,46,0.0,no,furnished,4341969.0
1231.0,2,2.0,1,Mumbai,Outskirts,Apartment,36,1.0,no,unfurnished,12432557.0
1438.0,3,3.0,2,Chandigarh,Near Metro,Row House,36,2.0,yes,semi-furnished,9984758.0
545.0,1,1.0,1,Chennai,Waterfront,Studio,50,2.0,yes,furnished,7190816.0
1646.0,2,1.0,1,Kolkata,Outskirts,Apartment,10,0.0,yes,semi-furnished,6676395.0
1652.0,3,3.0,1,Ahmedabad,Outskirts,Apartment,19,1.0,yes,furnished,6876084.0
1444.0,1,1.0,3,Hyderabad,Waterfront,Independent House,46,1.0,yes,semi-furnished,20738990.0
2963.0,3,1.0,2,Ahmedabad,Gated Community,Villa,50,2.0,yes,furnished,31154044.0
1310.0,3,3.0,1,Chennai,Prime Suburb,Apartment,9,1.0,no,semi-furnished,12874409.0
964.0,4,4.0,1,Delhi,Outskirts,Apartment,28,2.0,yes,unfurnished,8501064.0
588.0,1,1.0,1,Jaipur,Premium Township,Studio,18,1.0,yes,semi-furnished,5436629.0
1075.0,2,2.0,1,Chennai,Outskirts,Apartment,4,2.0,yes,furnished,6376496.0
810.0,3,2.0,1,Indore,Premium Township,Apartment,20,2.0,yes,unfurnished,5778498.0
1257.0,1,1.0,2,Hyderabad,Outskirts,Independent House,6,3.0,no,furnished,7629960.0
3122.0,3,3.0,2,Kochi,Gated Community,Penthouse,23,1.0,yes,semi-furnished,38437381.0
1408.0,2,1.0,1,Kolkata,Suburb,Independent House,19,2.0,yes,furnished,9189494.0
596.0,1,1.0,1,Hyderabad,Premium Township,Studio,35,3.0,yes,semi-furnished,7694778.0
816.0,3,3.0,1,Hyderabad,Suburb,Apartment,42,1.0,yes,unfurnished,7322578.0
1650.0,2,2.0,2,Hyderabad,Gated Community,Independent House,17,1.0,yes,furnished,18289657.0
1267.0,2,1.0,1,Kochi,Premium Township,Apartment,39,1.0,yes,semi-furnished,12137692.0
987.0,4,2.0,1,Chandigarh,Prime Suburb,Apartment,2,1.0,yes,unfurnished,10420861.0
891.0,1,1.0,1,Delhi,Prime Suburb,Apartment,34,1.0,no,furnished,13185101.0
710.0,4,3.0,2,Hyderabad,Outskirts,Row House,22,2.0,yes,semi-furnished,6495378.0
320.0,1,1.0,1,Bangalore,Outskirts,Studio,54,1.0,yes,semi-furnished,1392099.0
1013.0,3,3.0,3,Bangalore,Suburb,Independent House,23,3.0,yes,unfurnished,11325507.0
1232.0,1,1.0,1,Bangalore,Premium Township,Apartment,6,1.0,yes,unfurnished,16879392.0
1704.0,3,3.0,2,Bangalore,Suburb,Row House,60,2.0,no,furnished,18039481.0
1495.0,3,2.0,3,Hyderabad,Outskirts,Independent House,52,3.0,yes,unfurnished,7318254.0
1470.0,1,1.0,1,Pune,Outskirts,Apartment,45,0.0,no,unfurnished,6153872.0
493.0,1,1.0,1,Pune,Prime Suburb,Studio,7,1.0,no,semi-furnished,6007578.0
1344.0,2,1.0,2,Mumbai,Waterfront,Apartment,47,1.0,yes,unfurnished,40841802.0
1019.0,3,2.0,3,Ahmedabad,Suburb,Row House,22,0.0,yes,semi-furnished,6784360.0
2079.0,3,2.0,1,Kochi,Prime Suburb,Apartment,37,2.0,no,semi-furnished,14822503.0
1071.0,1,1.0,1,Chandigarh,Gated Community,Apartment,6,0.0,yes,semi-furnished,10084185.0
746.0,3,3.0,1,Delhi,Outskirts,Apartment,41,1.0,yes,unfurnished,5870936.0
348.0,1,1.0,1,Hyderabad,Outskirts,Studio,8,0.0,yes,semi-furnished,2305123.0
3213.0,3,3.0,2,Mumbai,Suburb,Villa,11,1.0,yes,semi-furnished,95151649.0
1200.0,3,2.0,1,Chennai,Suburb,Apartment,41,2.0,yes,furnished,8511463.0
506.0,2,1.0,2,Hyderabad,Gated Community,Apartment,59,1.0,yes,semi-furnished,4708163.0
1237.0,4,3.0,1,Jaipur,Premium Township,Apartment,42,1.0,yes,semi-furnished,9039176.0
785.0,3,3.0,4,Hyderabad,Prime Suburb,Independent House,6,0.0,yes,furnished,10061300.0
2794.0,4,3.0,2,Kolkata,Near Metro,Villa,17,1.0,yes,semi-furnished,25891592.0
386.0,3,3.0,2,Hyderabad,Waterfront,Row House,23,0.0,no,unfurnished,6156734.0
584.0,1,1.0,2,Hyderabad,Premium Township,Apartment,0,2.0,yes,semi-furnished,9327200.0
1219.0,5,4.0,1,Bangalore,Suburb,Apartment,5,3.0,yes,unfurnished,15130906.0
1101.0,1,1.0,1,Kolkata,Prime Suburb,Apartment,58,2.0,yes,furnished,8424871.0
1654.0,2,1.0,3,Kolkata,City Centre,Independent House,1,1.0,yes,unfurnished,18633092.0
1970.0,2,2.0,1,Jaipur,Premium Township,Apartment,29,0.0,yes,furnished,13315255.0
1385.0,3,3.0,1,Mumbai,Near Metro,Apartment,21,0.0,no,furnished,34155372.0
3931.0,3,2.0,1,Jaipur,City Centre,Penthouse,20,1.0,no,unfurnished,62626664.0
786.0,2,2.0,1,Delhi,Outskirts,Apartment,7,1.0,no,semi-furnished,7394109.0
2327.0,3,2.0,2,Lucknow,Gated Community,Villa,31,1.0,no,semi-furnished,17475398.0
951.0,4,4.0,2,Mumbai,Premium Township,Row House,17,0.0,yes,unfurnished,31579185.0
1539.0,3,3.0,1,Bangalore,City Centre,Independent House,40,0.0,no,unfurnished,23002200.0
3296.0,3,3.0,2,Kolkata,Outskirts,Villa,60,1.0,no,semi-furnished,14816075.0
1234.0,2,1.0,2,Bangalore,Prime Suburb,Row House,8,2.0,yes,unfurnished,14914914.0
346.0,1,1.0,1,Ahmedabad,Prime Suburb,Studio,54,0.0,no,unfurnished,2123318.0
1237.0,5,4.0,1,Chandigarh,Gated Community,Independent House,50,2.0,yes,semi-furnished,7640820.0
825.0,3,3.0,1,Ahmedabad,Outskirts,Apartment,28,3.0,yes,semi-furnished,3288804.0
1378.0,3,2.0,2,Ahmedabad,Outskirts,Row House,24,1.0,no,semi-furnished,5217115.0
350.0,1,1.0,2,Ahmedabad,Near Metro,Independent House,19,0.0,yes,furnished,2376003.0
873.0,3,3.0,3,Kochi,Prime Suburb,Row House,40,2.0,yes,furnished,7658923.0
2552.0,3,2.0,2,Hyderabad,Suburb,Penthouse,37,0.0,yes,semi-furnished,30371193.0
1426.0,1,1.0,1,Bangalore,Gated Community,Apartment,50,2.0,yes,semi-furnished,16857303.0
1482.0,2,1.0,1,Mumbai,Gated Community,Apartment,2,2.0,no,semi-furnished,43647866.0
1251.0,2,1.0,2,Ahmedabad,City Centre,Row House,57,2.0,yes,furnished,14485428.0
3055.0,5,4.0,2,Hyderabad,Near Metro,Villa,12,3.0,yes,semi-furnished,35243525.0
522.0,1,1.0,1,Kolkata,Suburb,Studio,30,2.0,no,unfurnished,3448512.0
1355.0,3,3.0,1,Kochi,Waterfront,Independent House,57,0.0,yes,unfurnished,14735939.0
765.0,5,4.0,1,Ahmedabad,Prime Suburb,Apartment,2,1.0,yes,semi-furnished,7275862.0
1325.0,4,3.0,1,Mumbai,Prime Suburb,Apartment,20,2.0,yes,furnished,34148378.0
1567.0,1,1.0,3,Jaipur,Suburb,Independent House,60,1.0,yes,unfurnished,8488728.0
1066.0,4,3.0,3,Mumbai,Waterfront,Independent House,22,0.0,yes,furnished,44283651.0
503.0,3,3.0,1,Pune,City Centre,Apartment,11,1.0,yes,semi-furnished,8235467.0
574.0,3,2.0,1,Mumbai,Suburb,Apartment,38,1.0,no,unfurnished,9296625.0
808.0,2,1.0,2,Hyderabad,Gated Community,Row House,56,1.0,yes,unfurnished,8207173.0
1041.0,2,2.0,2,Mumbai,Premium Township,Row House,19,0.0,no,unfurnished,31356739.0
1441.0,3,2.0,1,Chennai,Suburb,Independent House,50,1.0,yes,furnished,11439192.0
781.0,5,4.0,1,Chennai,Outskirts,Apartment,13,1.0,yes,semi-furnished,6214794.0
359.0,1,1.0,1,Mumbai,Prime Suburb,Studio,7,1.0,no,semi-furnished,10444563.0
661.0,4,4.0,2,Mumbai,Near Metro,Independent House,39,1.0,no,semi-furnished,19041517.0
494.0,2,2.0,1,Pune,City Centre,Independent House,49,1.0,yes,furnished,8773106.0
414.0,5,4.0,1,Hyderabad,Gated Community,Apartment,46,1.0,yes,unfurnished,5201305.0
2670.0,3,3.0,2,Kochi,Gated Community,Villa,9,1.0,yes,furnished,26701408.0
938.0,3,3.0,3,Kolkata,City Centre,Independent House,32,0.0,yes,unfurnished,10848170.0
1781.0,3,1.0,1,Chandigarh,Prime Suburb,Penthouse,51,1.0,yes,semi-furnished,18070527.0
1424.0,3,3.0,2,Mumbai,City Centre,Independent House,4,2.0,no,semi-furnished,61235410.0
1203.0,1,1.0,1,Delhi,Gated Community,Apartment,18,0.0,no,semi-furnished,17311646.0
904.0,5,3.0,1,Bangalore,Suburb,Apartment,32,2.0,no,semi-furnished,9962800.0
1138.0,2,1.0,1,Hyderabad,Waterfront,Apartment,49,1.0,yes,furnished,15583307.0
1096.0,3,1.0,2,Pune,City Centre,Row House,36,1.0,yes,furnished,18645601.0
1138.0,4,4.0,2,Hyderabad,Near Metro,Row House,15,1.0,yes,furnished,12965806.0
1326.0,2,1.0,1,Mumbai,Waterfront,Apartment,26,2.0,yes,furnished,46389911.0
587.0,1,1.0,1,Pune,Near Metro,Studio,48,1.0,yes,unfurnished,5980814.0
1285.0,3,1.0,1,Jaipur,Suburb,Apartment,46,2.0,yes,unfurnished,7273569.0
375.0,1,1.0,1,Chandigarh,Outskirts,Studio,32,2.0,yes,unfurnished,1651329.0
2667.0,3,3.0,2,Lucknow,City Centre,Villa,48,2.0,yes,semi-furnished,30765427.0
446.0,1,1.0,1,Pune,Suburb,Studio,59,2.0,yes,unfurnished,3422894.0
1780.0,1,1.0,1,Mumbai,Outskirts,Apartment,44,2.0,yes,furnished,17611428.0
548.0,1,1.0,1,Chennai,Prime Suburb,Studio,52,2.0,yes,furnished,5743805.0
3117.0,3,3.0,2,Mumbai,Suburb,Villa,15,2.0,no,furnished,75391844.0
887.0,1,1.0,1,Indore,Gated Community,Apartment,42,2.0,yes,semi-furnished,4925575.0
1498.0,2,1.0,1,Delhi,City Centre,Apartment,16,3.0,yes,semi-furnished,32039607.0
1584.0,2,1.0,2,Chennai,Premium Township,Row House,41,0.0,yes,semi-furnished,18448787.0
1371.0,3,3.0,2,Chandigarh,Outskirts,Independent House,10,0.0,no,furnished,6853341.0
362.0,5,4.0,2,Kochi,Near Metro,Row House,5,1.0,no,semi-furnished,4984834.0
2692.0,3,2.0,4,Indore,City Centre,Villa,39,1.0,yes,furnished,33000896.0
968.0,2,1.0,1,Delhi,Suburb,Apartment,28,3.0,no,semi-furnished,12264036.0
545.0,1,1.0,1,Kochi,Suburb,Studio,20,3.0,yes,furnished,4609338.0
1360.0,4,3.0,2,Ahmedabad,City Centre,Row House,46,0.0,no,semi-furnished,11171762.0
1438.0,3,3.0,2,Delhi,Prime Suburb,Independent House,32,1.0,yes,semi-furnished,24321420.0
701.0,1,1.0,1,Hyderabad,Outskirts,Apartment,54,2.0,no,unfurnished,2114749.0
689.0,1,1.0,1,Ahmedabad,Premium Township,Independent House,8,2.0,no,semi-furnished,7242761.0
440.0,1,1.0,1,Mumbai,Suburb,Studio,15,1.0,yes,unfurnished,8659913.0
1007.0,3,3.0,2,Ahmedabad,Premium Township,Independent House,18,1.0,no,unfurnished,11471241.0
2301.0,3,2.0,1,Bangalore,City Centre,Penthouse,23,0.0,yes,semi-furnished,53645683.0
1220.0,4,3.0,1,Bangalore,Prime Suburb,Apartment,20,0.0,yes,semi-furnished,15751563.0
790.0,3,3.0,1,Pune,Suburb,Apartment,52,1.0,yes,unfurnished,6091420.0
372.0,1,1.0,1,Chandigarh,Suburb,Studio,34,1.0,yes,unfurnished,2346896.0
557.0,1,1.0,1,Kolkata,Prime Suburb,Studio,38,3.0,yes,furnished,4782628.0
421.0,2,2.0,1,Chandigarh,Premium Township,Apartment,58,0.0,yes,furnished,3555325.0
1472.0,3,3.0,1,Mumbai,Prime Suburb,Apartment,18,0.0,yes,furnished,35280671.0
1716.0,3,3.0,2,Mumbai,City Centre,Independent House,0,0.0,yes,unfurnished,61418570.0
1339.0,2,1.0,3,Mumbai,Gated Community,Row House,13,2.0,yes,unfurnished,39511645.0
1265.0,1,1.0,1,Chennai,Suburb,Apartment,38,1.0,yes,semi-furnished,9173771.0
350.0,2,2.0,2,Pune,Outskirts,Apartment,43,2.0,yes,unfurnished,1761924.0
1803.0,4,4.0,1,Mumbai,Suburb,Penthouse,50,1.0,yes,semi-furnished,47824196.0
2872.0,4,3.0,2,Jaipur,Gated Community,Villa,2,1.0,no,semi-furnished,27416743.0
1019.0,3,2.0,3,Jaipur,Near Metro,Independent House,37,0.0,yes,unfurnished,7221871.0
3574.0,3,3.0,3,Pune,City Centre,Villa,31,1.0,no,unfurnished,65642993.0
1282.0,3,3.0,1,Delhi,Suburb,Apartment,2,1.0,yes,semi-furnished,16600336.0
727.0,2,2.0,2,Mumbai,Gated Community,Row House,40,0.0,yes,furnished,20540865.0
1911.0,3,3.0,1,Jaipur,Prime Suburb,Apartment,59,1.0,no,semi-furnished,11033222.0
1041.0,2,2.0,1,Chennai,Suburb,Apartment,12,1.0,no,semi-furnished,7313865.0
3230.0,3,1.0,2,Ahmedabad,Prime Suburb,Villa,46,1.0,yes,semi-furnished,31579741.0
1516.0,1,1.0,3,Chennai,Waterfront,Independent House,59,0.0,yes,unfurnished,19171802.0
763.0,2,2.0,3,Ahmedabad,Suburb,Independent House,9,1.0,yes,semi-furnished,5735091.0
1062.0,5,4.0,2,Bangalore,Suburb,Row House,45,3.0,yes,furnished,11444073.0
1375.0,1,1.0,1,Hyderabad,Suburb,Apartment,29,1.0,yes,semi-furnished,11275933.0
1600.0,3,3.0,2,Mumbai,Prime Suburb,Villa,18,1.0,yes,semi-furnished,56544202.0
561.0,1,1.0,1,Chennai,Outskirts,Apartment,58,0.0,yes,unfurnished,1392099.0
1104.0,2,1.0,1,Hyderabad,Outskirts,Apartment,25,1.0,no,unfurnished,4625615.0
3212.0,3,3.0,2,Jaipur,Prime Suburb,Penthouse,52,1.0,yes,semi-furnished,29595589.0
1200.0,4,4.0,1,Delhi,Gated Community,Apartment,34,1.0,yes,furnished,20081954.0
1658.0,3,2.0,2,Delhi,Prime Suburb,Independent House,14,1.0,yes,unfurnished,28116971.0
2514.0,3,2.0,1,Ahmedabad,City Centre,Penthouse,34,1.0,no,semi-furnished,36635848.0
3472.0,3,3.0,2,Kolkata,City Centre,Villa,8,3.0,no,unfurnished,56608094.0
3257.0,3,3.0,2,Chennai,Suburb,Villa,11,1.0,yes,furnished,28596643.0
587.0,3,2.0,2,Chennai,Outskirts,Independent House,47,3.0,no,furnished,3933403.0
984.0,2,2.0,1,Kolkata,City Centre,Apartment,7,1.0,yes,unfurnished,11282292.0
1778.0,3,3.0,1,Pune,Prime Suburb,Independent House,36,1.0,yes,furnished,19428902.0
3443.0,4,3.0,3,Mumbai,Outskirts,Villa,36,2.0,yes,semi-furnished,52421327.0
1114.0,3,2.0,1,Hyderabad,Gated Community,Apartment,20,1.0,no,semi-furnished,10609043.0
1358.0,2,1.0,1,Indore,Suburb,Apartment,23,0.0,yes,semi-furnished,7129028.0
1304.0,2,1.0,1,Jaipur,Premium Township,Independent House,6,1.0,yes,unfurnished,11269093.0
1898.0,2,2.0,1,Chennai,Suburb,Apartment,46,1.0,yes,semi-furnished,12725219.0
422.0,3,3.0,1,Chennai,Outskirts,Independent House,56,0.0,yes,semi-furnished,2060087.0
922.0,3,3.0,1,Chandigarh,Prime Suburb,Apartment,15,0.0,yes,semi-furnished,9526524.0
610.0,1,1.0,1,Bangalore,Gated Community,Studio,27,1.0,yes,semi-furnished,8795979.0
1136.0,3,2.0,3,Hyderabad,City Centre,Independent House,17,1.0,no,furnished,18812732.0
1180.0,1,1.0,1,Delhi,Outskirts,Apartment,28,0.0,yes,unfurnished,6572119.0
639.0,3,2.0,1,Mumbai,Prime Suburb,Independent House,13,3.0,no,furnished,20467518.0
2181.0,4,4.0,1,Mumbai,Prime Suburb,Penthouse,56,1.0,yes,semi-furnished,80289539.0
656.0,3,3.0,1,Hyderabad,Outskirts,Apartment,18,0.0,yes,furnished,5296451.0
2172.0,2,1.0,1,Bangalore,Gated Community,Apartment,8,2.0,yes,furnished,25571819.0
4203.0,3,3.0,2,Pune,Waterfront,Villa,40,1.0,no,semi-furnished,79175989.0
1450.0,4,4.0,1,Delhi,Suburb,Apartment,39,1.0,no,unfurnished,15802161.0
1945.0,1,1.0,2,Bangalore,City Centre,Independent House,4,0.0,yes,furnished,34971208.0
2161.0,3,2.0,2,Mumbai,Gated Community,Villa,20,2.0,yes,unfurnished,68261962.0
2345.0,4,3.0,1,Delhi,Outskirts,Penthouse,43,1.0,yes,unfurnished,23913864.0
1548.0,2,2.0,1,Bangalore,Prime Suburb,Apartment,21,2.0,yes,semi-furnished,16072705.0
350.0,4,3.0,2,Pune,Gated Community,Apartment,31,2.0,no,furnished,6487390.0
1270.0,3,3.0,4,Delhi,Premium Township,Independent House,31,2.0,no,semi-furnished,22755663.0
1399.0,4,3.0,1,Kolkata,Gated Community,Apartment,9,0.0,yes,unfurnished,10309811.0
1688.0,3,2.0,1,Bangalore,Gated Community,Apartment,53,0.0,yes,semi-furnished,18869810.0
350.0,2,2.0,1,Kochi,Gated Community,Apartment,55,2.0,no,semi-furnished,3333044.0
2220.0,1,1.0,1,Indore,Suburb,Apartment,57,0.0,yes,semi-furnished,11089641.0
1477.0,3,3.0,3,Kolkata,Gated Community,Independent House,15,1.0,yes,unfurnished,12495793.0
1739.0,4,3.0,3,Pune,Suburb,Independent House,28,1.0,yes,furnished,15593765.0
1055.0,3,2.0,2,Lucknow,Suburb,Apartment,28,2.0,no,unfurnished,5016799.0
875.0,2,1.0,3,Hyderabad,Premium Township,Independent House,55,2.0,yes,semi-furnished,10409144.0
2041.0,3,2.0,1,Kolkata,City Centre,Independent House,0,0.0,yes,unfurnished,24430892.0
1036.0,3,1.0,2,Hyderabad,Suburb,Apartment,17,1.0,yes,semi-furnished,10354711.0
990.0,1,1.0,2,Pune,Suburb,Independent House,22,1.0,yes,semi-furnished,8510309.0
1833.0,3,3.0,1,Mumbai,Suburb,Apartment,10,0.0,yes,semi-furnished,34254774.0
3209.0,3,3.0,4,Chandigarh,Suburb,Villa,36,1.0,no,semi-furnished,34271163.0
1527.0,3,2.0,2,Chennai,Prime Suburb,Row House,37,2.0,yes,unfurnished,14213117.0
875.0,1,1.0,1,Delhi,City Centre,Apartment,7,1.0,yes,unfurnished,19646361.0
1360.0,1,1.0,1,Mumbai,Prime Suburb,Apartment,59,1.0,no,semi-furnished,27030745.0
1408.0,2,2.0,1,Chennai,Near Metro,Apartment,55,1.0,yes,unfurnished,10556325.0
629.0,1,1.0,1,Delhi,Suburb,Studio,6,1.0,no,unfurnished,7042872.0
1759.0,3,2.0,1,Mumbai,Gated Community,Apartment,0,1.0,no,furnished,41575758.0
1752.0,4,2.0,1,Pune,Outskirts,Apartment,54,0.0,yes,semi-furnished,8923111.0
551.0,1,1.0,1,Delhi,Outskirts,Studio,53,2.0,yes,semi-furnished,3314747.0
1537.0,3,3.0,1,Mumbai,Premium Township,Apartment,54,2.0,yes,semi-furnished,40454582.0
422.0,1,2.0,1,Mumbai,Near Metro,Studio,3,2.0,yes,furnished,13417305.0
784.0,1,1.0,2,Mumbai,Suburb,Apartment,27,1.0,yes,unfurnished,14437968.0
1725.0,2,1.0,2,Ahmedabad,Suburb,Independent House,41,0.0,yes,unfurnished,10158638.0
622.0,3,2.0,1,Bangalore,Prime Suburb,Independent House,33,2.0,yes,unfurnished,8195667.0
1237.0,1,1.0,2,Indore,Gated Community,Apartment,53,1.0,no,unfurnished,1932182.0
1079.0,5,4.0,1,Pune,Suburb,Apartment,39,1.0,no,unfurnished,8501556.0
1073.0,5,4.0,1,Mumbai,Waterfront,Apartment,8,1.0,yes,unfurnished,36544150.0
997.0,5,3.0,2,Ahmedabad,Suburb,Row House,26,1.0,yes,unfurnished,7857628.0
454.0,1,1.0,1,Delhi,Near Metro,Studio,17,2.0,yes,semi-furnished,8844852.0
817.0,3,2.0,1,Chandigarh,City Centre,Independent House,51,2.0,no,semi-furnished,10788030.0
1536.0,3,2.0,1,Indore,Near Metro,Apartment,32,0.0,no,semi-furnished,8695015.0
930.0,5,4.0,1,Chandigarh,Prime Suburb,Apartment,5,1.0,yes,unfurnished,11238621.0
398.0,1,1.0,1,Bangalore,Near Metro,Studio,11,0.0,yes,unfurnished,5202131.0
802.0,2,2.0,1,Pune,Gated Community,Independent House,43,1.0,yes,unfurnished,9315405.0
1125.0,3,2.0,3,Kochi,Prime Suburb,Independent House,10,3.0,no,unfurnished,12244392.0
474.0,2,2.0,2,Mumbai,Suburb,Apartment,16,1.0,no,semi-furnished,10935776.0
974.0,3,3.0,2,Kochi,Suburb,Apartment,14,1.0,no,semi-furnished,7859940.0
477.0,4,3.0,1,Pune,Gated Community,Apartment,52,1.0,yes,semi-furnished,5071777.0
994.0,4,2.0,1,Delhi,Suburb,Apartment,13,1.0,yes,furnished,12791736.0
4800.0,2,1.0,1,Bangalore,Premium Township,Independent House,45,0.0,yes,unfurnished,18430113.0
535.0,1,1.0,1,Bangalore,Gated Community,Studio,17,0.0,no,semi-furnished,6054464.0
1441.0,1,1.0,1,Mumbai,Prime Suburb,Apartment,43,1.0,no,semi-furnished,33972551.0
1746.0,3,2.0,2,Chennai,Near Metro,Row House,13,0.0,yes,furnished,17023986.0
1280.0,2,2.0,2,Mumbai,City Centre,Row House,21,2.0,no,furnished,51043943.0
1598.0,2,2.0,1,Bangalore,Gated Community,Apartment,51,2.0,yes,furnished,18086743.0
629.0,1,1.0,1,Pune,City Centre,Studio,15,1.0,yes,unfurnished,10398576.0
1031.0,5,4.0,1,Mumbai,Waterfront,Apartment,5,0.0,yes,unfurnished,35851479.0
2736.0,3,2.0,2,Kolkata,Premium Township,Villa,12,2.0,yes,furnished,32542667.0
1521.0,3,3.0,1,Bangalore,Suburb,Apartment,59,0.0,no,semi-furnished,11174071.0
1173.0,4,4.0,1,Pune,Outskirts,Apartment,50,1.0,no,unfurnished,5658307.0
3594.0,5,4.0,2,Kochi,Gated Community,Villa,24,1.0,yes,semi-furnished,41308307.0
2233.0,3,1.0,3,Chandigarh,Prime Suburb,Villa,13,2.0,no,unfurnished,26823021.0
1805.0,4,2.0,2,Pune,Gated Community,Row House,36,2.0,no,semi-furnished,17582421.0
960.0,4,4.0,2,Mumbai,Suburb,Apartment,3,1.0,no,unfurnished,21193179.0
1273.0,3,2.0,2,Indore,Premium Township,Apartment,26,1.0,yes,unfurnished,9509681.0
1543.0,3,3.0,1,Delhi,City Centre,Independent House,10,1.0,yes,unfurnished,40391102.0
819.0,3,3.0,2,Hyderabad,Premium Township,Row House,39,2.0,no,semi-furnished,10684495.0
2082.0,3,1.0,1,Mumbai,Premium Township,Penthouse,32,1.0,yes,semi-furnished,84642017.0
1529.0,2,1.0,1,Mumbai,Suburb,Apartment,36,1.0,yes,semi-furnished,28360537.0
1406.0,1,1.0,1,Delhi,Outskirts,Apartment,4,1.0,yes,semi-furnished,9226150.0
645.0,3,2.0,2,Indore,Suburb,Apartment,11,3.0,no,furnished,4041445.0
1586.0,2,2.0,2,Chandigarh,Prime Suburb,Independent House,27,0.0,yes,semi-furnished,14295203.0
1500.0,4,3.0,1,Hyderabad,Suburb,Penthouse,40,0.0,no,furnished,18186535.0
2010.0,3,1.0,1,Bangalore,Suburb,Penthouse,27,3.0,yes,furnished,26954139.0
1126.0,5,4.0,1,Kolkata,Prime Suburb,Apartment,59,0.0,yes,furnished,8374649.0
1352.0,3,3.0,1,Chandigarh,Near Metro,Apartment,18,3.0,yes,unfurnished,12247477.0
1343.0,3,3.0,1,Pune,Prime Suburb,Apartment,1,2.0,yes,furnished,18753518.0
816.0,3,2.0,1,Chennai,City Centre,Apartment,33,0.0,no,unfurnished,11190032.0
1003.0,2,2.0,2,Lucknow,Outskirts,Row House,19,1.0,yes,semi-furnished,4134749.0
2581.0,3,2.0,2,Chennai,Suburb,Penthouse,45,2.0,no,semi-furnished,28541443.0
568.0,1,1.0,1,Hyderabad,Prime Suburb,Studio,14,0.0,yes,semi-furnished,6015805.0
2348.0,3,3.0,2,Hyderabad,Near Metro,Villa,2,2.0,yes,semi-furnished,29398423.0
3038.0,3,3.0,1,Delhi,Gated Community,Penthouse,11,2.0,no,semi-furnished,61003183.0
1150.0,2,2.0,2,Pune,Premium Township,Row House,15,1.0,yes,semi-furnished,16543371.0
1001.0,1,1.0,2,Delhi,Suburb,Row House,22,1.0,yes,semi-furnished,13918971.0
1502.0,3,2.0,2,Lucknow,Gated Community,Apartment,58,1.0,yes,unfurnished,10154393.0
976.0,1,1.0,1,Kolkata,Prime Suburb,Apartment,22,0.0,yes,semi-furnished,6836637.0
478.0,1,1.0,1,Pune,Prime Suburb,Studio,48,0.0,no,unfurnished,4117743.0
1531.0,3,2.0,3,Jaipur,Outskirts,Independent House,34,1.0,no,unfurnished,5726207.0
468.0,3,3.0,1,Delhi,Outskirts,Apartment,32,1.0,no,unfurnished,3923936.0
1112.0,2,2.0,1,Bangalore,City Centre,Apartment,11,0.0,yes,semi-furnished,18707614.0
1188.0,2,1.0,1,Kochi,Outskirts,Apartment,13,0.0,yes,furnished,4862688.0
1356.0,3,2.0,1,Delhi,Outskirts,Apartment,40,1.0,yes,unfurnished,9010026.0
2172.0,3,2.0,2,Chennai,Prime Suburb,Villa,20,1.0,yes,unfurnished,28718159.0
3415.0,3,2.0,1,Pune,City Centre,Penthouse,39,2.0,yes,furnished,71486698.0
1500.0,4,2.0,1,Mumbai,Suburb,Penthouse,57,3.0,no,unfurnished,37342400.0
2941.0,3,2.0,2,Mumbai,Outskirts,Villa,54,2.0,yes,semi-furnished,39960936.0
933.0,5,4.0,1,Mumbai,Outskirts,Apartment,5,2.0,no,unfurnished,15037281.0
1195.0,3,2.0,1,Bangalore,Prime Suburb,Independent House,33,0.0,yes,semi-furnished,15214324.0
1193.0,4,3.0,2,Pune,Suburb,Apartment,39,3.0,yes,unfurnished,10432377.0
1645.0,4,4.0,2,Ahmedabad,Prime Suburb,Row House,15,0.0,yes,unfurnished,13450870.0
2316.0,1,1.0,1,Delhi,Gated Community,Apartment,8,1.0,yes,unfurnished,30685182.0
1132.0,3,3.0,1,Delhi,Suburb,Apartment,49,1.0,yes,unfurnished,13856600.0
848.0,3,3.0,2,Delhi,Outskirts,Apartment,35,2.0,yes,semi-furnished,7721498.0
1368.0,1,2.0,2,Pune,Suburb,Independent House,43,2.0,yes,semi-furnished,12316948.0
1799.0,4,4.0,1,Jaipur,Premium Township,Penthouse,11,3.0,yes,unfurnished,22620579.0
1135.0,4,2.0,2,Ahmedabad,City Centre,Row House,32,1.0,yes,furnished,12126344.0
350.0,2,1.0,1,Ahmedabad,Waterfront,Apartment,3,1.0,no,semi-furnished,3815155.0
2620.0,3,3.0,2,Chandigarh,Near Metro,Penthouse,47,1.0,yes,furnished,27948812.0
2121.0,4,3.0,1,Pune,Outskirts,Penthouse,24,2.0,yes,semi-furnished,15797031.0
921.0,3,3.0,2,Mumbai,Premium Township,Independent House,46,0.0,no,semi-furnished,25880053.0
703.0,3,3.0,1,Chennai,Waterfront,Apartment,41,0.0,no,semi-furnished,7978789.0
2034.0,3,2.0,2,Ahmedabad,Outskirts,Villa,28,1.0,yes,unfurnished,8030115.0
1257.0,2,2.0,1,Hyderabad,City Centre,Apartment,4,1.0,yes,semi-furnished,16272063.0
1491.0,2,2.0,2,Ahmedabad,City Centre,Row House,7,1.0,yes,semi-furnished,14589807.0
1595.0,3,3.0,1,Bangalore,Near Metro,Apartment,42,1.0,yes,furnished,16458058.0
1395.0,3,2.0,2,Mumbai,Outskirts,Row House,31,0.0,yes,semi-furnished,19759083.0
1065.0,1,1.0,1,Delhi,City Centre,Apartment,4,0.0,yes,furnished,24710585.0
1561.0,5,4.0,1,Indore,Suburb,Apartment,47,0.0,yes,semi-furnished,8331873.0
3105.0,3,3.0,2,Delhi,City Centre,Villa,23,2.0,yes,unfurnished,93982229.0
696.0,2,1.0,2,Lucknow,Suburb,Row House,42,1.0,yes,unfurnished,3573623.0
1600.0,3,2.0,3,Jaipur,Suburb,Villa,49,1.0,no,unfurnished,11175638.0
1876.0,3,2.0,1,Mumbai,Suburb,Penthouse,38,1.0,no,semi-furnished,50412380.0
350.0,2,2.0,2,Jaipur,Waterfront,Independent House,37,2.0,no,semi-furnished,3640720.0
1122.0,2,2.0,1,Hyderabad,Waterfront,Apartment,21,0.0,yes,semi-furnished,12113884.0
819.0,2,2.0,1,Delhi,Suburb,Apartment,21,1.0,yes,semi-furnished,10179500.0
1462.0,2,1.0,1,Jaipur,Near Metro,Independent House,6,0.0,no,semi-furnished,10094279.0
1638.0,2,2.0,1,Indore,Prime Suburb,Apartment,15,2.0,no,semi-furnished,9083029.0
3181.0,3,2.0,2,Hyderabad,Prime Suburb,Penthouse,47,1.0,yes,furnished,45860095.0
1400.0,2,1.0,2,Delhi,City Centre,Apartment,49,2.0,yes,furnished,26769545.0
596.0,1,1.0,1,Lucknow,Premium Township,Studio,55,0.0,yes,semi-furnished,3796809.0
1199.0,3,2.0,1,Delhi,City Centre,Apartment,54,0.0,no,semi-furnished,23310220.0
837.0,3,2.0,3,Kolkata,Premium Township,Row House,25,0.0,yes,unfurnished,8245480.0
2450.0,3,2.0,2,Delhi,Near Metro,Penthouse,44,1.0,yes,unfurnished,48290468.0
2818.0,3,3.0,2,Ahmedabad,Near Metro,Villa,16,1.0,yes,unfurnished,23525739.0
952.0,2,2.0,1,Chandigarh,Outskirts,Apartment,49,2.0,no,unfurnished,3469712.0
1237.0,3,1.0,3,Indore,Prime Suburb,Row House,44,1.0,no,furnished,4019327.0
615.0,2,2.0,2,Chennai,Prime Suburb,Independent House,47,1.0,yes,unfurnished,6067572.0
2355.0,3,3.0,3,Kochi,Waterfront,Villa,45,1.0,yes,semi-furnished,31640834.0
544.0,1,1.0,1,Hyderabad,Prime Suburb,Apartment,57,1.0,yes,furnished,4985621.0
1897.0,3,3.0,2,Lucknow,Gated Community,Penthouse,47,2.0,yes,unfurnished,20186115.0
613.0,3,2.0,1,Hyderabad,City Centre,Independent House,9,1.0,yes,semi-furnished,9716466.0
2398.0,3,3.0,1,Bangalore,Suburb,Penthouse,47,1.0,no,semi-furnished,31946306.0
632.0,3,2.0,2,Bangalore,Outskirts,Apartment,55,2.0,yes,unfurnished,3645577.0
1590.0,2,1.0,1,Lucknow,Premium Township,Apartment,56,0.0,yes,unfurnished,11037245.0
1176.0,2,2.0,2,Delhi,Suburb,Independent House,15,1.0,yes,semi-furnished,15094180.0
712.0,3,3.0,2,Hyderabad,Suburb,Independent House,25,2.0,yes,unfurnished,7822499.0
1386.0,1,1.0,4,Mumbai,Gated Community,Row House,21,0.0,no,furnished,38372030.0
1783.0,2,2.0,1,Mumbai,Near Metro,Apartment,58,1.0,yes,semi-furnished,36579547.0
648.0,4,3.0,1,Mumbai,Gated Community,Apartment,12,3.0,yes,semi-furnished,21921462.0
1446.0,3,2.0,1,Kolkata,Suburb,Apartment,59,0.0,yes,furnished,8028733.0
1417.0,1,1.0,3,Delhi,Near Metro,Independent House,26,1.0,yes,furnished,21841061.0
2867.0,3,2.0,2,Lucknow,Suburb,Villa,23,2.0,yes,furnished,18241067.0
591.0,1,1.0,1,Kolkata,Gated Community,Studio,16,1.0,no,unfurnished,5182871.0
507.0,1,1.0,1,Chandigarh,Prime Suburb,Studio,15,2.0,no,furnished,5662398.0
2248.0,3,1.0,1,Kolkata,Suburb,Penthouse,9,1.0,yes,semi-furnished,20608129.0
1339.0,2,2.0,3,Chennai,Suburb,Independent House,13,2.0,no,semi-furnished,11495997.0
1600.0,3,2.0,2,Hyderabad,Prime Suburb,Villa,26,1.0,no,semi-furnished,20939266.0
1466.0,2,1.0,1,Ahmedabad,Suburb,Independent House,21,1.0,yes,semi-furnished,9195657.0
1252.0,3,2.0,2,Delhi,Prime Suburb,Row House,44,2.0,yes,unfurnished,18783896.0
1027.0,4,2.0,1,Mumbai,Prime Suburb,Apartment,15,0.0,no,unfurnished,26955925.0
1234.0,2,2.0,2,Chennai,Prime Suburb,Independent House,55,0.0,yes,semi-furnished,11783510.0
1287.0,2,1.0,3,Indore,Prime Suburb,Independent House,19,1.0,no,semi-furnished,8769548.0
1003.0,3,2.0,1,Lucknow,Suburb,Apartment,0,2.0,yes,semi-furnished,5966226.0
3292.0,3,2.0,2,Kochi,Premium Township,Villa,2,3.0,no,unfurnished,40886138.0
976.0,3,2.0,2,Delhi,Prime Suburb,Row House,57,0.0,yes,furnished,14351901.0
1494.0,5,4.0,1,Bangalore,Outskirts,Apartment,12,1.0,yes,furnished,10152200.0
1401.0,4,3.0,1,Mumbai,Suburb,Independent House,55,0.0,yes,unfurnished,28356048.0
1204.0,3,3.0,1,Delhi,Prime Suburb,Apartment,4,1.0,yes,unfurnished,21732526.0
2400.0,3,3.0,2,Kolkata,Near Metro,Villa,24,1.0,yes,semi-furnished,21101514.0
2239.0,1,1.0,2,Hyderabad,City Centre,Row House,33,1.0,yes,semi-furnished,30224914.0
778.0,3,3.0,1,Jaipur,Premium Township,Independent House,37,1.0,yes,furnished,7450279.0
2397.0,2,1.0,1,Chennai,Suburb,Apartment,51,0.0,no,semi-furnished,18748938.0
1060.0,1,1.0,1,Jaipur,Suburb,Apartment,11,2.0,yes,furnished,5587562.0
708.0,2,1.0,1,Mumbai,Near Metro,Independent House,26,1.0,yes,furnished,20221498.0
1191.0,3,2.0,1,Chennai,Suburb,Apartment,15,1.0,yes,unfurnished,8697271.0
2497.0,3,1.0,2,Chandigarh,City Centre,Villa,30,2.0,yes,unfurnished,43515352.0
2555.0,4,3.0,1,Delhi,Premium Township,Penthouse,51,1.0,yes,unfurnished,54974249.0
3129.0,3,3.0,2,Hyderabad,Premium Township,Villa,15,1.0,yes,semi-furnished,45488694.0
468.0,1,1.0,1,Pune,Suburb,Studio,30,0.0,yes,semi-furnished,4742338.0
573.0,1,2.0,1,Hyderabad,City Centre,Studio,46,0.0,yes,unfurnished,7963681.0
1004.0,3,1.0,3,Bangalore,Prime Suburb,Row House,31,0.0,yes,semi-furnished,11357791.0
2523.0,3,3.0,1,Bangalore,Prime Suburb,Penthouse,7,3.0,yes,furnished,44045734.0
1386.0,2,2.0,1,Hyderabad,Suburb,Apartment,47,2.0,yes,semi-furnished,11223947.0
979.0,3,3.0,1,Kolkata,Gated Community,Apartment,27,0.0,no,unfurnished,7254893.0
1736.0,1,1.0,1,Bangalore,Premium Township,Apartment,30,3.0,yes,furnished,18433093.0
1190.0,5,3.0,1,Bangalore,Suburb,Apartment,31,0.0,yes,semi-furnished,11309695.0
1059.0,2,1.0,1,Bangalore,Premium Township,Apartment,42,1.0,yes,semi-furnished,13482616.0
1256.0,3,3.0,1,Ahmedabad,Gated Community,Apartment,23,2.0,yes,semi-furnished,10601335.0
432.0,1,1.0,1,Bangalore,Outskirts,Studio,5,2.0,yes,semi-furnished,3662203.0
347.0,1,1.0,1,Delhi,Outskirts,Studio,1,0.0,no,furnished,4026707.0
1308.0,3,2.0,1,Chennai,Suburb,Apartment,47,1.0,no,furnished,10227603.0
3179.0,3,1.0,2,Bangalore,Prime Suburb,Villa,8,1.0,no,unfurnished,39914737.0
3444.0,3,3.0,2,Pune,City Centre,Villa,5,1.0,yes,unfurnished,60064702.0
1022.0,2,2.0,2,Bangalore,Suburb,Apartment,5,0.0,no,unfurnished,8786686.0
1224.0,1,1.0,2,Mumbai,City Centre,Row House,39,0.0,yes,semi-furnished,41360977.0
1198.0,3,2.0,3,Hyderabad,Outskirts,Row House,0,2.0,yes,unfurnished,7346959.0
1449.0,2,2.0,2,Pune,Suburb,Row House,40,2.0,yes,semi-furnished,11553584.0
2530.0,4,3.0,2,Delhi,City Centre,Penthouse,52,2.0,no,semi-furnished,88250771.0
1764.0,4,4.0,1,Jaipur,City Centre,Apartment,7,2.0,no,unfurnished,18970325.0
1268.0,1,1.0,2,Mumbai,Near Metro,Apartment,6,1.0,no,semi-furnished,30726808.0
1597.0,2,2.0,2,Chennai,Suburb,Apartment,30,1.0,yes,semi-furnished,10594318.0
3524.0,3,3.0,3,Jaipur,Suburb,Villa,60,1.0,yes,unfurnished,23546561.0
1374.0,4,3.0,1,Delhi,Waterfront,Apartment,8,1.0,no,unfurnished,28248510.0
1922.0,3,2.0,1,Hyderabad,Suburb,Penthouse,51,1.0,yes,semi-furnished,22655340.0
1237.0,2,2.0,3,Kochi,Prime Suburb,Independent House,57,1.0,yes,semi-furnished,9117062.0
1166.0,1,1.0,1,Bangalore,Suburb,Apartment,49,1.0,no,semi-furnished,10231226.0
1055.0,4,4.0,2,Chandigarh,Suburb,Row House,50,1.0,yes,semi-furnished,7473466.0
1126.0,2,2.0,1,Hyderabad,Suburb,Apartment,25,1.0,no,furnished,9309019.0
1790.0,3,2.0,1,Delhi,Outskirts,Apartment,39,3.0,yes,unfurnished,12662500.0
606.0,1,1.0,1,Pune,Suburb,Studio,46,2.0,yes,furnished,5572473.0
1992.0,5,3.0,3,Jaipur,Waterfront,Independent House,34,2.0,yes,furnished,19430284.0
785.0,1,1.0,2,Chennai,Suburb,Row House,21,1.0,yes,semi-furnished,7072734.0
1185.0,2,2.0,4,Chandigarh,Gated Community,Independent House,39,0.0,yes,semi-furnished,12423500.0
966.0,2,1.0,1,Jaipur,Premium Township,Apartment,16,3.0,no,furnished,8618969.0
1221.0,3,2.0,1,Pune,Premium Township,Apartment,52,2.0,yes,furnished,13393675.0
1237.0,1,1.0,2,Hyderabad,Outskirts,Apartment,44,1.0,yes,unfurnished,5445911.0
827.0,2,1.0,1,Hyderabad,Near Metro,Apartment,60,1.0,yes,unfurnished,6700290.0
2854.0,3,2.0,4,Hyderabad,Near Metro,Villa,6,1.0,no,furnished,36573849.0
355.0,1,1.0,1,Delhi,Outskirts,Studio,18,1.0,no,unfurnished,2826256.0
2838.0,3,3.0,2,Mumbai,Near Metro,Villa,54,2.0,no,unfurnished,73774113.0
512.0,4,4.0,2,Bangalore,Prime Suburb,Apartment,43,0.0,yes,semi-furnished,6011980.0
1660.0,4,4.0,1,Pune,Suburb,Independent House,20,1.0,yes,unfurnished,17144608.0
1221.0,4,4.0,1,Bangalore,City Centre,Apartment,49,0.0,yes,unfurnished,17971939.0
1199.0,2,2.0,2,Hyderabad,Near Metro,Row House,22,2.0,no,semi-furnished,12467711.0
3637.0,3,3.0,1,Chandigarh,Suburb,Penthouse,7,2.0,yes,semi-furnished,40701367.0
1450.0,2,2.0,1,Chandigarh,Prime Suburb,Apartment,29,3.0,yes,semi-furnished,13170848.0
1068.0,4,3.0,2,Delhi,Outskirts,Independent House,60,2.0,yes,unfurnished,9207226.0
1027.0,2,2.0,1,Indore,Suburb,Apartment,4,1.0,no,semi-furnished,4186487.0
1806.0,3,3.0,2,Hyderabad,Suburb,Penthouse,4,0.0,yes,unfurnished,21205031.0
1426.0,3,2.0,1,Mumbai,Outskirts,Apartment,25,2.0,yes,semi-furnished,18535255.0
353.0,3,2.0,1,Mumbai,City Centre,Apartment,42,2.0,yes,unfurnished,12526609.0
1966.0,2,2.0,1,Jaipur,Prime Suburb,Apartment,30,1.0,yes,unfurnished,13477585.0
2888.0,3,2.0,2,Chandigarh,Suburb,Penthouse,19,0.0,yes,semi-furnished,30203677.0
2340.0,3,2.0,1,Chandigarh,Near Metro,Penthouse,55,2.0,yes,semi-furnished,29220359.0
1441.0,5,4.0,1,Hyderabad,Premium Township,Apartment,58,1.0,yes,semi-furnished,18154752.0
1540.0,2,1.0,1,Delhi,Prime Suburb,Apartment,37,1.0,yes,semi-furnished,23320591.0
1269.0,2,2.0,2,Mumbai,Gated Community,Row House,49,0.0,no,semi-furnished,29178176.0
1561.0,3,2.0,2,Chandigarh,Suburb,Row House,11,2.0,yes,unfurnished,11427995.0
383.0,1,1.0,1,Bangalore,Prime Suburb,Independent House,26,0.0,yes,furnished,5551070.0
1751.0,1,1.0,1,Delhi,Near Metro,Apartment,31,1.0,yes,unfurnished,21224019.0
3628.0,3,3.0,3,Lucknow,Near Metro,Villa,31,1.0,yes,unfurnished,27673155.0
582.0,2,1.0,1,Mumbai,Suburb,Apartment,44,0.0,yes,unfurnished,10168229.0
1345.0,1,1.0,1,Pune,Prime Suburb,Apartment,16,2.0,yes,furnished,15179478.0
350.0,3,3.0,1,Mumbai,Suburb,Apartment,20,2.0,yes,furnished,9422585.0
742.0,2,1.0,1,Delhi,Prime Suburb,Apartment,6,1.0,no,unfurnished,10790424.0
705.0,2,1.0,3,Chandigarh,Suburb,Independent House,58,1.0,yes,furnished,4969431.0
2748.0,3,2.0,2,Lucknow,Near Metro,Penthouse,47,0.0,yes,unfurnished,24991635.0
1445.0,3,3.0,1,Lucknow,Waterfront,Apartment,36,1.0,yes,unfurnished,11958040.0
1260.0,2,1.0,3,Lucknow,City Centre,Row House,15,1.0,yes,semi-furnished,12687433.0
450.0,1,1.0,1,Jaipur,Suburb,Studio,56,1.0,no,unfurnished,1953553.0
1027.0,2,2.0,1,Delhi,Suburb,Apartment,15,2.0,yes,semi-furnished,13110845.0
1141.0,4,4.0,1,Mumbai,Waterfront,Apartment,13,0.0,no,unfurnished,40365443.0
1010.0,2,2.0,1,Delhi,Outskirts,Apartment,59,0.0,yes,semi-furnished,4512042.0
1548.0,2,2.0,3,Delhi,Outskirts,Independent House,16,1.0,yes,semi-furnished,11870016.0
1046.0,2,2.0,1,Mumbai,Prime Suburb,Apartment,39,1.0,yes,furnished,22553945.0
520.0,1,1.0,1,Delhi,Suburb,Studio,17,3.0,yes,furnished,8650665.0
512.0,4,3.0,2,Kolkata,Suburb,Row House,8,1.0,yes,unfurnished,4298182.0
3212.0,4,4.0,2,Mumbai,City Centre,Penthouse,28,0.0,yes,furnished,108643350.0
2705.0,3,3.0,2,Pune,Suburb,Villa,37,1.0,yes,semi-furnished,25554020.0
499.0,4,3.0,1,Bangalore,Gated Community,Apartment,10,1.0,yes,unfurnished,7988823.0
2295.0,4,3.0,4,Pune,Suburb,Villa,21,2.0,yes,unfurnished,29240732.0
1370.0,4,3.0,1,Kochi,Near Metro,Apartment,46,2.0,yes,semi-furnished,9611616.0
729.0,2,2.0,1,Chennai,Suburb,Independent House,28,0.0,yes,furnished,6449282.0
1411.0,4,4.0,1,Chennai,Outskirts,Apartment,34,1.0,yes,unfurnished,7764380.0
433.0,1,1.0,1,Delhi,Prime Suburb,Studio,38,3.0,yes,unfurnished,6640061.0
1412.0,2,1.0,2,Bangalore,Prime Suburb,Independent House,7,1.0,no,semi-furnished,16828787.0
1466.0,4,2.0,1,Kolkata,Prime Suburb,Apartment,28,1.0,yes,unfurnished,12183535.0
1922.0,2,1.0,1,Bangalore,Premium Township,Independent House,7,2.0,yes,semi-furnished,34059354.0
641.0,1,1.0,1,Mumbai,Premium Township,Studio,22,2.0,no,unfurnished,17703672.0
1383.0,2,1.0,3,Lucknow,Prime Suburb,Independent House,9,0.0,yes,unfurnished,8424367.0
383.0,1,1.0,1,Pune,Suburb,Studio,28,0.0,no,furnished,3457239.0
1310.0,2,2.0,4,Ahmedabad,Suburb,Row House,46,1.0,yes,semi-furnished,7684614.0
1781.0,3,1.0,1,Kolkata,Prime Suburb,Penthouse,23,0.0,no,unfurnished,20478291.0
1113.0,2,2.0,4,Chandigarh,Gated Community,Independent House,13,1.0,yes,unfurnished,12191657.0
744.0,2,1.0,1,Mumbai,Outskirts,Apartment,27,1.0,yes,unfurnished,8987367.0
687.0,2,1.0,1,Ahmedabad,Prime Suburb,Apartment,52,1.0,yes,unfurnished,3829906.0
1942.0,3,2.0,2,Indore,Prime Suburb,Villa,20,2.0,yes,unfurnished,14791255.0
1219.0,3,2.0,1,Pune,Outskirts,Apartment,55,2.0,yes,furnished,6596509.0
2004.0,3,3.0,1,Mumbai,Waterfront,Apartment,37,1.0,no,semi-furnished,55902728.0
657.0,4,3.0,1,Chennai,Waterfront,Apartment,50,2.0,yes,semi-furnished,8619846.0
1048.0,3,2.0,1,Bangalore,Suburb,Apartment,59,2.0,yes,unfurnished,9072225.0
1217.0,3,3.0,2,Bangalore,Suburb,Independent House,23,2.0,yes,furnished,14197896.0
762.0,1,1.0,1,Ahmedabad,Prime Suburb,Apartment,2,3.0,no,semi-furnished,6034444.0
3173.0,3,3.0,2,Chennai,Suburb,Penthouse,56,1.0,yes,unfurnished,34746063.0
1376.0,2,1.0,2,Hyderabad,Suburb,Row House,28,2.0,no,unfurnished,10966362.0
1754.0,3,1.0,2,Ahmedabad,City Centre,Independent House,58,1.0,no,semi-furnished,18211276.0
1248.0,2,2.0,1,Chennai,City Centre,Apartment,25,1.0,no,semi-furnished,17249324.0
1683.0,4,2.0,1,Bangalore,Prime Suburb,Apartment,32,1.0,no,semi-furnished,21824193.0
1652.0,2,2.0,1,Chandigarh,City Centre,Apartment,25,1.0,yes,semi-furnished,22504009.0
4111.0,3,2.0,2,Delhi,Prime Suburb,Villa,57,1.0,yes,unfurnished,73896320.0
1566.0,2,2.0,1,Bangalore,Suburb,Apartment,6,3.0,yes,semi-furnished,15476663.0
3419.0,3,1.0,2,Mumbai,Outskirts,Villa,29,1.0,no,unfurnished,42737187.0
691.0,5,4.0,1,Mumbai,Suburb,Apartment,26,1.0,no,unfurnished,13897100.0
929.0,3,1.0,2,Indore,Near Metro,Apartment,2,0.0,yes,semi-furnished,6138090.0
1237.0,1,1.0,2,Pune,Suburb,Apartment,13,0.0,no,unfurnished,12851063.0
1237.0,2,2.0,2,Kolkata,Gated Community,Independent House,46,0.0,no,furnished,14856951.0
381.0,1,1.0,1,Kochi,Suburb,Studio,26,1.0,yes,furnished,3505050.0
1855.0,4,4.0,2,Kochi,City Centre,Apartment,47,1.0,yes,unfurnished,23630956.0
1204.0,2,2.0,3,Delhi,City Centre,Row House,57,1.0,yes,semi-furnished,26837679.0
937.0,4,2.0,1,Chandigarh,Near Metro,Apartment,43,0.0,yes,unfurnished,6516297.0
1466.0,3,2.0,1,Delhi,Gated Community,Apartment,2,1.0,yes,semi-furnished,21100784.0
1114.0,2,1.0,2,Indore,Waterfront,Row House,29,2.0,no,unfurnished,10815578.0
2172.0,3,3.0,2,Bangalore,Gated Community,Villa,55,1.0,no,semi-furnished,31251441.0
4800.0,1,1.0,2,Hyderabad,Suburb,Independent House,37,0.0,no,semi-furnished,12463838.0
1132.0,1,1.0,2,Pune,Outskirts,Row House,23,1.0,yes,furnished,5926717.0
1566.0,2,2.0,2,Chandigarh,City Centre,Apartment,18,1.0,yes,unfurnished,22526791.0
792.0,4,4.0,2,Chennai,Suburb,Independent House,24,1.0,yes,semi-furnished,7050548.0
1687.0,4,3.0,1,Mumbai,Suburb,Apartment,15,1.0,yes,semi-furnished,37497051.0
501.0,1,1.0,1,Mumbai,Suburb,Studio,5,1.0,yes,unfurnished,12587652.0
945.0,2,2.0,1,Chennai,Suburb,Apartment,32,1.0,yes,unfurnished,8017937.0
1748.0,1,1.0,2,Kolkata,Suburb,Row House,6,1.0,no,unfurnished,10431124.0
792.0,1,1.0,3,Pune,Waterfront,Row House,53,3.0,yes,semi-furnished,10217098.0
983.0,5,4.0,1,Bangalore,Suburb,Apartment,35,1.0,yes,unfurnished,10267525.0
350.0,2,2.0,2,Delhi,City Centre,Apartment,16,2.0,yes,unfurnished,8871486.0
1503.0,2,2.0,2,Bangalore,Prime Suburb,Independent House,53,0.0,no,semi-furnished,17973022.0
1267.0,3,2.0,1,Kochi,Prime Suburb,Apartment,6,1.0,no,unfurnished,10860402.0
1870.0,1,1.0,1,Chandigarh,Outskirts,Apartment,7,0.0,yes,semi-furnished,6924659.0
1914.0,3,3.0,1,Mumbai,Suburb,Penthouse,34,1.0,no,semi-furnished,50874645.0
381.0,1,1.0,1,Pune,Outskirts,Studio,58,3.0,yes,unfurnished,1392099.0
1395.0,3,3.0,1,Delhi,Waterfront,Apartment,46,1.0,yes,semi-furnished,29614400.0
4800.0,4,3.0,1,Hyderabad,Outskirts,Apartment,21,2.0,yes,unfurnished,6227956.0
1040.0,2,2.0,2,Mumbai,City Centre,Row House,32,2.0,yes,furnished,34770129.0
1075.0,1,1.0,2,Delhi,Suburb,Row House,43,1.0,yes,semi-furnished,12236770.0
1226.0,3,2.0,2,Chennai,Prime Suburb,Row House,39,2.0,yes,semi-furnished,11329315.0
957.0,2,2.0,1,Chennai,Waterfront,Independent House,27,2.0,yes,furnished,12328675.0
1029.0,2,1.0,2,Pune,Outskirts,Apartment,41,0.0,yes,semi-furnished,4824978.0
549.0,1,1.0,1,Mumbai,Suburb,Studio,52,1.0,yes,unfurnished,8207180.0
2395.0,3,3.0,1,Ahmedabad,Premium Township,Penthouse,10,2.0,no,furnished,29960507.0
1237.0,2,1.0,1,Kolkata,Premium Township,Apartment,55,1.0,yes,unfurnished,8795897.0
1500.0,3,1.0,2,Chennai,Gated Community,Penthouse,40,0.0,yes,unfurnished,17926847.0
2650.0,3,3.0,3,Bangalore,Suburb,Villa,16,1.0,yes,furnished,108643350.0
1367.0,5,2.0,1,Kolkata,Gated Community,Independent House,37,1.0,yes,semi-furnished,13790807.0
550.0,3,2.0,1,Delhi,Prime Suburb,Independent House,3,1.0,yes,furnished,11813389.0
1070.0,2,2.0,2,Delhi,Waterfront,Independent House,8,1.0,yes,semi-furnished,23198504.0
1419.0,4,3.0,1,Delhi,Suburb,Apartment,3,0.0,yes,unfurnished,17460861.0
3539.0,3,2.0,3,Jaipur,Suburb,Villa,33,1.0,yes,unfurnished,22980119.0
312.0,1,1.0,1,Hyderabad,Suburb,Studio,32,0.0,yes,semi-furnished,3135195.0
3058.0,3,2.0,3,Indore,Outskirts,Villa,53,1.0,yes,semi-furnished,11579067.0
2528.0,3,2.0,2,Chennai,Outskirts,Villa,24,1.0,yes,unfurnished,13591022.0
991.0,2,1.0,1,Kochi,Prime Suburb,Apartment,53,0.0,yes,semi-furnished,6745499.0
1775.0,2,2.0,1,Jaipur,Premium Township,Apartment,6,2.0,yes,semi-furnished,13333483.0
1176.0,4,4.0,1,Bangalore,Suburb,Apartment,51,1.0,yes,unfurnished,10319653.0
881.0,2,1.0,2,Kochi,Prime Suburb,Independent House,8,2.0,no,unfurnished,7978104.0
760.0,4,3.0,2,Chennai,Outskirts,Row House,20,0.0,yes,semi-furnished,4967405.0
1678.0,4,3.0,2,Mumbai,Suburb,Apartment,1,1.0,yes,unfurnished,30478139.0
1117.0,3,2.0,1,Kolkata,Prime Suburb,Apartment,42,2.0,no,furnished,9231200.0
1237.0,4,3.0,3,Hyderabad,Prime Suburb,Independent House,4,3.0,yes,semi-furnished,11412126.0
595.0,2,2.0,3,Kochi,Outskirts,Row House,41,3.0,yes,semi-furnished,2849958.0
887.0,2,1.0,3,Ahmedabad,Suburb,Row House,32,2.0,yes,semi-furnished,5773607.0
2038.0,3,3.0,2,Kolkata,City Centre,Apartment,48,0.0,yes,unfurnished,19157694.0
354.0,1,1.0,1,Delhi,Waterfront,Studio,31,2.0,yes,unfurnished,7587228.0
1252.0,3,2.0,1,Hyderabad,Suburb,Apartment,45,0.0,yes,unfurnished,9324332.0
3391.0,3,2.0,1,Lucknow,Outskirts,Penthouse,46,1.0,yes,semi-furnished,13796030.0
1481.0,1,1.0,1,Delhi,Prime Suburb,Apartment,24,2.0,yes,unfurnished,22401345.0
846.0,4,4.0,2,Jaipur,Suburb,Apartment,4,2.0,no,unfurnished,6200818.0
2997.0,3,3.0,2,Mumbai,Suburb,Villa,15,2.0,yes,furnished,77871434.0
977.0,4,3.0,1,Lucknow,Prime Suburb,Apartment,46,1.0,no,unfurnished,30490714.0
1792.0,3,3.0,3,Jaipur,Prime Suburb,Villa,15,1.0,yes,semi-furnished,14780744.0
1013.0,2,1.0,2,Mumbai,Suburb,Apartment,39,2.0,no,furnished,19880559.0
3189.0,3,2.0,2,Bangalore,City Centre,Villa,48,2.0,yes,semi-furnished,59901989.0
1096.0,2,2.0,2,Kochi,Prime Suburb,Apartment,19,1.0,no,semi-furnished,7939853.0
484.0,1,1.0,1,Bangalore,Premium Township,Studio,14,1.0,yes,semi-furnished,8237204.0
1155.0,4,2.0,1,Chandigarh,Suburb,Apartment,34,0.0,yes,unfurnished,8344132.0
873.0,3,2.0,1,Chandigarh,Outskirts,Apartment,45,1.0,yes,semi-furnished,3942944.0
1318.0,1,1.0,2,Mumbai,Outskirts,Independent House,38,0.0,yes,unfurnished,14063041.0
953.0,4,3.0,1,Ahmedabad,Prime Suburb,Apartment,19,2.0,no,semi-furnished,7381512.0
958.0,2,1.0,1,Mumbai,Prime Suburb,Apartment,13,1.0,no,unfurnished,24432647.0
3254.0,3,3.0,2,Bangalore,Suburb,Villa,28,1.0,yes,unfurnished,38086465.0
1006.0,3,1.0,2,Delhi,Outskirts,Independent House,0,1.0,yes,semi-furnished,10104011.0
446.0,1,1.0,1,Bangalore,City Centre,Studio,1,0.0,no,unfurnished,8579134.0
1544.0,2,2.0,2,Bangalore,City Centre,Apartment,21,0.0,yes,semi-furnished,27611506.0
1092.0,2,2.0,2,Pune,City Centre,Row House,39,1.0,yes,semi-furnished,17869309.0
3023.0,3,2.0,3,Chennai,Suburb,Villa,34,1.0,no,semi-furnished,33338439.0
2249.0,3,3.0,4,Jaipur,Prime Suburb,Villa,12,1.0,yes,unfurnished,20533167.0
1092.0,3,2.0,1,Mumbai,Near Metro,Independent House,12,1.0,yes,semi-furnished,28015191.0
1376.0,2,1.0,3,Indore,Near Metro,Independent House,27,2.0,no,unfurnished,8887771.0
1502.0,4,3.0,1,Mumbai,Suburb,Apartment,23,0.0,yes,unfurnished,29406939.0
1112.0,3,2.0,2,Mumbai,Prime Suburb,Independent House,33,2.0,yes,semi-furnished,28910518.0
575.0,1,1.0,1,Kolkata,Gated Community,Studio,35,1.0,yes,furnished,5283598.0
462.0,1,1.0,2,Hyderabad,Prime Suburb,Apartment,47,0.0,no,semi-furnished,4201172.0
1105.0,3,3.0,1,Delhi,Outskirts,Apartment,37,0.0,yes,unfurnished,7710422.0
447.0,3,2.0,2,Ahmedabad,City Centre,Row House,15,1.0,no,unfurnished,5339325.0
1500.0,4,4.0,2,Bangalore,City Centre,Penthouse,36,1.0,yes,furnished,34505874.0
1996.0,1,2.0,1,Indore,Gated Community,Apartment,27,0.0,yes,semi-furnished,11760730.0
608.0,2,1.0,1,Mumbai,Outskirts,Apartment,41,1.0,yes,semi-furnished,6340899.0
1900.0,3,2.0,2,Pune,Suburb,Penthouse,0,1.0,yes,semi-furnished,24341758.0
1389.0,3,2.0,2,Delhi,Outskirts,Apartment,26,0.0,no,unfurnished,9024910.0
1106.0,2,2.0,3,Kochi,Prime Suburb,Row House,60,2.0,yes,unfurnished,8769368.0
1555.0,2,2.0,3,Chennai,Premium Township,Independent House,1,1.0,no,unfurnished,19783465.0
886.0,3,1.0,2,Bangalore,Waterfront,Row House,29,1.0,yes,semi-furnished,13004551.0
1017.0,2,2.0,2,Bangalore,Suburb,Independent House,22,0.0,yes,semi-furnished,10892293.0
1021.0,3,3.0,1,Chennai,Waterfront,Apartment,46,1.0,yes,semi-furnished,12864431.0
623.0,2,1.0,1,Kolkata,Gated Community,Independent House,30,2.0,no,unfurnished,5393841.0
1500.0,4,4.0,2,Mumbai,Suburb,Penthouse,51,3.0,yes,semi-furnished,37806869.0
2496.0,3,2.0,3,Delhi,Waterfront,Villa,57,1.0,yes,semi-furnished,64353381.0
1952.0,3,2.0,2,Bangalore,Outskirts,Villa,27,1.0,yes,unfurnished,13888827.0
984.0,3,1.0,2,Bangalore,Premium Township,Row House,24,1.0,yes,semi-furnished,14584749.0
917.0,2,2.0,2,Bangalore,City Centre,Independent House,38,2.0,yes,furnished,17037683.0
1600.0,3,2.0,2,Ahmedabad,Premium Township,Villa,8,1.0,no,semi-furnished,20825323.0
4041.0,3,2.0,2,Kochi,Premium Township,Villa,13,2.0,no,furnished,41939005.0
2408.0,2,1.0,2,Hyderabad,Gated Community,Row House,18,1.0,yes,furnished,24734024.0
2177.0,3,3.0,2,Chandigarh,Suburb,Penthouse,15,1.0,no,semi-furnished,80338332.0
1992.0,3,3.0,1,Indore,Near Metro,Apartment,6,2.0,yes,furnished,10444737.0
1745.0,2,2.0,1,Lucknow,Suburb,Apartment,56,0.0,yes,unfurnished,7531133.0
2223.0,3,2.0,2,Kolkata,Outskirts,Villa,42,1.0,yes,furnished,10631541.0
2226.0,3,3.0,1,Delhi,Suburb,Penthouse,26,2.0,no,furnished,40340992.0
1103.0,2,1.0,3,Bangalore,Waterfront,Independent House,37,0.0,no,semi-furnished,16286947.0
405.0,3,2.0,2,Mumbai,Prime Suburb,Apartment,36,1.0,yes,unfurnished,9994376.0
1389.0,3,2.0,1,Bangalore,Premium Township,Apartment,45,1.0,no,semi-furnished,20835912.0
3052.0,3,2.0,2,Delhi,Outskirts,Villa,36,1.0,yes,unfurnished,25840010.0
620.0,2,1.0,1,Ahmedabad,Prime Suburb,Independent House,53,1.0,yes,furnished,4924602.0
1090.0,4,2.0,1,Indore,Suburb,Apartment,32,2.0,yes,furnished,7019290.0
1671.0,3,3.0,1,Indore,Prime Suburb,Apartment,6,0.0,yes,semi-furnished,10576764.0
2492.0,3,2.0,1,Bangalore,Waterfront,Penthouse,49,2.0,yes,semi-furnished,58604652.0
1981.0,3,1.0,3,Indore,Outskirts,Villa,35,1.0,yes,semi-furnished,6802246.0
1547.0,2,1.0,1,Chennai,Prime Suburb,Apartment,32,1.0,yes,unfurnished,13987647.0
958.0,4,3.0,3,Chennai,Suburb,Independent House,46,1.0,yes,furnished,7447238.0
1600.0,3,3.0,3,Chennai,Suburb,Villa,48,1.0,yes,unfurnished,16981189.0
1525.0,2,2.0,3,Ahmedabad,Outskirts,Independent House,38,1.0,yes,semi-furnished,6091745.0
438.0,1,1.0,1,Kolkata,Gated Community,Studio,18,1.0,yes,furnished,4790242.0
592.0,1,1.0,1,Pune,Suburb,Studio,12,0.0,no,semi-furnished,5979057.0
1547.0,2,2.0,3,Ahmedabad,Near Metro,Independent House,9,1.0,yes,furnished,11037411.0
3913.0,4,3.0,2,Indore,City Centre,Villa,41,2.0,yes,semi-furnished,46490616.0
1523.0,3,2.0,2,Delhi,Premium Township,Row House,47,1.0,yes,unfurnished,27812969.0
1103.0,1,1.0,1,Mumbai,Outskirts,Apartment,35,1.0,yes,furnished,12498945.0
3329.0,3,1.0,2,Delhi,City Centre,Villa,10,1.0,yes,semi-furnished,82863327.0
1223.0,4,4.0,2,Bangalore,Suburb,Apartment,17,1.0,yes,furnished,12151812.0
1203.0,4,3.0,1,Ahmedabad,Near Metro,Apartment,43,2.0,yes,semi-furnished,9791795.0
1013.0,3,2.0,1,Indore,Premium Township,Apartment,48,1.0,no,unfurnished,6951027.0
1063.0,1,1.0,2,Jaipur,Prime Suburb,Row House,2,2.0,yes,unfurnished,7273742.0
1169.0,2,1.0,3,Hyderabad,City Centre,Row House,34,1.0,yes,semi-furnished,16152798.0
2863.0,4,3.0,3,Kolkata,Suburb,Villa,18,1.0,no,unfurnished,21648596.0
304.0,1,1.0,1,Bangalore,City Centre,Studio,5,1.0,yes,unfurnished,6285805.0
1237.0,3,3.0,2,Mumbai,City Centre,Apartment,24,1.0,no,semi-furnished,38965009.0
1848.0,4,4.0,1,Jaipur,Prime Suburb,Independent House,40,3.0,no,unfurnished,13431163.0
1237.0,2,1.0,1,Jaipur,Outskirts,Apartment,12,2.0,yes,furnished,6077484.0
352.0,1,1.0,1,Lucknow,Gated Community,Studio,36,0.0,yes,semi-furnished,2578810.0
2550.0,3,2.0,2,Chandigarh,Near Metro,Villa,55,1.0,yes,semi-furnished,25598657.0
1016.0,4,3.0,2,Bangalore,Outskirts,Apartment,51,1.0,no,furnished,6262386.0
1524.0,3,2.0,1,Delhi,Suburb,Apartment,12,0.0,yes,furnished,21600670.0
637.0,2,1.0,2,Jaipur,City Centre,Row House,32,1.0,yes,unfurnished,7540626.0
1480.0,2,2.0,1,Kolkata,Near Metro,Apartment,43,1.0,yes,semi-furnished,10227019.0
2679.0,3,3.0,1,Kolkata,Outskirts,Penthouse,16,1.0,no,unfurnished,13745240.0
1057.0,3,3.0,1,Ahmedabad,City Centre,Apartment,18,0.0,yes,unfurnished,11615358.0
767.0,4,4.0,2,Mumbai,Suburb,Independent House,34,2.0,yes,unfurnished,20105202.0
1246.0,2,2.0,1,Jaipur,City Centre,Apartment,24,2.0,yes,semi-furnished,12599872.0
3046.0,3,3.0,1,Delhi,Gated Community,Penthouse,49,0.0,yes,semi-furnished,65776138.0
1101.0,1,1.0,1,Mumbai,Waterfront,Apartment,56,1.0,yes,semi-furnished,32431782.0
3711.0,3,2.0,2,Delhi,Suburb,Villa,20,1.0,yes,unfurnished,57880431.0
3555.0,3,3.0,2,Mumbai,Suburb,Villa,0,1.0,yes,unfurnished,93461532.0
1237.0,3,3.0,3,Mumbai,Suburb,Villa,11,1.0,no,unfurnished,42627740.0
1201.0,2,1.0,1,Mumbai,Suburb,Apartment,34,1.0,yes,semi-furnished,26903179.0
657.0,2,1.0,1,Delhi,Prime Suburb,Apartment,38,1.0,no,furnished,9917425.0
1002.0,2,1.0,1,Chennai,Near Metro,Apartment,42,0.0,no,furnished,8262011.0
894.0,2,2.0,2,Bangalore,Suburb,Row House,59,0.0,no,semi-furnished,6553387.0
474.0,3,2.0,1,Bangalore,Prime Suburb,Apartment,39,1.0,yes,semi-furnished,6064427.0
768.0,3,2.0,1,Chandigarh,Prime Suburb,Apartment,44,1.0,yes,unfurnished,6651133.0
423.0,5,4.0,2,Bangalore,Prime Suburb,Apartment,24,1.0,yes,semi-furnished,7411960.0
304.0,1,1.0,1,Ahmedabad,Prime Suburb,Studio,16,1.0,yes,semi-furnished,2960979.0
2528.0,4,3.0,2,Jaipur,Suburb,Penthouse,39,0.0,yes,furnished,22152004.0
643.0,1,1.0,1,Jaipur,Prime Suburb,Studio,40,0.0,yes,furnished,4476291.0
2697.0,3,2.0,2,Chandigarh,Prime Suburb,Villa,27,1.0,yes,furnished,37465171.0
1572.0,2,1.0,2,Chandigarh,Outskirts,Apartment,6,2.0,yes,unfurnished,6961022.0
626.0,2,2.0,1,Kolkata,Prime Suburb,Independent House,20,0.0,yes,unfurnished,5505621.0
530.0,3,3.0,3,Bangalore,Premium Township,Row House,54,0.0,no,semi-furnished,6884987.0
344.0,1,1.0,1,Kochi,Near Metro,Studio,36,0.0,yes,unfurnished,2596463.0
869.0,3,2.0,2,Kolkata,Premium Township,Apartment,1,1.0,no,semi-furnished,9179254.0
718.0,2,2.0,3,Chennai,Premium Township,Independent House,30,1.0,yes,semi-furnished,9349214.0
620.0,1,1.0,1,Delhi,Gated Community,Studio,13,1.0,no,semi-furnished,9067459.0
427.0,1,1.0,1,Ahmedabad,Suburb,Studio,48,1.0,yes,unfurnished,2217862.0
951.0,3,2.0,1,Delhi,Premium Township,Apartment,13,2.0,no,unfurnished,17919099.0
1474.0,2,1.0,1,Kochi,Premium Township,Apartment,18,1.0,no,semi-furnished,15209691.0
1020.0,2,2.0,2,Kolkata,Near Metro,Independent House,19,0.0,yes,semi-furnished,8389336.0
1195.0,2,1.0,2,Mumbai,Outskirts,Independent House,48,0.0,yes,semi-furnished,13391875.0
1251.0,3,3.0,1,Delhi,Suburb,Apartment,19,1.0,yes,semi-furnished,16589942.0
1585.0,2,1.0,1,Lucknow,Suburb,Apartment,41,3.0,no,semi-furnished,6762600.0
1637.0,2,2.0,1,Kolkata,Premium Township,Independent House,58,1.0,yes,unfurnished,16301769.0
1422.0,3,2.0,2,Hyderabad,Outskirts,Apartment,51,1.0,no,unfurnished,5169647.0
376.0,1,1.0,1,Mumbai,Gated Community,Studio,27,0.0,yes,semi-furnished,9635478.0
2381.0,3,2.0,2,Kolkata,Near Metro,Villa,24,1.0,yes,semi-furnished,22821748.0
966.0,1,1.0,1,Delhi,Gated Community,Apartment,48,0.0,yes,furnished,14133138.0
1775.0,3,2.0,2,Bangalore,Waterfront,Independent House,1,1.0,yes,semi-furnished,35748272.0
1175.0,2,1.0,4,Hyderabad,Near Metro,Independent House,12,2.0,yes,semi-furnished,13150380.0
1237.0,1,1.0,2,Hyderabad,Outskirts,Independent House,37,1.0,yes,semi-furnished,3368118.0
1128.0,5,4.0,2,Chennai,City Centre,Independent House,21,1.0,yes,semi-furnished,17880071.0
3095.0,3,2.0,2,Delhi,Near Metro,Villa,38,1.0,yes,semi-furnished,58729543.0
1237.0,3,2.0,2,Ahmedabad,Premium Township,Villa,34,1.0,yes,semi-furnished,20299590.0
469.0,1,1.0,1,Chennai,City Centre,Studio,31,1.0,yes,unfurnished,6937573.0
1413.0,4,3.0,2,Indore,Suburb,Independent House,8,2.0,no,semi-furnished,9143448.0
912.0,3,3.0,1,Ahmedabad,Premium Township,Apartment,35,1.0,yes,semi-furnished,7233172.0
888.0,3,2.0,3,Hyderabad,City Centre,Row House,45,1.0,yes,semi-furnished,11646220.0
812.0,1,1.0,1,Kolkata,Outskirts,Apartment,57,1.0,yes,semi-furnished,2051570.0
2026.0,4,3.0,1,Hyderabad,Outskirts,Apartment,43,1.0,no,semi-furnished,9207279.0
930.0,2,1.0,1,Chandigarh,City Centre,Apartment,30,0.0,no,furnished,12067233.0
516.0,1,1.0,1,Kolkata,Premium Township,Studio,12,1.0,no,unfurnished,4809472.0
491.0,1,1.0,1,Jaipur,Premium Township,Studio,37,1.0,yes,unfurnished,4259782.0
886.0,2,2.0,4,Chandigarh,City Centre,Row House,20,1.0,yes,semi-furnished,11520840.0
2677.0,3,1.0,4,Hyderabad,Near Metro,Villa,50,1.0,yes,unfurnished,29219966.0
1137.0,2,1.0,2,Kolkata,Suburb,Independent House,46,0.0,yes,semi-furnished,7081106.0
645.0,1,1.0,1,Kolkata,Suburb,Studio,9,2.0,yes,unfurnished,4633563.0
538.0,1,1.0,1,Mumbai,Gated Community,Studio,18,0.0,yes,unfurnished,13069403.0
1110.0,3,2.0,2,Delhi,Premium Township,Apartment,21,0.0,yes,unfurnished,21044790.0
899.0,3,2.0,2,Bangalore,Gated Community,Independent House,50,0.0,yes,semi-furnished,10841857.0
1423.0,3,2.0,1,Hyderabad,Suburb,Independent House,19,0.0,yes,unfurnished,13596688.0
1237.0,2,1.0,1,Chennai,Gated Community,Apartment,49,0.0,yes,furnished,10483876.0
1500.0,2,1.0,1,Jaipur,Suburb,Apartment,12,0.0,no,unfurnished,7662225.0
1112.0,1,1.0,1,Chandigarh,Gated Community,Apartment,55,3.0,yes,semi-furnished,9447665.0
688.0,2,2.0,2,Ahmedabad,Near Metro,Independent House,28,1.0,no,semi-furnished,5655645.0
829.0,2,2.0,1,Kolkata,City Centre,Independent House,24,2.0,no,unfurnished,9271457.0
1196.0,1,1.0,1,Mumbai,Suburb,Apartment,52,0.0,yes,semi-furnished,20547080.0
543.0,1,1.0,1,Kochi,Gated Community,Studio,0,1.0,yes,semi-furnished,5587643.0
1149.0,3,3.0,2,Pune,Prime Suburb,Apartment,21,2.0,yes,furnished,15867441.0
931.0,2,1.0,1,Chennai,Waterfront,Apartment,29,0.0,yes,unfurnished,12474863.0
2252.0,3,3.0,3,Chennai,Gated Community,Villa,23,1.0,no,semi-furnished,27880319.0
1214.0,3,3.0,2,Ahmedabad,City Centre,Apartment,57,3.0,yes,semi-furnished,11241376.0
1404.0,3,1.0,1,Pune,Near Metro,Apartment,29,1.0,yes,unfurnished,13698647.0
2710.0,3,3.0,2,Bangalore,Gated Community,Villa,59,1.0,yes,unfurnished,43366852.0
1199.0,3,1.0,1,Mumbai,Prime Suburb,Apartment,1,1.0,yes,semi-furnished,29529844.0
1150.0,2,1.0,3,Jaipur,Premium Township,Independent House,49,1.0,no,furnished,10405591.0
1809.0,1,1.0,1,Delhi,Premium Township,Apartment,24,0.0,yes,unfurnished,29927689.0
491.0,1,1.0,1,Kolkata,Prime Suburb,Studio,14,3.0,no,unfurnished,4155251.0
960.0,3,1.0,2,Bangalore,Suburb,Independent House,11,1.0,no,semi-furnished,10539743.0
1637.0,3,3.0,1,Chandigarh,Prime Suburb,Apartment,5,0.0,yes,semi-furnished,16143564.0
1010.0,3,2.0,1,Kochi,Premium Township,Apartment,10,1.0,yes,semi-furnished,11330911.0
1931.0,2,2.0,1,Pune,Suburb,Apartment,11,1.0,no,semi-furnished,15088174.0
1803.0,4,3.0,1,Lucknow,Suburb,Apartment,44,1.0,no,unfurnished,9955950.0
1564.0,3,2.0,2,Mumbai,Suburb,Penthouse,3,0.0,yes,unfurnished,43573199.0
637.0,1,1.0,1,Ahmedabad,Waterfront,Apartment,36,2.0,yes,semi-furnished,6421886.0
1523.0,2,1.0,1,Ahmedabad,Suburb,Apartment,8,0.0,yes,furnished,11033772.0
1304.0,4,2.0,2,Lucknow,City Centre,Row House,27,2.0,yes,semi-furnished,12339157.0
1615.0,3,1.0,2,Chennai,Prime Suburb,Penthouse,2,2.0,no,furnished,23242020.0
1263.0,3,2.0,1,Lucknow,Outskirts,Apartment,55,0.0,yes,semi-furnished,3027083.0
2854.0,4,4.0,3,Kolkata,Suburb,Villa,11,1.0,yes,semi-furnished,23637865.0
3010.0,3,2.0,2,Mumbai,Waterfront,Villa,8,3.0,yes,furnished,108643350.0
1166.0,4,4.0,1,Chennai,City Centre,Apartment,25,2.0,yes,semi-furnished,16289034.0
494.0,1,1.0,1,Delhi,Near Metro,Studio,11,1.0,no,semi-furnished,8552537.0
427.0,1,1.0,1,Jaipur,Prime Suburb,Studio,1,0.0,no,unfurnished,3513554.0
1101.0,3,3.0,1,Delhi,Waterfront,Apartment,36,2.0,yes,unfurnished,20079763.0
4800.0,1,1.0,1,Chandigarh,Suburb,Studio,35,2.0,yes,semi-furnished,4807091.0
1227.0,2,1.0,2,Ahmedabad,Near Metro,Apartment,24,0.0,no,unfurnished,9668468.0
1547.0,4,3.0,3,Mumbai,Outskirts,Independent House,46,0.0,no,semi-furnished,21116773.0
3504.0,3,2.0,2,Pune,Gated Community,Villa,2,1.0,yes,semi-furnished,51009621.0
503.0,3,2.0,2,Pune,Suburb,Independent House,45,1.0,yes,semi-furnished,5640769.0
825.0,3,1.0,2,Kolkata,Gated Community,Apartment,1,1.0,yes,semi-furnished,7140161.0
1191.0,2,2.0,2,Ahmedabad,Prime Suburb,Apartment,12,1.0,no,semi-furnished,9989898.0
1147.0,3,1.0,2,Kolkata,Prime Suburb,Apartment,54,2.0,yes,unfurnished,8123446.0
1453.0,2,2.0,2,Bangalore,Premium Township,Apartment,14,1.0,yes,unfurnished,20024413.0
1261.0,3,3.0,1,Mumbai,Suburb,Apartment,47,1.0,yes,semi-furnished,26496116.0
1351.0,1,1.0,1,Mumbai,City Centre,Apartment,11,1.0,no,unfurnished,40188918.0
1078.0,3,3.0,1,Hyderabad,Outskirts,Independent House,16,0.0,yes,semi-furnished,6710476.0
1383.0,2,1.0,1,Chandigarh,Gated Community,Apartment,59,1.0,yes,unfurnished,11637787.0
1097.0,3,3.0,3,Ahmedabad,Prime Suburb,Row House,32,1.0,yes,semi-furnished,9565698.0
1240.0,1,1.0,2,Indore,Premium Township,Independent House,17,1.0,yes,unfurnished,9286917.0
2373.0,4,2.0,1,Ahmedabad,Suburb,Penthouse,17,1.0,yes,semi-furnished,20577179.0
1016.0,1,1.0,2,Delhi,Outskirts,Independent House,56,1.0,no,semi-furnished,5439616.0
672.0,2,2.0,2,Kolkata,Waterfront,Row House,44,1.0,no,semi-furnished,6480971.0
339.0,1,1.0,1,Delhi,Prime Suburb,Studio,55,1.0,yes,unfurnished,3995480.0
3426.0,3,2.0,1,Kochi,Outskirts,Penthouse,58,1.0,yes,furnished,17474602.0
1239.0,2,2.0,2,Chandigarh,Suburb,Row House,22,2.0,yes,unfurnished,9309976.0
1147.0,3,3.0,2,Mumbai,Suburb,Row House,38,0.0,no,semi-furnished,19147992.0
2124.0,3,2.0,1,Mumbai,Gated Community,Penthouse,36,0.0,yes,semi-furnished,77552631.0
1695.0,2,1.0,2,Mumbai,Prime Suburb,Row House,5,0.0,yes,unfurnished,43985286.0
2081.0,4,3.0,2,Pune,Near Metro,Row House,52,1.0,yes,semi-furnished,20357062.0
514.0,2,2.0,1,Kochi,City Centre,Apartment,30,2.0,yes,semi-furnished,6312048.0
1662.0,3,3.0,3,Pune,Premium Township,Row House,38,0.0,no,furnished,22975132.0
1361.0,3,3.0,1,Chennai,City Centre,Independent House,57,3.0,yes,furnished,18745329.0
1435.0,4,3.0,2,Delhi,Near Metro,Independent House,27,1.0,no,unfurnished,24397104.0
2154.0,3,2.0,1,Jaipur,Outskirts,Apartment,37,0.0,yes,unfurnished,7026938.0
801.0,1,1.0,1,Bangalore,Premium Township,Apartment,39,1.0,yes,unfurnished,9033298.0
965.0,1,1.0,1,Mumbai,Gated Community,Apartment,19,1.0,yes,semi-furnished,24916357.0
558.0,4,4.0,1,Lucknow,Prime Suburb,Apartment,0,1.0,yes,semi-furnished,5560763.0
761.0,1,1.0,1,Jaipur,Prime Suburb,Apartment,50,2.0,yes,unfurnished,4042620.0
765.0,2,2.0,1,Bangalore,Near Metro,Apartment,41,0.0,no,furnished,6601481.0
2413.0,3,2.0,1,Ahmedabad,Near Metro,Penthouse,57,0.0,yes,semi-furnished,25669016.0
342.0,1,1.0,1,Jaipur,Gated Community,Studio,31,3.0,yes,semi-furnished,2939950.0
1144.0,2,1.0,1,Bangalore,Gated Community,Apartment,44,1.0,no,unfurnished,10690727.0
1237.0,3,1.0,1,Chandigarh,Prime Suburb,Apartment,55,1.0,no,furnished,8538413.0
849.0,4,2.0,2,Pune,Suburb,Row House,41,1.0,no,semi-furnished,7863641.0
1263.0,1,1.0,2,Jaipur,Outskirts,Apartment,26,2.0,yes,unfurnished,3993164.0
471.0,2,1.0,1,Kolkata,Prime Suburb,Independent House,6,1.0,no,semi-furnished,4445665.0
1009.0,2,2.0,3,Delhi,Prime Suburb,Independent House,34,3.0,yes,unfurnished,15941049.0
2023.0,4,3.0,2,Kolkata,Gated Community,Villa,36,1.0,yes,semi-furnished,19668905.0
2336.0,3,3.0,2,Mumbai,Near Metro,Penthouse,16,1.0,yes,semi-furnished,72337347.0
1463.0,2,1.0,1,Delhi,Near Metro,Apartment,29,0.0,yes,furnished,21773371.0
1600.0,3,3.0,2,Lucknow,Near Metro,Villa,53,1.0,yes,unfurnished,12709108.0
578.0,1,1.0,1,Kolkata,Outskirts,Studio,23,2.0,yes,furnished,2759290.0
1073.0,2,2.0,2,Bangalore,Outskirts,Row House,20,1.0,yes,unfurnished,7500589.0
1088.0,5,4.0,2,Chennai,Outskirts,Apartment,34,3.0,yes,furnished,6342171.0
330.0,1,1.0,1,Indore,Suburb,Studio,60,0.0,no,unfurnished,1392099.0
1084.0,2,1.0,2,Mumbai,Premium Township,Apartment,28,1.0,yes,unfurnished,33019928.0
857.0,3,3.0,1,Hyderabad,Prime Suburb,Apartment,37,1.0,yes,unfurnished,7685156.0
1263.0,2,1.0,1,Mumbai,Outskirts,Independent House,49,1.0,yes,semi-furnished,12301674.0
1423.0,2,1.0,1,Pune,Outskirts,Apartment,1,1.0,yes,semi-furnished,8611159.0
728.0,3,1.0,1,Mumbai,City Centre,Apartment,23,2.0,yes,furnished,22757403.0
707.0,3,2.0,2,Indore,Premium Township,Apartment,32,1.0,yes,unfurnished,5418640.0
892.0,2,1.0,1,Kochi,City Centre,Apartment,59,1.0,yes,semi-furnished,10266481.0
394.0,1,1.0,1,Pune,Suburb,Studio,31,1.0,no,unfurnished,3159185.0
1458.0,4,4.0,2,Mumbai,Near Metro,Apartment,6,0.0,yes,furnished,38041420.0
2723.0,3,3.0,2,Pune,Prime Suburb,Penthouse,47,1.0,yes,furnished,41226030.0
1182.0,2,1.0,1,Jaipur,Gated Community,Apartment,59,3.0,no,unfurnished,6563075.0
1600.0,3,2.0,3,Hyderabad,Outskirts,Villa,45,1.0,yes,furnished,9333148.0
1206.0,3,3.0,2,Hyderabad,Near Metro,Row House,39,0.0,yes,semi-furnished,12023473.0
1067.0,2,1.0,1,Kolkata,Prime Suburb,Apartment,54,0.0,yes,semi-furnished,6782191.0
2053.0,3,3.0,1,Indore,Prime Suburb,Penthouse,42,2.0,yes,semi-furnished,16272530.0
1573.0,2,1.0,3,Delhi,Prime Suburb,Independent House,23,1.0,no,semi-furnished,24891160.0
1237.0,1,1.0,1,Pune,Prime Suburb,Studio,34,3.0,yes,unfurnished,6862021.0
1872.0,3,1.0,2,Chandigarh,Gated Community,Penthouse,29,0.0,yes,furnished,22741110.0
449.0,1,1.0,1,Delhi,Waterfront,Studio,15,1.0,yes,semi-furnished,9773412.0
1689.0,2,2.0,2,Delhi,Suburb,Apartment,27,2.0,no,semi-furnished,17375331.0
1183.0,3,3.0,2,Delhi,Outskirts,Independent House,5,1.0,yes,furnished,13251080.0
562.0,1,1.0,1,Kolkata,Near Metro,Studio,13,0.0,yes,semi-furnished,4556112.0
1890.0,4,2.0,4,Ahmedabad,Waterfront,Independent House,20,1.0,yes,furnished,21877087.0
2600.0,3,2.0,2,Chennai,Outskirts,Villa,22,1.0,no,unfurnished,12276554.0
1093.0,2,1.0,1,Kochi,Premium Township,Apartment,36,1.0,yes,semi-furnished,9506881.0
3554.0,3,2.0,2,Hyderabad,Suburb,Villa,40,1.0,no,unfurnished,38790948.0
2807.0,3,1.0,2,Hyderabad,Near Metro,Penthouse,36,1.0,yes,unfurnished,39162756.0
3732.0,4,4.0,3,Mumbai,Prime Suburb,Villa,20,1.0,yes,unfurnished,103542890.0
1338.0,2,2.0,1,Ahmedabad,Suburb,Independent House,43,1.0,yes,semi-furnished,7810898.0
718.0,2,2.0,2,Bangalore,City Centre,Independent House,37,0.0,yes,semi-furnished,16255483.0
2517.0,3,2.0,3,Indore,Premium Township,Villa,22,2.0,yes,unfurnished,25070837.0
483.0,2,1.0,1,Mumbai,Outskirts,Apartment,21,2.0,yes,unfurnished,6703329.0
2470.0,3,2.0,2,Kolkata,Near Metro,Penthouse,46,3.0,yes,unfurnished,23648442.0
1888.0,3,2.0,2,Ahmedabad,Outskirts,Apartment,40,3.0,yes,unfurnished,6688658.0
1768.0,2,1.0,2,Mumbai,Prime Suburb,Independent House,43,1.0,yes,semi-furnished,42716543.0
4800.0,4,3.0,2,Chandigarh,Suburb,Independent House,45,1.0,yes,unfurnished,3696691.0
1998.0,3,3.0,2,Ahmedabad,Premium Township,Villa,15,1.0,no,unfurnished,25628278.0
2453.0,3,3.0,2,Bangalore,Prime Suburb,Penthouse,7,1.0,yes,unfurnished,45937589.0
1061.0,3,3.0,2,Ahmedabad,Premium Township,Row House,56,0.0,no,unfurnished,8550607.0
1008.0,2,1.0,1,Kochi,Prime Suburb,Independent House,33,1.0,yes,unfurnished,10385520.0
1399.0,4,4.0,1,Delhi,Outskirts,Independent House,33,1.0,no,semi-furnished,13062874.0
1434.0,1,1.0,1,Kolkata,Outskirts,Apartment,35,1.0,no,semi-furnished,4657125.0
932.0,1,1.0,2,Hyderabad,Prime Suburb,Apartment,16,3.0,yes,furnished,9821098.0
574.0,2,1.0,2,Hyderabad,City Centre,Row House,59,2.0,yes,semi-furnished,7773985.0
350.0,3,3.0,1,Bangalore,Gated Community,Independent House,29,1.0,yes,semi-furnished,5776507.0
1342.0,3,2.0,1,Bangalore,Prime Suburb,Apartment,8,3.0,yes,semi-furnished,16329770.0
1268.0,5,4.0,1,Kochi,City Centre,Apartment,9,1.0,yes,semi-furnished,16976931.0
1880.0,3,2.0,2,Kolkata,Suburb,Row House,39,0.0,yes,semi-furnished,11270102.0
350.0,4,4.0,2,Jaipur,City Centre,Apartment,31,2.0,no,unfurnished,3921978.0
1984.0,3,2.0,1,Hyderabad,Outskirts,Apartment,7,1.0,yes,furnished,9932456.0
1600.0,3,2.0,3,Kochi,City Centre,Villa,24,1.0,no,unfurnished,24118508.0
1210.0,3,2.0,1,Chennai,Waterfront,Apartment,46,0.0,yes,unfurnished,12543851.0
760.0,2,2.0,1,Bangalore,Suburb,Apartment,25,1.0,yes,unfurnished,7294647.0
1515.0,5,4.0,1,Mumbai,Suburb,Apartment,51,1.0,no,semi-furnished,27467720.0
593.0,4,4.0,1,Chandigarh,Premium Township,Apartment,12,1.0,yes,furnished,7864984.0
1417.0,1,1.0,2,Mumbai,Suburb,Row House,16,0.0,no,furnished,29132229.0
2306.0,1,1.0,2,Delhi,Prime Suburb,Row House,35,1.0,no,furnished,33688866.0
3944.0,4,4.0,1,Jaipur,City Centre,Penthouse,37,1.0,yes,semi-furnished,53303899.0
414.0,1,1.0,2,Kolkata,Outskirts,Row House,21,1.0,no,furnished,1945734.0
1988.0,4,3.0,1,Ahmedabad,Near Metro,Penthouse,10,0.0,yes,unfurnished,19578264.0
446.0,5,4.0,1,Chennai,City Centre,Apartment,51,0.0,yes,unfurnished,5811721.0
1984.0,3,2.0,2,Jaipur,Suburb,Villa,19,1.0,no,furnished,13209003.0
997.0,3,3.0,1,Mumbai,Suburb,Apartment,53,2.0,yes,furnished,20578473.0
1385.0,2,1.0,2,Delhi,Suburb,Row House,42,1.0,no,semi-furnished,15276804.0
1649.0,3,2.0,1,Mumbai,Waterfront,Independent House,40,2.0,yes,semi-furnished,60642309.0
569.0,1,1.0,1,Mumbai,Suburb,Studio,47,1.0,yes,semi-furnished,10812560.0
2147.0,3,3.0,1,Bangalore,Outskirts,Penthouse,10,1.0,yes,unfurnished,16519725.0
701.0,3,3.0,1,Delhi,Near Metro,Apartment,24,0.0,yes,unfurnished,9731825.0
1773.0,3,2.0,1,Indore,Suburb,Apartment,32,1.0,no,unfurnished,8437430.0
435.0,1,1.0,1,Kolkata,Prime Suburb,Independent House,43,1.0,no,unfurnished,2696162.0
2040.0,3,2.0,1,Kochi,Prime Suburb,Penthouse,11,1.0,yes,semi-furnished,25724317.0
4800.0,3,3.0,1,Delhi,Prime Suburb,Apartment,16,1.0,no,unfurnished,19054953.0
988.0,1,1.0,2,Lucknow,Premium Township,Apartment,34,0.0,no,unfurnished,7334580.0
961.0,3,2.0,1,Lucknow,Outskirts,Apartment,21,2.0,yes,semi-furnished,3477012.0
303.0,1,1.0,1,Hyderabad,Suburb,Studio,59,3.0,yes,semi-furnished,2015782.0
1090.0,2,2.0,1,Chennai,Near Metro,Apartment,44,1.0,no,semi-furnished,7517186.0
1908.0,3,3.0,2,Chandigarh,Outskirts,Row House,42,2.0,yes,unfurnished,8036263.0
758.0,4,4.0,4,Delhi,City Centre,Row House,49,1.0,yes,semi-furnished,18130774.0
932.0,3,2.0,1,Pune,City Centre,Apartment,11,1.0,yes,semi-furnished,16562715.0
422.0,1,1.0,1,Ahmedabad,Waterfront,Studio,22,1.0,no,unfurnished,4050385.0
817.0,2,2.0,3,Ahmedabad,Outskirts,Independent House,21,1.0,yes,semi-furnished,3925792.0
793.0,3,2.0,3,Hyderabad,Suburb,Independent House,21,0.0,no,semi-furnished,8915378.0
2435.0,3,3.0,2,Chennai,Suburb,Penthouse,57,1.0,yes,semi-furnished,22303075.0
975.0,3,3.0,1,Kolkata,Gated Community,Apartment,59,2.0,yes,unfurnished,6474223.0
1676.0,4,3.0,2,Hyderabad,Suburb,Row House,29,2.0,no,semi-furnished,13474058.0
965.0,3,3.0,1,Hyderabad,Suburb,Apartment,51,0.0,yes,semi-furnished,7478197.0
696.0,3,3.0,2,Delhi,Suburb,Row House,56,1.0,yes,semi-furnished,9709122.0
566.0,1,1.0,1,Ahmedabad,Outskirts,Studio,54,2.0,yes,unfurnished,1573722.0
2662.0,3,3.0,2,Hyderabad,Near Metro,Villa,42,2.0,yes,semi-furnished,34629576.0
864.0,3,3.0,2,Pune,Suburb,Row House,42,3.0,yes,semi-furnished,7808339.0
303.0,1,1.0,1,Mumbai,Premium Township,Studio,43,3.0,yes,semi-furnished,9022115.0
3268.0,3,2.0,2,Chennai,City Centre,Villa,54,1.0,yes,unfurnished,53097286.0
1201.0,1,1.0,1,Hyderabad,Prime Suburb,Apartment,43,0.0,no,semi-furnished,11574493.0
713.0,5,4.0,1,Chandigarh,Prime Suburb,Apartment,6,1.0,yes,unfurnished,8226176.0
2945.0,3,3.0,2,Kochi,Outskirts,Villa,34,1.0,yes,unfurnished,13230855.0
2024.0,1,1.0,1,Jaipur,Outskirts,Apartment,59,1.0,yes,semi-furnished,4571964.0
1002.0,4,4.0,1,Chandigarh,Prime Suburb,Apartment,39,1.0,yes,unfurnished,8716085.0
1517.0,2,2.0,1,Chennai,Suburb,Apartment,13,1.0,yes,semi-furnished,12424901.0
1229.0,1,1.0,2,Lucknow,Prime Suburb,Independent House,24,0.0,yes,unfurnished,7897217.0
733.0,3,2.0,2,Hyderabad,Outskirts,Row House,28,0.0,no,semi-furnished,3257195.0
1820.0,3,1.0,2,Delhi,Near Metro,Villa,29,2.0,no,semi-furnished,28083791.0
581.0,1,1.0,1,Bangalore,Prime Suburb,Studio,1,1.0,no,furnished,8007891.0
615.0,1,1.0,1,Delhi,Prime Suburb,Studio,35,0.0,no,semi-furnished,8402925.0
703.0,3,3.0,2,Bangalore,Near Metro,Apartment,44,1.0,yes,furnished,7449717.0
1475.0,3,2.0,1,Hyderabad,City Centre,Apartment,23,1.0,yes,furnished,19319716.0
3975.0,3,1.0,2,Pune,Gated Community,Villa,42,1.0,yes,unfurnished,51111007.0
1277.0,3,2.0,1,Delhi,Suburb,Independent House,48,1.0,no,furnished,15842178.0
648.0,1,1.0,1,Chandigarh,Suburb,Studio,40,2.0,no,furnished,5862788.0
2318.0,3,3.0,1,Kolkata,City Centre,Penthouse,56,0.0,no,unfurnished,33754266.0
1580.0,3,2.0,2,Hyderabad,Prime Suburb,Independent House,52,2.0,yes,furnished,17419392.0
1242.0,3,3.0,1,Bangalore,Outskirts,Apartment,26,2.0,yes,unfurnished,7506461.0
1608.0,3,3.0,2,Chennai,Prime Suburb,Apartment,8,3.0,yes,unfurnished,16105588.0
350.0,5,4.0,1,Kolkata,Premium Township,Apartment,6,1.0,no,semi-furnished,4833649.0
946.0,3,3.0,1,Bangalore,Suburb,Apartment,5,2.0,yes,semi-furnished,9243227.0
2966.0,3,3.0,1,Bangalore,City Centre,Penthouse,38,1.0,yes,furnished,71789089.0
1400.0,3,3.0,2,Ahmedabad,Suburb,Row House,41,0.0,yes,furnished,9030906.0
2972.0,3,3.0,2,Mumbai,City Centre,Villa,9,1.0,yes,semi-furnished,108643350.0
765.0,5,4.0,2,Pune,Waterfront,Apartment,41,1.0,yes,unfurnished,12339195.0
793.0,2,2.0,3,Mumbai,Suburb,Independent House,56,3.0,yes,semi-furnished,16586977.0
1321.0,2,1.0,2,Hyderabad,Prime Suburb,Apartment,9,1.0,yes,semi-furnished,15349757.0
366.0,1,1.0,1,Pune,Suburb,Studio,22,0.0,yes,unfurnished,3469126.0
1260.0,4,3.0,1,Hyderabad,City Centre,Apartment,5,0.0,no,unfurnished,22111219.0
1910.0,2,2.0,1,Kolkata,Outskirts,Apartment,34,2.0,no,unfurnished,6979932.0
1094.0,1,1.0,1,Delhi,Gated Community,Apartment,19,1.0,no,unfurnished,12994642.0
3273.0,3,3.0,2,Delhi,Outskirts,Villa,10,3.0,yes,furnished,27121859.0
1766.0,3,3.0,1,Jaipur,Premium Township,Apartment,35,2.0,no,unfurnished,13609600.0
1213.0,4,3.0,2,Bangalore,Waterfront,Row House,38,2.0,yes,semi-furnished,18457850.0
1069.0,1,1.0,1,Ahmedabad,Waterfront,Apartment,21,1.0,yes,furnished,10535349.0
506.0,1,2.0,1,Chandigarh,Near Metro,Studio,22,2.0,yes,semi-furnished,4142233.0
1292.0,3,2.0,2,Indore,Suburb,Apartment,19,1.0,yes,furnished,7855971.0
911.0,2,1.0,2,Pune,Suburb,Row House,18,1.0,yes,semi-furnished,8839747.0
1133.0,3,3.0,4,Chandigarh,Premium Township,Independent House,12,2.0,yes,semi-furnished,15129540.0
969.0,2,1.0,2,Jaipur,Suburb,Independent House,41,0.0,yes,semi-furnished,5128627.0
2472.0,3,3.0,2,Ahmedabad,Gated Community,Villa,1,1.0,yes,semi-furnished,22183628.0
440.0,1,1.0,1,Delhi,City Centre,Studio,54,0.0,no,semi-furnished,7460335.0
1132.0,3,2.0,1,Mumbai,City Centre,Apartment,12,1.0,yes,semi-furnished,40081261.0
1013.0,1,1.0,2,Hyderabad,Near Metro,Independent House,47,3.0,no,furnished,10047763.0
516.0,4,4.0,2,Bangalore,Gated Community,Independent House,31,3.0,yes,unfurnished,9142590.0
2106.0,2,1.0,1,Lucknow,Premium Township,Apartment,0,1.0,yes,semi-furnished,13814371.0
1177.0,3,1.0,2,Pune,Waterfront,Apartment,1,1.0,no,unfurnished,16635253.0
1478.0,2,2.0,1,Lucknow,Suburb,Apartment,6,1.0,yes,unfurnished,7592766.0
2802.0,5,4.0,2,Kochi,Gated Community,Villa,32,1.0,yes,furnished,31175029.0
1011.0,3,3.0,1,Mumbai,Outskirts,Apartment,2,1.0,no,semi-furnished,14810536.0
1227.0,2,2.0,1,Bangalore,Suburb,Apartment,50,1.0,yes,unfurnished,10130147.0
1334.0,3,3.0,1,Lucknow,Outskirts,Apartment,40,3.0,yes,semi-furnished,4339440.0
2084.0,3,2.0,2,Bangalore,Suburb,Penthouse,14,0.0,no,furnished,28426474.0
3322.0,3,1.0,3,Chandigarh,Suburb,Villa,60,1.0,yes,unfurnished,25665237.0
700.0,1,1.0,2,Hyderabad,Prime Suburb,Row House,50,0.0,yes,unfurnished,6240227.0
437.0,1,1.0,1,Delhi,City Centre,Studio,8,0.0,no,unfurnished,11781661.0
2956.0,3,2.0,3,Ahmedabad,Near Metro,Villa,9,1.0,yes,semi-furnished,25199233.0
1962.0,3,2.0,2,Bangalore,Outskirts,Villa,10,1.0,yes,furnished,15042727.0
450.0,1,1.0,1,Pune,Premium Township,Studio,45,0.0,yes,furnished,6073499.0
2490.0,3,2.0,2,Ahmedabad,Waterfront,Penthouse,25,1.0,yes,unfurnished,33135746.0
498.0,3,1.0,2,Bangalore,Near Metro,Independent House,5,0.0,yes,furnished,7808178.0
1237.0,2,1.0,1,Delhi,Suburb,Independent House,15,1.0,yes,unfurnished,15385826.0
1309.0,4,3.0,3,Delhi,Gated Community,Independent House,11,0.0,yes,semi-furnished,24982245.0
631.0,1,1.0,1,Mumbai,Suburb,Studio,18,1.0,yes,unfurnished,11910332.0
2081.0,3,2.0,1,Mumbai,Premium Township,Penthouse,13,0.0,yes,semi-furnished,93760641.0
1438.0,2,2.0,1,Delhi,Suburb,Apartment,14,1.0,yes,unfurnished,18109725.0
1265.0,4,4.0,1,Hyderabad,Prime Suburb,Apartment,28,2.0,yes,semi-furnished,14791532.0
1142.0,2,1.0,1,Hyderabad,Waterfront,Apartment,22,1.0,yes,unfurnished,14482032.0
4800.0,1,1.0,1,Jaipur,Premium Township,Studio,45,1.0,yes,semi-furnished,3943081.0
1294.0,1,1.0,1,Pune,Suburb,Apartment,31,2.0,yes,semi-furnished,10172646.0
1325.0,3,2.0,1,Chandigarh,Near Metro,Apartment,14,3.0,yes,furnished,13690748.0
1364.0,1,1.0,1,Delhi,Gated Community,Apartment,17,1.0,no,semi-furnished,23298365.0
582.0,1,1.0,1,Indore,Near Metro,Studio,50,0.0,no,unfurnished,2515794.0
1538.0,3,2.0,2,Indore,Near Metro,Row House,6,1.0,yes,semi-furnished,8597972.0
1509.0,1,1.0,1,Delhi,Waterfront,Independent House,37,1.0,no,unfurnished,35201179.0
533.0,2,1.0,1,Mumbai,Gated Community,Apartment,25,1.0,yes,semi-furnished,12591905.0
1255.0,5,4.0,2,Kochi,Outskirts,Apartment,38,2.0,no,furnished,5632103.0
722.0,3,3.0,2,Kolkata,City Centre,Apartment,31,1.0,yes,unfurnished,7872883.0
857.0,2,2.0,1,Lucknow,Waterfront,Apartment,60,2.0,yes,semi-furnished,6904208.0
2958.0,5,4.0,2,Delhi,Suburb,Villa,8,1.0,yes,unfurnished,49537245.0
2652.0,3,2.0,2,Indore,Prime Suburb,Villa,38,1.0,yes,unfurnished,19606855.0
805.0,2,1.0,2,Mumbai,Prime Suburb,Independent House,6,0.0,yes,unfurnished,22217178.0
1244.0,4,4.0,1,Pune,Suburb,Independent House,48,2.0,yes,unfurnished,11814263.0
300.0,1,1.0,1,Lucknow,Suburb,Studio,30,1.0,no,unfurnished,1540383.0
1208.0,4,4.0,2,Hyderabad,City Centre,Independent House,56,1.0,yes,semi-furnished,17839529.0
1634.0,2,1.0,1,Mumbai,Prime Suburb,Apartment,31,0.0,yes,furnished,37346552.0
2850.0,3,2.0,2,Mumbai,City Centre,Villa,13,2.0,yes,semi-furnished,108643350.0
992.0,4,3.0,2,Chennai,Outskirts,Apartment,46,2.0,yes,semi-furnished,4961372.0
1570.0,5,4.0,1,Bangalore,Prime Suburb,Apartment,56,0.0,yes,semi-furnished,18852239.0
1237.0,5,4.0,3,Jaipur,Prime Suburb,Independent House,0,1.0,yes,semi-furnished,8429526.0
1510.0,3,2.0,1,Hyderabad,Outskirts,Apartment,11,1.0,yes,semi-furnished,6989582.0
1104.0,1,1.0,1,Ahmedabad,Near Metro,Apartment,39,0.0,yes,semi-furnished,6620060.0
961.0,3,2.0,2,Pune,Outskirts,Row House,46,1.0,yes,semi-furnished,5173372.0
681.0,1,1.0,1,Bangalore,Near Metro,Apartment,20,2.0,no,semi-furnished,7157068.0
1531.0,2,2.0,1,Chennai,Suburb,Apartment,12,0.0,no,semi-furnished,12402904.0
1226.0,3,2.0,2,Chennai,Waterfront,Row House,34,2.0,yes,semi-furnished,17775391.0
1333.0,2,2.0,3,Pune,Premium Township,Independent House,23,1.0,yes,semi-furnished,19877718.0
869.0,2,2.0,1,Bangalore,Outskirts,Independent House,3,0.0,yes,semi-furnished,6271972.0
2585.0,3,2.0,2,Pune,Outskirts,Villa,35,1.0,no,semi-furnished,16483234.0
1200.0,1,1.0,2,Jaipur,Waterfront,Row House,52,1.0,no,semi-furnished,10286578.0
953.0,1,1.0,1,Chandigarh,Outskirts,Apartment,53,1.0,no,unfurnished,2483202.0
2743.0,4,4.0,1,Indore,Gated Community,Penthouse,59,1.0,yes,unfurnished,26151181.0
595.0,1,1.0,2,Ahmedabad,Premium Township,Independent House,22,1.0,yes,unfurnished,5990774.0
2079.0,3,3.0,3,Ahmedabad,Prime Suburb,Villa,44,1.0,no,unfurnished,22335507.0
1059.0,3,2.0,1,Pune,Suburb,Apartment,29,3.0,no,semi-furnished,11151335.0
406.0,3,3.0,2,Mumbai,Prime Suburb,Independent House,25,1.0,yes,semi-furnished,10851097.0
543.0,3,1.0,1,Bangalore,Premium Township,Apartment,34,0.0,yes,semi-furnished,7996717.0
524.0,3,2.0,3,Delhi,Outskirts,Independent House,32,0.0,yes,furnished,5851444.0
1008.0,3,2.0,2,Delhi,Suburb,Apartment,33,1.0,yes,unfurnished,13374412.0
1214.0,1,1.0,2,Chandigarh,Prime Suburb,Row House,0,2.0,no,unfurnished,12697363.0
1641.0,2,2.0,1,Pune,Prime Suburb,Apartment,15,2.0,yes,semi-furnished,18902500.0
795.0,2,1.0,2,Mumbai,Outskirts,Apartment,28,1.0,no,unfurnished,7634296.0
1105.0,2,2.0,1,Hyderabad,Prime Suburb,Apartment,12,1.0,yes,unfurnished,11423437.0
1019.0,2,1.0,1,Mumbai,Premium Township,Apartment,59,2.0,yes,unfurnished,25275443.0
2848.0,4,3.0,3,Indore,Suburb,Villa,34,1.0,yes,semi-furnished,19265477.0
1929.0,4,2.0,4,Indore,Gated Community,Villa,25,1.0,yes,furnished,15639028.0
1072.0,3,2.0,1,Mumbai,Outskirts,Apartment,7,1.0,yes,semi-furnished,14696155.0
1156.0,3,2.0,1,Mumbai,Prime Suburb,Apartment,23,2.0,yes,semi-furnished,28506531.0
1005.0,2,1.0,2,Chennai,City Centre,Independent House,12,2.0,yes,furnished,17122118.0
1020.0,3,3.0,1,Hyderabad,Gated Community,Apartment,60,2.0,yes,semi-furnished,10085500.0
700.0,4,4.0,2,Bangalore,Prime Suburb,Row House,22,2.0,no,semi-furnished,10944512.0
1294.0,2,2.0,1,Chandigarh,Prime Suburb,Apartment,17,1.0,yes,semi-furnished,11400901.0
2626.0,3,2.0,2,Kolkata,Near Metro,Penthouse,5,1.0,no,furnished,26532692.0
1466.0,4,3.0,2,Hyderabad,Outskirts,Independent House,25,1.0,no,semi-furnished,8408359.0
1584.0,5,4.0,1,Delhi,Near Metro,Apartment,48,1.0,no,semi-furnished,19965130.0
1504.0,3,3.0,1,Bangalore,Prime Suburb,Apartment,22,2.0,no,furnished,17977990.0
1374.0,2,1.0,3,Mumbai,City Centre,Row House,15,1.0,no,semi-furnished,49206943.0
367.0,1,1.0,1,Pune,Premium Township,Studio,39,1.0,yes,furnished,5261156.0
1551.0,1,1.0,1,Kochi,Outskirts,Independent House,58,1.0,no,semi-furnished,4731190.0
588.0,1,1.0,1,Mumbai,Waterfront,Independent House,15,1.0,yes,semi-furnished,19087946.0
1094.0,4,2.0,2,Ahmedabad,City Centre,Independent House,42,2.0,yes,semi-furnished,13630045.0
662.0,1,1.0,2,Lucknow,Suburb,Independent House,50,0.0,yes,unfurnished,3447864.0
1153.0,3,3.0,2,Ahmedabad,Prime Suburb,Row House,3,0.0,yes,semi-furnished,9448243.0
1133.0,1,1.0,2,Chennai,Outskirts,Apartment,4,2.0,yes,semi-furnished,5626631.0
3128.0,4,3.0,2,Mumbai,Near Metro,Villa,56,1.0,yes,semi-furnished,80728825.0
2311.0,3,2.0,2,Delhi,Prime Suburb,Penthouse,44,0.0,yes,furnished,48568641.0
736.0,3,2.0,1,Kochi,Prime Suburb,Independent House,8,2.0,no,furnished,8089628.0
1280.0,2,2.0,2,Chennai,Near Metro,Apartment,9,0.0,yes,unfurnished,13562236.0
1150.0,3,2.0,1,Chennai,Outskirts,Apartment,40,1.0,no,semi-furnished,5035560.0
648.0,1,1.0,1,Bangalore,Outskirts,Studio,6,2.0,yes,unfurnished,4473134.0
464.0,2,1.0,2,Bangalore,Suburb,Apartment,31,3.0,yes,unfurnished,3976303.0
2890.0,3,3.0,2,Mumbai,Outskirts,Villa,11,1.0,yes,semi-furnished,46231372.0
1951.0,3,2.0,1,Mumbai,Prime Suburb,Apartment,17,1.0,yes,semi-furnished,48348106.0
1039.0,3,2.0,2,Delhi,Premium Township,Row House,41,1.0,yes,semi-furnished,20214662.0
2031.0,3,1.0,1,Mumbai,Prime Suburb,Penthouse,27,1.0,yes,unfurnished,64559478.0
1136.0,2,2.0,1,Chennai,Premium Township,Apartment,53,1.0,yes,semi-furnished,12311242.0
1555.0,2,2.0,2,Mumbai,Gated Community,Row House,25,2.0,yes,semi-furnished,45512662.0
822.0,3,3.0,2,Lucknow,Prime Suburb,Independent House,3,1.0,yes,furnished,7206520.0
1237.0,3,1.0,2,Delhi,Prime Suburb,Villa,23,1.0,no,unfurnished,31551381.0
1592.0,2,1.0,1,Jaipur,Suburb,Apartment,37,1.0,no,furnished,7851753.0
686.0,3,2.0,2,Pune,Gated Community,Apartment,6,1.0,no,furnished,9091164.0
1209.0,2,1.0,1,Kolkata,City Centre,Apartment,4,3.0,yes,semi-furnished,13821659.0
1283.0,1,1.0,2,Bangalore,Gated Community,Row House,16,2.0,yes,unfurnished,16897574.0
1432.0,3,3.0,2,Jaipur,Premium Township,Apartment,17,0.0,yes,furnished,10289309.0
648.0,3,2.0,2,Mumbai,Gated Community,Row House,46,1.0,yes,semi-furnished,16429448.0
1691.0,2,1.0,1,Chennai,Outskirts,Apartment,51,0.0,yes,semi-furnished,5839031.0
1146.0,2,2.0,1,Kochi,Gated Community,Apartment,0,3.0,yes,semi-furnished,9011087.0
1525.0,2,2.0,1,Hyderabad,Outskirts,Apartment,5,3.0,yes,semi-furnished,8397795.0
1237.0,3,2.0,1,Kolkata,Prime Suburb,Apartment,42,0.0,yes,furnished,3049187.0
598.0,2,2.0,1,Pune,Premium Township,Apartment,27,0.0,no,semi-furnished,7938191.0
1181.0,4,3.0,2,Jaipur,Waterfront,Apartment,10,1.0,yes,semi-furnished,10779734.0
2106.0,3,3.0,1,Hyderabad,Prime Suburb,Penthouse,45,1.0,no,semi-furnished,28312652.0
690.0,2,1.0,1,Mumbai,Near Metro,Apartment,2,1.0,no,semi-furnished,18076605.0
2862.0,3,2.0,3,Delhi,City Centre,Villa,9,1.0,yes,furnished,84479821.0
1236.0,2,1.0,1,Mumbai,City Centre,Apartment,11,1.0,yes,furnished,39848518.0
857.0,3,3.0,2,Kolkata,Premium Township,Independent House,42,0.0,yes,semi-furnished,8606177.0
1068.0,2,1.0,1,Jaipur,Prime Suburb,Apartment,48,1.0,yes,semi-furnished,7227943.0
1373.0,3,3.0,3,Mumbai,Suburb,Row House,0,1.0,yes,unfurnished,30662625.0
4800.0,3,3.0,2,Chandigarh,Prime Suburb,Villa,10,1.0,no,semi-furnished,28517137.0
637.0,2,1.0,1,Lucknow,City Centre,Apartment,29,1.0,yes,furnished,6086986.0
1237.0,3,2.0,1,Lucknow,Waterfront,Independent House,48,1.0,yes,semi-furnished,8626916.0
3280.0,3,2.0,2,Hyderabad,Premium Township,Penthouse,20,1.0,yes,unfurnished,58236583.0
476.0,2,1.0,2,Lucknow,Prime Suburb,Apartment,50,0.0,yes,unfurnished,3071233.0
1601.0,4,3.0,1,Chandigarh,Premium Township,Apartment,49,1.0,no,semi-furnished,18969975.0
492.0,1,1.0,1,Mumbai,City Centre,Studio,59,2.0,yes,unfurnished,13660581.0
350.0,3,3.0,2,Bangalore,Prime Suburb,Row House,35,1.0,yes,unfurnished,5037254.0
350.0,2,1.0,1,Delhi,Gated Community,Apartment,41,1.0,yes,unfurnished,4906895.0
1693.0,3,3.0,2,Mumbai,Prime Suburb,Independent House,14,1.0,yes,furnished,49219546.0
397.0,1,1.0,1,Pune,Waterfront,Studio,41,2.0,no,unfurnished,5409019.0
670.0,3,2.0,1,Hyderabad,Waterfront,Apartment,0,1.0,yes,furnished,11128701.0
2672.0,3,2.0,2,Chennai,City Centre,Villa,58,1.0,no,unfurnished,48127710.0
1098.0,3,2.0,2,Bangalore,Prime Suburb,Row House,32,1.0,yes,semi-furnished,13239002.0
938.0,4,2.0,1,Pune,Prime Suburb,Apartment,12,0.0,yes,furnished,11410360.0
1002.0,2,1.0,1,Kolkata,Outskirts,Apartment,56,1.0,no,semi-furnished,2649689.0
577.0,1,1.0,2,Mumbai,Suburb,Apartment,55,3.0,yes,unfurnished,10296845.0
1025.0,3,3.0,1,Delhi,Prime Suburb,Apartment,54,0.0,yes,semi-furnished,14370374.0
1237.0,3,3.0,3,Kochi,Waterfront,Independent House,0,2.0,yes,furnished,12164250.0
419.0,1,1.0,1,Kochi,Near Metro,Studio,41,0.0,yes,unfurnished,2806211.0
2973.0,3,3.0,2,Delhi,Prime Suburb,Penthouse,29,0.0,yes,semi-furnished,64223382.0
1729.0,4,2.0,2,Delhi,Prime Suburb,Row House,14,1.0,yes,semi-furnished,26182956.0
1054.0,3,2.0,1,Delhi,Suburb,Apartment,7,1.0,yes,unfurnished,15893825.0
3478.0,3,1.0,2,Bangalore,Near Metro,Villa,20,1.0,yes,semi-furnished,47493488.0
350.0,2,1.0,1,Pune,Gated Community,Independent House,58,2.0,no,unfurnished,3534618.0
999.0,4,4.0,1,Mumbai,Prime Suburb,Apartment,55,0.0,yes,unfurnished,23568825.0
413.0,1,2.0,1,Chennai,Near Metro,Studio,17,1.0,yes,semi-furnished,4385186.0
2895.0,3,2.0,2,Indore,Prime Suburb,Villa,52,1.0,no,unfurnished,23702790.0
366.0,3,2.0,1,Bangalore,City Centre,Apartment,19,0.0,yes,furnished,7101404.0
1887.0,3,3.0,1,Pune,Premium Township,Apartment,52,2.0,no,semi-furnished,22634459.0
1746.0,3,1.0,2,Kolkata,Gated Community,Independent House,42,2.0,yes,unfurnished,14570272.0
1778.0,4,2.0,1,Bangalore,City Centre,Apartment,45,1.0,no,unfurnished,23350708.0
1007.0,4,4.0,4,Jaipur,City Centre,Row House,9,0.0,no,semi-furnished,11124336.0
1210.0,2,1.0,2,Hyderabad,Suburb,Independent House,5,1.0,yes,furnished,12234788.0
813.0,4,3.0,1,Pune,Near Metro,Independent House,6,1.0,yes,furnished,12285021.0
710.0,4,3.0,2,Kolkata,Near Metro,Apartment,34,2.0,yes,furnished,5954275.0
1090.0,3,3.0,2,Chandigarh,Suburb,Independent House,36,2.0,yes,semi-furnished,8776192.0
1798.0,3,2.0,1,Bangalore,Near Metro,Apartment,9,2.0,no,furnished,22981727.0
1449.0,4,3.0,2,Jaipur,Outskirts,Row House,15,1.0,no,semi-furnished,6709927.0
1571.0,3,2.0,1,Mumbai,Gated Community,Apartment,7,1.0,yes,unfurnished,46132432.0
1500.0,3,3.0,2,Kochi,City Centre,Penthouse,44,2.0,yes,semi-furnished,25814605.0
1081.0,3,2.0,1,Mumbai,Prime Suburb,Apartment,52,2.0,no,semi-furnished,22792701.0
620.0,2,2.0,2,Delhi,Suburb,Row House,13,2.0,yes,unfurnished,8196558.0
1240.0,4,2.0,1,Chennai,Prime Suburb,Apartment,32,1.0,yes,semi-furnished,11927783.0
2736.0,4,2.0,2,Indore,Suburb,Penthouse,34,1.0,yes,unfurnished,18642836.0
1531.0,2,2.0,2,Jaipur,Suburb,Apartment,41,1.0,yes,unfurnished,8547833.0
838.0,2,1.0,1,Chennai,Outskirts,Apartment,37,1.0,yes,furnished,3948588.0
2469.0,3,3.0,1,Hyderabad,Suburb,Penthouse,33,2.0,yes,unfurnished,30464227.0
689.0,2,1.0,2,Hyderabad,Prime Suburb,Row House,30,1.0,yes,unfurnished,7442956.0
1246.0,4,3.0,1,Mumbai,Outskirts,Apartment,47,1.0,no,unfurnished,13619162.0
1435.0,1,1.0,2,Hyderabad,Outskirts,Independent House,15,0.0,yes,semi-furnished,7799845.0
911.0,3,3.0,2,Indore,Near Metro,Independent House,0,2.0,yes,furnished,6721025.0
2325.0,3,3.0,1,Lucknow,Waterfront,Penthouse,42,0.0,yes,unfurnished,28275120.0
902.0,3,2.0,1,Ahmedabad,City Centre,Apartment,37,1.0,yes,semi-furnished,9775665.0
3442.0,5,4.0,2,Lucknow,City Centre,Penthouse,59,3.0,no,semi-furnished,52688441.0
495.0,2,2.0,2,Mumbai,Premium Township,Independent House,55,0.0,yes,semi-furnished,16224970.0
360.0,1,1.0,1,Chennai,Gated Community,Studio,5,0.0,yes,semi-furnished,4123499.0
813.0,3,3.0,2,Ahmedabad,Near Metro,Apartment,55,2.0,yes,furnished,5609325.0
2685.0,3,3.0,2,Kochi,Suburb,Villa,39,1.0,no,unfurnished,78752917.0
1237.0,1,2.0,4,Kochi,Suburb,Independent House,43,2.0,yes,semi-furnished,4857946.0
525.0,1,1.0,1,Indore,Suburb,Studio,22,1.0,yes,semi-furnished,3012854.0
315.0,1,1.0,1,Pune,Near Metro,Studio,45,0.0,no,furnished,2630266.0
1012.0,4,4.0,1,Jaipur,Near Metro,Apartment,57,3.0,no,semi-furnished,6061118.0
1959.0,4,3.0,2,Delhi,Near Metro,Apartment,33,2.0,yes,semi-furnished,24804191.0
1917.0,3,3.0,2,Pune,Gated Community,Independent House,33,1.0,yes,furnished,20193943.0
1247.0,2,1.0,1,Pune,Premium Township,Apartment,38,0.0,yes,semi-furnished,16893972.0
1326.0,4,4.0,1,Kochi,Premium Township,Apartment,33,0.0,yes,semi-furnished,12862919.0
1392.0,2,1.0,1,Hyderabad,Premium Township,Apartment,46,1.0,yes,unfurnished,14150710.0
908.0,2,1.0,2,Chennai,Waterfront,Apartment,47,2.0,yes,semi-furnished,9915229.0
1004.0,2,1.0,1,Mumbai,Prime Suburb,Independent House,43,2.0,no,unfurnished,28889007.0
1419.0,4,3.0,1,Ahmedabad,Suburb,Apartment,42,3.0,no,furnished,9083322.0
1728.0,3,3.0,2,Jaipur,Suburb,Independent House,46,2.0,yes,furnished,9762717.0
1237.0,3,3.0,1,Jaipur,Premium Township,Apartment,51,1.0,yes,unfurnished,8218619.0
548.0,1,1.0,1,Kolkata,Outskirts,Studio,60,1.0,yes,unfurnished,1392099.0
1354.0,3,3.0,1,Bangalore,Suburb,Apartment,56,2.0,yes,semi-furnished,10689446.0
918.0,1,1.0,2,Delhi,Suburb,Row House,58,1.0,no,unfurnished,8838250.0
974.0,4,4.0,2,Chandigarh,Near Metro,Independent House,2,1.0,no,unfurnished,9394414.0
1301.0,3,3.0,1,Mumbai,Prime Suburb,Independent House,14,1.0,yes,furnished,31586924.0
1619.0,2,2.0,1,Indore,Suburb,Apartment,17,1.0,yes,semi-furnished,8701895.0
797.0,2,2.0,1,Hyderabad,Prime Suburb,Independent House,50,2.0,no,furnished,8461597.0
2408.0,3,2.0,2,Chennai,Suburb,Villa,53,3.0,no,semi-furnished,24901104.0
407.0,1,1.0,1,Bangalore,Prime Suburb,Studio,31,3.0,no,semi-furnished,4807175.0
505.0,1,1.0,1,Chennai,Outskirts,Studio,30,3.0,no,semi-furnished,2379440.0
571.0,2,2.0,2,Indore,Prime Suburb,Row House,29,1.0,yes,semi-furnished,3993580.0
350.0,1,1.0,1,Bangalore,Suburb,Apartment,29,3.0,no,unfurnished,3238284.0
765.0,3,2.0,2,Chandigarh,Suburb,Independent House,42,1.0,yes,semi-furnished,6665827.0
1006.0,3,3.0,1,Ahmedabad,Prime Suburb,Apartment,2,3.0,no,furnished,9196778.0
1252.0,2,2.0,1,Kochi,Suburb,Apartment,33,2.0,no,semi-furnished,7746238.0
563.0,2,2.0,1,Kolkata,Suburb,Independent House,0,1.0,yes,semi-furnished,4847298.0
1686.0,2,2.0,1,Bangalore,Near Metro,Apartment,5,1.0,yes,semi-furnished,19613066.0
739.0,2,1.0,1,Kolkata,City Centre,Apartment,47,1.0,yes,furnished,6953735.0
931.0,2,2.0,1,Kochi,Gated Community,Apartment,58,2.0,yes,semi-furnished,7475136.0
2845.0,3,2.0,2,Bangalore,Premium Township,Villa,52,1.0,yes,unfurnished,52925076.0
1143.0,2,2.0,2,Pune,Outskirts,Apartment,0,1.0,no,furnished,7050257.0
1237.0,2,2.0,2,Mumbai,Near Metro,Row House,28,0.0,no,semi-furnished,35670060.0
2035.0,3,2.0,1,Jaipur,Prime Suburb,Apartment,15,0.0,no,semi-furnished,12709186.0
817.0,1,1.0,2,Hyderabad,Outskirts,Row House,43,0.0,yes,unfurnished,3187115.0
632.0,1,1.0,1,Delhi,Gated Community,Apartment,38,0.0,yes,unfurnished,8469707.0
1839.0,3,2.0,2,Delhi,Gated Community,Row House,16,2.0,yes,semi-furnished,31207936.0
350.0,3,2.0,1,Indore,Near Metro,Apartment,51,1.0,no,semi-furnished,2148283.0
2861.0,3,2.0,2,Chandigarh,Suburb,Villa,41,1.0,yes,semi-furnished,27880202.0
977.0,3,3.0,1,Kolkata,City Centre,Apartment,27,1.0,yes,semi-furnished,11211933.0
3868.0,3,2.0,3,Delhi,Outskirts,Villa,34,1.0,yes,unfurnished,33148010.0
373.0,1,1.0,1,Mumbai,Prime Suburb,Studio,0,0.0,no,unfurnished,11271174.0
350.0,2,1.0,1,Mumbai,Gated Community,Apartment,5,1.0,yes,unfurnished,10752172.0
3004.0,3,2.0,2,Pune,Outskirts,Villa,23,1.0,no,semi-furnished,19064709.0
2485.0,3,3.0,2,Lucknow,Premium Township,Penthouse,49,0.0,yes,furnished,27642593.0
2625.0,3,3.0,2,Jaipur,Suburb,Villa,46,1.0,no,unfurnished,19823130.0
925.0,2,1.0,1,Pune,Near Metro,Apartment,11,1.0,yes,semi-furnished,10310483.0
1626.0,3,2.0,3,Ahmedabad,Waterfront,Independent House,47,1.0,no,semi-furnished,16628831.0
2917.0,3,3.0,2,Lucknow,Prime Suburb,Villa,40,1.0,no,semi-furnished,25396580.0
957.0,1,1.0,1,Chennai,Suburb,Apartment,50,1.0,no,semi-furnished,6524698.0
633.0,1,1.0,1,Hyderabad,Suburb,Independent House,33,1.0,yes,semi-furnished,5291114.0
1490.0,1,1.0,1,Bangalore,Premium Township,Apartment,42,2.0,yes,semi-furnished,20855935.0
1126.0,4,3.0,2,Hyderabad,Premium Township,Row House,18,0.0,yes,unfurnished,13849863.0
849.0,2,2.0,1,Mumbai,Waterfront,Apartment,52,3.0,yes,unfurnished,21644575.0
350.0,2,2.0,1,Kochi,Near Metro,Apartment,60,2.0,yes,semi-furnished,2114304.0
1323.0,3,3.0,1,Indore,Outskirts,Apartment,2,1.0,yes,semi-furnished,5034157.0
427.0,1,1.0,1,Lucknow,Near Metro,Studio,0,1.0,no,semi-furnished,3587393.0
471.0,1,1.0,2,Hyderabad,Suburb,Independent House,19,3.0,yes,semi-furnished,5370370.0
1486.0,3,3.0,2,Kolkata,Gated Community,Apartment,35,1.0,no,furnished,10985149.0
722.0,3,3.0,1,Hyderabad,City Centre,Apartment,43,0.0,yes,furnished,9830752.0
2544.0,3,1.0,2,Mumbai,Near Metro,Villa,30,1.0,yes,semi-furnished,78400129.0
896.0,5,4.0,1,Delhi,Premium Township,Apartment,56,1.0,yes,unfurnished,17047879.0
1501.0,2,1.0,1,Pune,Prime Suburb,Apartment,60,2.0,no,semi-furnished,15440826.0
3826.0,3,2.0,2,Chennai,Gated Community,Villa,9,1.0,no,semi-furnished,43693189.0
3490.0,3,2.0,2,Hyderabad,Premium Township,Villa,26,1.0,yes,unfurnished,58605692.0
1273.0,1,1.0,1,Pune,Suburb,Apartment,41,0.0,yes,unfurnished,9086787.0
1060.0,2,2.0,2,Bangalore,Prime Suburb,Row House,6,1.0,yes,semi-furnished,13418675.0
898.0,3,3.0,3,Chennai,City Centre,Row House,24,1.0,yes,semi-furnished,12602710.0
1041.0,2,1.0,1,Kolkata,Near Metro,Apartment,39,1.0,yes,semi-furnished,6207586.0
1158.0,5,4.0,1,Pune,Waterfront,Apartment,46,1.0,no,semi-furnished,17041965.0
2947.0,3,1.0,3,Kolkata,Outskirts,Villa,30,1.0,yes,semi-furnished,12398144.0
475.0,1,1.0,1,Kolkata,Suburb,Studio,17,1.0,yes,semi-furnished,3683903.0
868.0,1,1.0,2,Ahmedabad,City Centre,Independent House,5,1.0,no,semi-furnished,12228560.0
1737.0,3,2.0,1,Chennai,Near Metro,Apartment,50,0.0,yes,unfurnished,16959184.0
1970.0,3,2.0,2,Lucknow,Suburb,Villa,0,1.0,no,unfurnished,15502341.0
322.0,1,1.0,1,Indore,Gated Community,Studio,52,2.0,yes,unfurnished,2260912.0
2059.0,2,1.0,1,Mumbai,Outskirts,Apartment,37,1.0,no,semi-furnished,19778142.0
691.0,2,2.0,1,Pune,Outskirts,Apartment,47,2.0,no,semi-furnished,3441266.0
1553.0,4,3.0,2,Jaipur,Prime Suburb,Independent House,23,2.0,no,furnished,11387756.0
1701.0,3,3.0,1,Mumbai,Near Metro,Independent House,6,0.0,yes,furnished,37079392.0
1756.0,2,1.0,1,Pune,Suburb,Independent House,14,1.0,yes,unfurnished,16502163.0
3379.0,3,2.0,1,Hyderabad,Suburb,Penthouse,30,2.0,yes,semi-furnished,43690349.0
1755.0,1,1.0,2,Chandigarh,City Centre,Apartment,33,0.0,yes,semi-furnished,20503234.0
1723.0,3,3.0,1,Hyderabad,Prime Suburb,Apartment,60,1.0,yes,semi-furnished,16095311.0
1910.0,2,2.0,2,Pune,Gated Community,Independent House,18,1.0,yes,furnished,24791853.0
1311.0,2,1.0,1,Kolkata,Prime Suburb,Apartment,36,3.0,no,furnished,9170316.0
531.0,1,1.0,1,Pune,Prime Suburb,Studio,11,0.0,yes,semi-furnished,6641307.0
872.0,3,3.0,2,Mumbai,Outskirts,Apartment,30,1.0,yes,semi-furnished,11679786.0
350.0,3,2.0,2,Pune,Prime Suburb,Independent House,53,1.0,no,semi-furnished,3838495.0
1093.0,1,1.0,2,Delhi,Outskirts,Independent House,8,0.0,yes,unfurnished,9049895.0
1661.0,5,4.0,1,Kochi,Suburb,Apartment,32,0.0,yes,unfurnished,11689657.0
1554.0,2,2.0,1,Jaipur,Waterfront,Apartment,37,2.0,yes,unfurnished,13655184.0
1306.0,3,2.0,1,Mumbai,Suburb,Apartment,48,0.0,yes,semi-furnished,25159033.0
1906.0,3,3.0,1,Kolkata,Prime Suburb,Apartment,23,1.0,yes,semi-furnished,14059508.0
1388.0,3,3.0,3,Mumbai,City Centre,Independent House,14,1.0,yes,furnished,58087846.0
570.0,1,1.0,1,Hyderabad,Outskirts,Studio,35,0.0,no,unfurnished,2281859.0
1171.0,2,1.0,1,Chennai,Gated Community,Apartment,37,1.0,yes,unfurnished,11413028.0
1068.0,3,1.0,3,Delhi,City Centre,Row House,32,0.0,yes,semi-furnished,24596040.0
1365.0,2,2.0,4,Indore,Suburb,Independent House,27,1.0,yes,unfurnished,6833313.0
996.0,2,1.0,1,Bangalore,City Centre,Apartment,45,1.0,yes,unfurnished,16940522.0
3019.0,4,3.0,1,Mumbai,Gated Community,Penthouse,43,2.0,yes,unfurnished,108643350.0
597.0,1,1.0,1,Delhi,Near Metro,Studio,41,1.0,no,semi-furnished,7024327.0
3217.0,3,2.0,2,Bangalore,Near Metro,Penthouse,57,1.0,yes,furnished,43015474.0
1283.0,2,2.0,1,Pune,Outskirts,Apartment,1,1.0,yes,unfurnished,7392526.0
1055.0,2,2.0,1,Mumbai,Outskirts,Apartment,47,1.0,yes,unfurnished,10350780.0
2236.0,4,4.0,3,Pune,Suburb,Villa,55,3.0,no,semi-furnished,27489889.0
1213.0,3,2.0,1,Kochi,Waterfront,Apartment,43,1.0,yes,semi-furnished,11730709.0
1453.0,2,2.0,2,Lucknow,Prime Suburb,Independent House,45,0.0,yes,semi-furnished,11300631.0
1302.0,1,1.0,1,Kolkata,Suburb,Apartment,13,0.0,no,semi-furnished,8328799.0
1018.0,2,2.0,1,Bangalore,Suburb,Apartment,43,1.0,yes,furnished,8863156.0
1139.0,2,1.0,4,Bangalore,Outskirts,Independent House,54,1.0,yes,semi-furnished,5899086.0
1151.0,3,2.0,2,Chandigarh,Prime Suburb,Independent House,24,3.0,yes,semi-furnished,10292281.0
1500.0,3,3.0,1,Bangalore,City Centre,Penthouse,53,1.0,no,semi-furnished,31243769.0
657.0,4,4.0,1,Kochi,Waterfront,Apartment,4,2.0,no,semi-furnished,8255276.0
1334.0,3,3.0,2,Ahmedabad,Gated Community,Independent House,32,1.0,yes,furnished,9993180.0
2903.0,3,3.0,1,Mumbai,City Centre,Penthouse,13,1.0,yes,unfurnished,108643350.0
1393.0,3,3.0,1,Pune,Suburb,Apartment,12,0.0,no,unfurnished,13151133.0
343.0,1,1.0,1,Bangalore,Premium Township,Studio,19,1.0,yes,semi-furnished,5214002.0
1078.0,2,1.0,2,Ahmedabad,Suburb,Row House,16,0.0,yes,semi-furnished,8009881.0
1565.0,2,1.0,3,Indore,Gated Community,Row House,41,1.0,no,unfurnished,9550326.0
1673.0,4,2.0,2,Jaipur,Suburb,Row House,39,1.0,yes,semi-furnished,10717677.0
310.0,1,1.0,1,Mumbai,Near Metro,Studio,5,1.0,yes,semi-furnished,8806218.0
1016.0,2,1.0,2,Indore,Premium Township,Independent House,54,1.0,no,furnished,7069073.0
1534.0,3,3.0,2,Kolkata,Premium Township,Independent House,15,0.0,yes,unfurnished,16738527.0
2380.0,5,4.0,2,Bangalore,Waterfront,Penthouse,48,0.0,yes,semi-furnished,55747769.0
1086.0,1,1.0,1,Delhi,Suburb,Independent House,49,1.0,no,semi-furnished,14187618.0
2645.0,4,4.0,1,Jaipur,Premium Township,Penthouse,39,2.0,yes,unfurnished,34661579.0
1459.0,3,3.0,2,Kochi,Near Metro,Independent House,29,1.0,yes,semi-furnished,11796126.0
1336.0,2,1.0,1,Chennai,Waterfront,Apartment,13,2.0,yes,unfurnished,17456898.0
1061.0,2,2.0,4,Pune,City Centre,Row House,49,1.0,yes,semi-furnished,16899276.0
1189.0,3,3.0,3,Chennai,Near Metro,Independent House,50,1.0,yes,semi-furnished,10986775.0
1773.0,2,1.0,1,Mumbai,Premium Township,Apartment,41,0.0,yes,furnished,48323723.0
440.0,1,1.0,1,Delhi,Premium Township,Studio,33,0.0,no,unfurnished,6966627.0
719.0,3,2.0,2,Ahmedabad,Premium Township,Row House,46,2.0,no,semi-furnished,6089932.0
1454.0,2,2.0,2,Delhi,Suburb,Row House,32,0.0,no,furnished,18922031.0
1082.0,2,1.0,2,Indore,Prime Suburb,Independent House,32,2.0,no,semi-furnished,7692798.0
1267.0,2,2.0,3,Bangalore,Near Metro,Independent House,15,0.0,no,semi-furnished,13837008.0
989.0,4,4.0,1,Lucknow,Waterfront,Apartment,46,1.0,no,unfurnished,8557433.0
1080.0,2,1.0,2,Indore,Waterfront,Apartment,27,0.0,yes,unfurnished,7603772.0
782.0,1,2.0,2,Jaipur,Prime Suburb,Independent House,43,0.0,yes,semi-furnished,5543255.0
2661.0,3,3.0,1,Delhi,Suburb,Penthouse,4,1.0,no,furnished,40663598.0
1108.0,3,2.0,2,Delhi,Gated Community,Apartment,14,0.0,yes,furnished,16726540.0
818.0,4,3.0,1,Pune,Suburb,Apartment,13,2.0,no,semi-furnished,8786609.0
3291.0,3,1.0,2,Chennai,Suburb,Villa,60,2.0,yes,semi-furnished,32996355.0
1065.0,4,3.0,4,Delhi,Suburb,Independent House,54,1.0,no,unfurnished,15918050.0
916.0,3,2.0,1,Ahmedabad,Prime Suburb,Apartment,31,0.0,no,unfurnished,7150860.0
1874.0,2,1.0,4,Lucknow,Outskirts,Row House,50,0.0,yes,unfurnished,4590316.0
482.0,2,1.0,2,Chennai,City Centre,Independent House,13,1.0,yes,furnished,8620824.0
1711.0,2,2.0,2,Delhi,Suburb,Row House,10,1.0,no,semi-furnished,19067479.0
705.0,4,3.0,2,Lucknow,Outskirts,Independent House,20,0.0,yes,semi-furnished,3227290.0
844.0,4,4.0,4,Chennai,Suburb,Independent House,50,1.0,yes,unfurnished,7112810.0
576.0,1,1.0,1,Delhi,Suburb,Studio,22,3.0,yes,unfurnished,7466191.0
1609.0,2,1.0,1,Indore,City Centre,Apartment,19,0.0,yes,furnished,13723510.0
1326.0,3,3.0,3,Hyderabad,Gated Community,Independent House,52,0.0,yes,unfurnished,12883386.0
1702.0,2,1.0,1,Delhi,Near Metro,Apartment,35,0.0,yes,semi-furnished,21011890.0
1243.0,4,4.0,1,Lucknow,Prime Suburb,Apartment,39,1.0,yes,unfurnished,7085139.0
1009.0,2,2.0,2,Chandigarh,Waterfront,Apartment,34,1.0,yes,semi-furnished,10631288.0
427.0,1,1.0,1,Mumbai,Near Metro,Studio,58,1.0,yes,unfurnished,6821661.0
350.0,3,2.0,4,Jaipur,Near Metro,Independent House,27,0.0,yes,semi-furnished,3040730.0
1253.0,5,4.0,2,Chennai,Gated Community,Row House,36,1.0,no,furnished,16810862.0
1213.0,3,1.0,1,Hyderabad,Waterfront,Independent House,6,1.0,yes,unfurnished,17734761.0
2275.0,3,1.0,1,Chennai,Prime Suburb,Apartment,13,1.0,no,furnished,23315649.0
1669.0,2,1.0,3,Delhi,Suburb,Row House,54,1.0,yes,furnished,20767047.0
316.0,1,1.0,1,Pune,Near Metro,Studio,25,0.0,yes,semi-furnished,3566211.0
747.0,2,2.0,1,Kolkata,Gated Community,Apartment,27,1.0,no,unfurnished,5694534.0
2551.0,5,4.0,2,Pune,Waterfront,Villa,2,2.0,yes,semi-furnished,108643350.0
2346.0,3,2.0,4,Delhi,Outskirts,Villa,59,1.0,yes,furnished,24013242.0
3126.0,3,2.0,1,Mumbai,Premium Township,Penthouse,28,1.0,yes,semi-furnished,108643350.0
421.0,1,1.0,1,Kolkata,City Centre,Studio,28,2.0,yes,semi-furnished,4818881.0
641.0,1,1.0,1,Jaipur,Suburb,Studio,24,0.0,yes,furnished,4103619.0
809.0,5,4.0,3,Hyderabad,Outskirts,Independent House,35,1.0,no,semi-furnished,4929732.0
1692.0,4,2.0,2,Kochi,Prime Suburb,Independent House,39,1.0,no,furnished,17153299.0
3112.0,3,2.0,2,Bangalore,Waterfront,Villa,10,2.0,no,semi-furnished,108643350.0
846.0,3,3.0,3,Delhi,City Centre,Independent House,15,1.0,yes,unfurnished,20586204.0
1680.0,3,3.0,3,Jaipur,Outskirts,Villa,12,1.0,yes,semi-furnished,8394311.0
462.0,1,1.0,1,Indore,Suburb,Studio,12,0.0,no,semi-furnished,2794971.0
1814.0,3,1.0,2,Ahmedabad,Premium Township,Villa,34,1.0,yes,unfurnished,21227318.0
1468.0,2,1.0,1,Delhi,Prime Suburb,Apartment,33,0.0,no,unfurnished,18628839.0
486.0,1,1.0,1,Mumbai,Suburb,Studio,19,1.0,yes,semi-furnished,10686051.0
535.0,2,1.0,3,Bangalore,Suburb,Row House,34,0.0,yes,semi-furnished,5854488.0
384.0,1,1.0,1,Bangalore,City Centre,Studio,56,2.0,yes,semi-furnished,6604863.0
2040.0,3,2.0,2,Hyderabad,Gated Community,Villa,32,1.0,no,semi-furnished,28238323.0
329.0,1,1.0,1,Hyderabad,Near Metro,Studio,31,0.0,yes,semi-furnished,3582486.0
1443.0,2,2.0,2,Hyderabad,Prime Suburb,Independent House,41,1.0,yes,semi-furnished,14854442.0
1350.0,4,3.0,1,Kolkata,City Centre,Apartment,51,1.0,yes,unfurnished,14649071.0
1417.0,3,3.0,1,Hyderabad,Suburb,Apartment,14,2.0,yes,semi-furnished,12337004.0
1368.0,4,4.0,1,Lucknow,Prime Suburb,Apartment,46,1.0,yes,furnished,10374396.0
1416.0,3,3.0,2,Jaipur,Prime Suburb,Independent House,54,1.0,yes,semi-furnished,11540139.0
937.0,4,2.0,1,Ahmedabad,City Centre,Apartment,18,2.0,yes,unfurnished,10172014.0
1794.0,1,1.0,2,Delhi,Premium Township,Independent House,54,0.0,yes,unfurnished,32148187.0
642.0,1,1.0,1,Delhi,Near Metro,Studio,46,0.0,no,furnished,8858728.0
1500.0,4,3.0,2,Delhi,Outskirts,Apartment,43,0.0,yes,unfurnished,11040447.0
350.0,2,2.0,4,Jaipur,Gated Community,Independent House,1,1.0,yes,semi-furnished,4114741.0
1247.0,2,1.0,2,Mumbai,Suburb,Apartment,20,0.0,yes,furnished,23395707.0
1237.0,2,2.0,3,Bangalore,Suburb,Independent House,12,1.0,yes,furnished,21972686.0
1080.0,2,1.0,3,Bangalore,Waterfront,Independent House,38,1.0,yes,semi-furnished,16864576.0
1277.0,2,1.0,2,Delhi,Suburb,Row House,41,1.0,yes,semi-furnished,14843957.0
1795.0,2,2.0,1,Kochi,Premium Township,Apartment,20,2.0,yes,semi-furnished,14543826.0
754.0,1,1.0,1,Chennai,City Centre,Apartment,5,1.0,yes,furnished,10261390.0
1204.0,2,1.0,1,Pune,Gated Community,Apartment,17,1.0,yes,semi-furnished,12714915.0
1517.0,3,2.0,1,Mumbai,Near Metro,Apartment,57,1.0,yes,semi-furnished,33639743.0
2370.0,3,3.0,2,Bangalore,Waterfront,Villa,8,2.0,yes,semi-furnished,47028773.0
1237.0,3,3.0,1,Bangalore,Near Metro,Apartment,34,1.0,no,semi-furnished,13407563.0
3261.0,4,4.0,2,Bangalore,Suburb,Penthouse,22,1.0,yes,furnished,42137623.0
1502.0,3,1.0,1,Kolkata,Outskirts,Apartment,53,2.0,yes,unfurnished,4091877.0
581.0,1,1.0,1,Lucknow,Near Metro,Studio,22,0.0,yes,semi-furnished,3706048.0
585.0,2,1.0,3,Ahmedabad,Suburb,Row House,18,2.0,yes,furnished,4640890.0
1116.0,2,2.0,2,Bangalore,Outskirts,Independent House,7,1.0,yes,unfurnished,6988221.0
2890.0,5,4.0,2,Mumbai,Premium Township,Villa,51,3.0,yes,furnished,105410732.0
1336.0,3,3.0,1,Hyderabad,Suburb,Apartment,46,2.0,yes,unfurnished,11761385.0
1331.0,2,2.0,1,Jaipur,Suburb,Independent House,50,1.0,yes,furnished,8118878.0
727.0,3,2.0,1,Bangalore,Waterfront,Apartment,17,2.0,yes,semi-furnished,11822271.0
2208.0,3,3.0,1,Mumbai,Suburb,Apartment,4,2.0,no,furnished,43806366.0
733.0,4,3.0,2,Kolkata,Suburb,Independent House,7,2.0,yes,furnished,6428104.0
1711.0,4,3.0,1,Lucknow,Near Metro,Independent House,5,2.0,yes,semi-furnished,13022068.0
715.0,3,2.0,2,Mumbai,Waterfront,Apartment,41,2.0,yes,semi-furnished,22733278.0
1461.0,4,2.0,1,Kolkata,Gated Community,Apartment,48,2.0,no,semi-furnished,11600744.0
1002.0,4,4.0,2,Chennai,City Centre,Row House,46,2.0,yes,semi-furnished,13109285.0
350.0,5,4.0,1,Delhi,Near Metro,Apartment,43,1.0,no,semi-furnished,6949089.0
1237.0,1,1.0,2,Mumbai,Near Metro,Independent House,47,1.0,yes,unfurnished,31908118.0
1637.0,1,1.0,3,Kochi,Prime Suburb,Independent House,2,1.0,yes,semi-furnished,11581568.0
2493.0,3,3.0,3,Pune,Prime Suburb,Villa,48,2.0,yes,unfurnished,37003916.0
999.0,2,2.0,1,Bangalore,Outskirts,Independent House,15,1.0,yes,unfurnished,6098337.0
915.0,1,1.0,2,Kochi,Premium Township,Row House,5,1.0,yes,unfurnished,9762804.0
1132.0,3,2.0,4,Lucknow,City Centre,Row House,0,1.0,yes,semi-furnished,11014560.0
975.0,2,2.0,2,Bangalore,Suburb,Apartment,16,1.0,no,unfurnished,8739227.0
1792.0,5,4.0,2,Bangalore,Near Metro,Apartment,9,1.0,yes,unfurnished,22439664.0
1208.0,2,2.0,2,Pune,Outskirts,Row House,26,2.0,yes,semi-furnished,7425518.0
3468.0,3,3.0,2,Pune,Suburb,Villa,44,1.0,no,furnished,34634828.0
1141.0,3,3.0,2,Pune,Gated Community,Row House,58,0.0,yes,furnished,12934569.0
430.0,3,3.0,1,Lucknow,Gated Community,Apartment,8,0.0,yes,unfurnished,3639386.0
594.0,1,1.0,1,Delhi,Near Metro,Studio,32,1.0,yes,semi-furnished,8780494.0
313.0,1,1.0,1,Bangalore,Outskirts,Studio,34,0.0,no,unfurnished,1392099.0
2051.0,3,2.0,2,Indore,Premium Township,Villa,2,3.0,no,semi-furnished,18312186.0
1392.0,2,1.0,2,Chennai,Waterfront,Independent House,52,0.0,no,semi-furnished,17568260.0
942.0,1,1.0,1,Chennai,Near Metro,Apartment,21,0.0,yes,semi-furnished,8666148.0
1226.0,3,2.0,1,Bangalore,Outskirts,Apartment,42,1.0,yes,semi-furnished,5681246.0
1265.0,4,4.0,2,Hyderabad,Gated Community,Row House,27,1.0,yes,semi-furnished,14534506.0
728.0,3,3.0,2,Pune,Gated Community,Row House,34,1.0,yes,unfurnished,8958781.0
1049.0,2,2.0,1,Jaipur,Suburb,Apartment,15,2.0,no,unfurnished,6800895.0
999.0,4,4.0,1,Indore,Near Metro,Apartment,3,1.0,no,semi-furnished,7058938.0
1300.0,3,2.0,1,Mumbai,Prime Suburb,Independent House,28,1.0,yes,furnished,30459373.0
1176.0,1,1.0,1,Kochi,City Centre,Independent House,11,2.0,yes,semi-furnished,15805219.0
1518.0,4,3.0,1,Chennai,Suburb,Apartment,33,1.0,yes,semi-furnished,11992030.0
2225.0,2,2.0,3,Mumbai,Suburb,Row House,11,1.0,yes,semi-furnished,48232407.0
2632.0,3,2.0,1,Jaipur,Premium Township,Penthouse,44,2.0,no,furnished,33517906.0
1717.0,2,1.0,1,Mumbai,City Centre,Apartment,20,1.0,yes,semi-furnished,55501470.0
1237.0,3,2.0,2,Delhi,Gated Community,Penthouse,37,0.0,yes,semi-furnished,60539332.0
983.0,1,1.0,1,Ahmedabad,City Centre,Apartment,51,0.0,yes,unfurnished,9877596.0
1810.0,3,2.0,2,Hyderabad,Suburb,Independent House,58,0.0,yes,unfurnished,14943978.0
1364.0,1,1.0,1,Delhi,City Centre,Apartment,45,0.0,yes,unfurnished,23964621.0
1285.0,1,1.0,1,Hyderabad,Suburb,Apartment,50,1.0,no,furnished,10484476.0
594.0,1,1.0,1,Kolkata,Prime Suburb,Studio,44,0.0,yes,semi-furnished,4706875.0
1267.0,2,2.0,1,Ahmedabad,Outskirts,Apartment,22,0.0,no,semi-furnished,4807142.0
1477.0,2,1.0,1,Indore,Suburb,Apartment,54,1.0,no,unfurnished,5863324.0
1237.0,1,1.0,1,Mumbai,Outskirts,Apartment,12,2.0,yes,semi-furnished,13169520.0
802.0,3,1.0,2,Bangalore,City Centre,Apartment,22,2.0,yes,furnished,12248878.0
1716.0,2,1.0,1,Delhi,City Centre,Apartment,59,0.0,no,semi-furnished,30883842.0
613.0,3,2.0,2,Mumbai,Suburb,Apartment,27,0.0,yes,unfurnished,11163604.0
1970.0,2,2.0,1,Jaipur,Outskirts,Apartment,17,1.0,no,furnished,7097378.0
1898.0,2,2.0,1,Delhi,Outskirts,Independent House,19,1.0,yes,semi-furnished,15033435.0
1042.0,3,2.0,2,Indore,Waterfront,Row House,55,0.0,yes,semi-furnished,8045352.0
480.0,1,1.0,1,Chennai,Suburb,Studio,45,0.0,yes,furnished,3940016.0
1210.0,1,1.0,1,Kolkata,Suburb,Apartment,56,0.0,yes,furnished,7034187.0
2534.0,3,2.0,1,Delhi,Near Metro,Penthouse,42,3.0,yes,semi-furnished,45314095.0
1208.0,2,1.0,1,Delhi,Suburb,Apartment,43,0.0,yes,semi-furnished,12464941.0
906.0,1,1.0,1,Chennai,Near Metro,Apartment,31,2.0,no,unfurnished,8275130.0
383.0,1,1.0,1,Kochi,Suburb,Studio,44,2.0,yes,semi-furnished,2180155.0
1303.0,2,1.0,2,Delhi,Outskirts,Independent House,34,0.0,no,semi-furnished,9480801.0
2817.0,3,3.0,3,Bangalore,City Centre,Villa,42,1.0,no,furnished,52361521.0
4800.0,1,1.0,1,Kochi,Prime Suburb,Studio,59,0.0,no,unfurnished,2320698.0
745.0,3,3.0,1,Chennai,Prime Suburb,Apartment,51,0.0,yes,unfurnished,7090003.0
1253.0,4,4.0,1,Hyderabad,Outskirts,Apartment,22,1.0,no,semi-furnished,26489446.0
1065.0,2,2.0,1,Indore,Premium Township,Independent House,13,1.0,yes,unfurnished,9400006.0
1175.0,2,2.0,1,Indore,Prime Suburb,Apartment,21,0.0,yes,semi-furnished,7192664.0
1209.0,3,3.0,1,Lucknow,Near Metro,Apartment,2,1.0,no,unfurnished,8098274.0
1480.0,2,2.0,1,Jaipur,Waterfront,Apartment,58,1.0,yes,furnished,11015909.0
679.0,4,3.0,2,Kolkata,Outskirts,Independent House,9,1.0,yes,furnished,4625271.0
1224.0,1,1.0,2,Chennai,Outskirts,Independent House,50,3.0,yes,semi-furnished,5473616.0
350.0,3,3.0,1,Kolkata,Premium Township,Apartment,9,2.0,no,semi-furnished,3756755.0
1502.0,3,3.0,1,Mumbai,Prime Suburb,Penthouse,54,3.0,no,unfurnished,55322579.0
706.0,1,2.0,3,Indore,Outskirts,Row House,47,3.0,yes,unfurnished,2172261.0
4800.0,4,3.0,3,Delhi,Near Metro,Villa,26,1.0,yes,furnished,44717741.0
852.0,2,2.0,2,Chennai,Outskirts,Apartment,38,0.0,no,unfurnished,3198693.0
2600.0,3,2.0,1,Pune,Gated Community,Penthouse,39,0.0,no,unfurnished,38580383.0
1166.0,1,1.0,1,Bangalore,Outskirts,Apartment,16,1.0,yes,semi-furnished,7122998.0
1728.0,4,2.0,1,Bangalore,Near Metro,Apartment,41,0.0,no,unfurnished,19281629.0
2291.0,3,3.0,4,Ahmedabad,Outskirts,Villa,35,1.0,yes,unfurnished,9807972.0
1589.0,2,1.0,1,Ahmedabad,Prime Suburb,Apartment,40,1.0,no,semi-furnished,12949633.0
1525.0,2,1.0,1,Lucknow,Prime Suburb,Apartment,19,0.0,yes,furnished,9928986.0
860.0,3,2.0,1,Pune,Outskirts,Apartment,35,1.0,yes,furnished,5228587.0
980.0,1,1.0,1,Lucknow,City Centre,Apartment,42,1.0,yes,furnished,9500851.0
1159.0,1,1.0,1,Ahmedabad,Near Metro,Apartment,8,1.0,no,unfurnished,7970314.0
968.0,3,2.0,2,Delhi,Suburb,Independent House,27,0.0,yes,semi-furnished,13694294.0
863.0,1,1.0,1,Bangalore,Near Metro,Apartment,36,2.0,no,unfurnished,8031437.0
1972.0,3,3.0,3,Jaipur,City Centre,Villa,42,2.0,no,unfurnished,25932240.0
1707.0,3,3.0,1,Bangalore,Suburb,Apartment,58,1.0,yes,furnished,14698394.0
2649.0,3,2.0,2,Kolkata,Suburb,Villa,16,1.0,no,semi-furnished,22635488.0
1412.0,1,1.0,3,Ahmedabad,Prime Suburb,Independent House,33,1.0,yes,semi-furnished,11450113.0
723.0,4,3.0,2,Bangalore,Outskirts,Apartment,57,1.0,yes,furnished,4737564.0
459.0,1,1.0,1,Hyderabad,Suburb,Studio,20,1.0,yes,furnished,4692342.0
1461.0,2,2.0,1,Chandigarh,Suburb,Independent House,34,3.0,yes,furnished,12441371.0
1167.0,4,4.0,2,Jaipur,Suburb,Row House,30,3.0,yes,furnished,7731737.0
1763.0,3,2.0,2,Pune,Premium Township,Row House,33,2.0,yes,semi-furnished,25398920.0
1447.0,4,3.0,1,Indore,Suburb,Apartment,19,1.0,yes,unfurnished,8025102.0
1481.0,2,1.0,2,Indore,Near Metro,Apartment,38,1.0,yes,semi-furnished,7880220.0
1962.0,3,3.0,2,Chennai,Suburb,Penthouse,41,0.0,yes,semi-furnished,19320032.0
2017.0,3,2.0,1,Jaipur,Prime Suburb,Penthouse,59,2.0,yes,semi-furnished,19146278.0
506.0,1,1.0,2,Chennai,Waterfront,Independent House,44,1.0,yes,semi-furnished,7197885.0
1918.0,2,1.0,2,Delhi,Premium Township,Row House,51,1.0,no,semi-furnished,33139258.0
2504.0,3,3.0,2,Mumbai,Gated Community,Villa,50,1.0,yes,unfurnished,72885383.0
920.0,1,1.0,1,Chennai,Outskirts,Apartment,24,1.0,yes,unfurnished,3537493.0
1304.0,3,3.0,2,Lucknow,Suburb,Apartment,5,2.0,yes,semi-furnished,8166083.0
1162.0,2,1.0,2,Bangalore,Outskirts,Apartment,21,2.0,no,semi-furnished,6393502.0
1020.0,3,3.0,1,Kolkata,City Centre,Apartment,46,0.0,no,unfurnished,11617385.0
1795.0,3,2.0,3,Ahmedabad,Suburb,Row House,17,1.0,yes,semi-furnished,12542847.0
1028.0,3,3.0,1,Delhi,Prime Suburb,Apartment,7,1.0,yes,unfurnished,15954941.0
2707.0,3,3.0,2,Chandigarh,Prime Suburb,Villa,32,2.0,yes,semi-furnished,34173129.0
308.0,1,1.0,1,Kolkata,Gated Community,Studio,49,2.0,yes,semi-furnished,2268415.0
1633.0,1,1.0,1,Delhi,Suburb,Independent House,25,1.0,yes,unfurnished,19649711.0
1237.0,3,3.0,1,Pune,Outskirts,Apartment,15,1.0,no,semi-furnished,7553196.0
2291.0,3,3.0,2,Hyderabad,Suburb,Villa,50,2.0,yes,semi-furnished,24202369.0
1450.0,1,1.0,2,Chennai,City Centre,Apartment,11,2.0,yes,semi-furnished,19125408.0
1542.0,1,1.0,2,Chennai,Suburb,Independent House,33,2.0,yes,unfurnished,11135346.0
2220.0,2,2.0,1,Kolkata,Gated Community,Apartment,46,0.0,yes,semi-furnished,13380200.0
1105.0,3,3.0,2,Kochi,Prime Suburb,Row House,18,1.0,yes,furnished,9576519.0
470.0,1,1.0,1,Kolkata,Outskirts,Studio,29,1.0,yes,semi-furnished,1951107.0
704.0,3,2.0,2,Kochi,Outskirts,Row House,59,0.0,yes,semi-furnished,2616781.0
1931.0,3,2.0,1,Hyderabad,Near Metro,Independent House,36,2.0,yes,unfurnished,19931781.0
801.0,3,3.0,3,Chennai,Suburb,Independent House,7,3.0,yes,semi-furnished,9115756.0
576.0,4,4.0,1,Pune,Gated Community,Apartment,54,0.0,yes,semi-furnished,6921123.0
3504.0,3,2.0,3,Hyderabad,Prime Suburb,Villa,13,1.0,yes,unfurnished,46244178.0
1018.0,1,1.0,2,Jaipur,Outskirts,Row House,14,0.0,yes,unfurnished,3748066.0
1570.0,4,3.0,2,Chennai,Premium Township,Independent House,3,0.0,yes,furnished,21909267.0
1709.0,2,1.0,2,Kolkata,Suburb,Row House,33,3.0,yes,furnished,11136957.0
1548.0,4,4.0,1,Indore,City Centre,Apartment,41,2.0,yes,furnished,14893785.0
1254.0,2,1.0,2,Mumbai,Gated Community,Row House,39,0.0,yes,unfurnished,31346885.0
646.0,2,2.0,2,Hyderabad,Outskirts,Apartment,29,2.0,yes,unfurnished,3934645.0
1523.0,2,2.0,1,Pune,Suburb,Apartment,27,1.0,yes,unfurnished,13438620.0
350.0,2,2.0,1,Delhi,Prime Suburb,Independent House,47,1.0,yes,furnished,5519458.0
1686.0,3,2.0,2,Kolkata,Outskirts,Apartment,47,1.0,yes,unfurnished,5480907.0
1118.0,3,2.0,3,Bangalore,City Centre,Independent House,40,1.0,yes,semi-furnished,20107376.0
1155.0,2,2.0,1,Chandigarh,Gated Community,Independent House,9,1.0,no,semi-furnished,13844677.0
3054.0,3,2.0,3,Mumbai,Premium Township,Villa,27,1.0,no,unfurnished,108643350.0
302.0,1,1.0,1,Ahmedabad,Premium Township,Studio,1,3.0,yes,furnished,4131481.0
1342.0,1,1.0,1,Mumbai,Premium Township,Apartment,31,2.0,yes,semi-furnished,38259457.0
1047.0,4,3.0,1,Bangalore,Waterfront,Apartment,2,1.0,yes,unfurnished,18336596.0
1223.0,4,3.0,1,Indore,Near Metro,Independent House,20,1.0,no,semi-furnished,7768082.0
1093.0,2,1.0,1,Hyderabad,Prime Suburb,Apartment,4,2.0,yes,semi-furnished,11572826.0
1664.0,2,2.0,1,Hyderabad,Premium Township,Independent House,14,1.0,yes,semi-furnished,20779831.0
1735.0,4,3.0,2,Kolkata,Suburb,Apartment,42,1.0,no,semi-furnished,9701336.0
2523.0,3,3.0,1,Kolkata,Outskirts,Penthouse,40,1.0,yes,semi-furnished,14183158.0
1331.0,1,1.0,1,Lucknow,City Centre,Apartment,33,1.0,yes,unfurnished,11034927.0
325.0,1,1.0,1,Delhi,Suburb,Studio,19,1.0,no,unfurnished,4358219.0
447.0,2,2.0,2,Delhi,Prime Suburb,Row House,58,1.0,no,semi-furnished,6079588.0
3475.0,3,3.0,2,Chandigarh,City Centre,Villa,12,1.0,yes,unfurnished,52807095.0
3279.0,3,2.0,4,Chennai,Suburb,Villa,50,1.0,yes,furnished,36685705.0
1868.0,2,2.0,1,Chandigarh,Outskirts,Apartment,5,2.0,yes,semi-furnished,7427907.0
1111.0,2,1.0,1,Ahmedabad,Suburb,Apartment,49,1.0,yes,unfurnished,5972172.0
1503.0,2,1.0,2,Chennai,Prime Suburb,Apartment,44,1.0,no,semi-furnished,12474520.0
1127.0,4,3.0,3,Bangalore,City Centre,Independent House,48,1.0,yes,semi-furnished,17758329.0
498.0,1,1.0,1,Pune,Prime Suburb,Studio,5,1.0,yes,unfurnished,6122479.0
695.0,3,1.0,1,Chandigarh,Prime Suburb,Apartment,8,0.0,yes,semi-furnished,6927916.0
881.0,2,2.0,2,Lucknow,Gated Community,Apartment,57,1.0,yes,semi-furnished,6150113.0
623.0,3,2.0,1,Pune,Outskirts,Apartment,28,1.0,yes,unfurnished,3470409.0
1681.0,2,1.0,1,Indore,Suburb,Apartment,20,1.0,no,semi-furnished,8858681.0
1950.0,5,4.0,3,Bangalore,Prime Suburb,Independent House,31,1.0,yes,semi-furnished,23731699.0
1832.0,3,3.0,1,Kochi,City Centre,Apartment,23,1.0,yes,semi-furnished,21915236.0
1436.0,1,1.0,2,Pune,Suburb,Row House,33,2.0,no,unfurnished,11991446.0
2340.0,3,3.0,2,Delhi,Prime Suburb,Villa,32,1.0,yes,furnished,46511341.0
1339.0,3,3.0,1,Kolkata,Near Metro,Apartment,60,1.0,yes,semi-furnished,8402699.0
1298.0,3,3.0,2,Indore,Prime Suburb,Apartment,9,2.0,no,unfurnished,9317873.0
1362.0,1,1.0,2,Hyderabad,Gated Community,Apartment,52,2.0,yes,unfurnished,13089512.0
1561.0,3,2.0,2,Delhi,Near Metro,Row House,59,2.0,yes,furnished,19592875.0
862.0,3,3.0,2,Kochi,Near Metro,Row House,52,1.0,yes,semi-furnished,6014725.0
1755.0,3,2.0,1,Mumbai,City Centre,Apartment,21,0.0,yes,unfurnished,55640514.0
1237.0,4,3.0,2,Lucknow,Prime Suburb,Row House,50,1.0,yes,unfurnished,7872678.0
521.0,2,1.0,3,Delhi,Gated Community,Row House,44,2.0,yes,furnished,9450373.0
671.0,3,2.0,4,Mumbai,Prime Suburb,Independent House,6,1.0,yes,furnished,21860140.0
1893.0,4,4.0,1,Ahmedabad,Prime Suburb,Apartment,53,3.0,yes,furnished,13253068.0
1570.0,4,3.0,2,Kochi,Gated Community,Independent House,30,1.0,yes,semi-furnished,12298220.0
1655.0,1,1.0,1,Kolkata,Suburb,Apartment,34,0.0,no,semi-furnished,8544382.0
465.0,1,1.0,2,Bangalore,Gated Community,Row House,8,1.0,yes,unfurnished,7834940.0
868.0,2,1.0,1,Lucknow,Outskirts,Independent House,2,1.0,yes,unfurnished,3897812.0
1516.0,2,1.0,2,Bangalore,Premium Township,Apartment,57,0.0,yes,furnished,18164470.0
350.0,2,1.0,4,Bangalore,Prime Suburb,Row House,46,1.0,yes,semi-furnished,3636639.0
566.0,1,1.0,1,Mumbai,City Centre,Studio,38,0.0,yes,semi-furnished,17491532.0
788.0,1,1.0,2,Pune,Premium Township,Row House,23,3.0,no,furnished,12130181.0
1038.0,2,1.0,3,Chandigarh,Near Metro,Row House,29,2.0,yes,unfurnished,9705134.0
786.0,1,1.0,1,Jaipur,Prime Suburb,Apartment,60,2.0,yes,furnished,4935354.0
1600.0,4,3.0,2,Pune,City Centre,Villa,0,1.0,no,furnished,39213427.0
1588.0,3,2.0,1,Jaipur,Premium Township,Apartment,48,1.0,yes,unfurnished,13256661.0
705.0,5,4.0,2,Jaipur,Prime Suburb,Independent House,33,0.0,yes,unfurnished,5726358.0
1377.0,2,1.0,2,Lucknow,City Centre,Row House,35,1.0,yes,unfurnished,11017974.0
2930.0,3,2.0,2,Chennai,Suburb,Villa,43,2.0,no,semi-furnished,25945629.0
1624.0,2,2.0,2,Chandigarh,Suburb,Independent House,12,0.0,yes,semi-furnished,52198286.0
1603.0,1,1.0,1,Bangalore,City Centre,Independent House,44,1.0,yes,unfurnished,24922125.0
1253.0,3,3.0,2,Bangalore,Outskirts,Apartment,25,1.0,no,unfurnished,6335499.0
3692.0,3,3.0,1,Chandigarh,Premium Township,Penthouse,57,0.0,yes,semi-furnished,55582962.0
1252.0,1,1.0,1,Chennai,City Centre,Apartment,7,0.0,no,unfurnished,14891995.0
522.0,1,1.0,1,Hyderabad,Suburb,Studio,11,1.0,yes,furnished,6339716.0
1478.0,1,1.0,2,Jaipur,City Centre,Independent House,12,1.0,no,unfurnished,15252444.0
556.0,2,1.0,1,Kochi,Outskirts,Apartment,7,0.0,yes,semi-furnished,2737191.0
1088.0,2,2.0,1,Jaipur,Outskirts,Apartment,51,1.0,no,furnished,3138799.0
2280.0,4,4.0,1,Pune,Outskirts,Apartment,3,1.0,yes,unfurnished,12119590.0
453.0,1,1.0,1,Bangalore,Suburb,Studio,35,3.0,yes,unfurnished,5454305.0
727.0,3,3.0,1,Ahmedabad,Prime Suburb,Apartment,28,1.0,yes,furnished,6473210.0
824.0,3,2.0,2,Chennai,Suburb,Row House,13,3.0,no,semi-furnished,8025348.0
1103.0,3,2.0,1,Delhi,Suburb,Independent House,46,3.0,yes,furnished,14299810.0
924.0,3,3.0,1,Hyderabad,Waterfront,Apartment,34,1.0,yes,semi-furnished,12414877.0
1231.0,3,2.0,1,Delhi,Prime Suburb,Apartment,47,1.0,yes,unfurnished,18178792.0
1409.0,3,3.0,1,Delhi,Prime Suburb,Apartment,36,2.0,yes,unfurnished,18900787.0
1237.0,3,1.0,2,Bangalore,City Centre,Villa,43,1.0,yes,semi-furnished,58517825.0
757.0,1,1.0,2,Jaipur,Waterfront,Independent House,24,1.0,yes,semi-furnished,8262649.0
1299.0,1,1.0,1,Hyderabad,City Centre,Apartment,39,0.0,yes,furnished,15211521.0
1148.0,4,4.0,2,Bangalore,Prime Suburb,Row House,4,1.0,yes,semi-furnished,15206858.0
689.0,5,4.0,1,Chennai,Waterfront,Apartment,2,0.0,yes,semi-furnished,10683489.0
1205.0,4,3.0,1,Kolkata,Suburb,Independent House,58,2.0,no,unfurnished,8120803.0
1357.0,3,2.0,1,Indore,Outskirts,Apartment,32,2.0,yes,semi-furnished,4162133.0
1625.0,3,2.0,1,Kolkata,City Centre,Apartment,34,1.0,no,semi-furnished,18840383.0
2356.0,4,2.0,3,Ahmedabad,Outskirts,Villa,39,2.0,yes,semi-furnished,11221102.0
1277.0,2,2.0,1,Pune,Premium Township,Apartment,13,1.0,yes,semi-furnished,16382608.0
1081.0,4,3.0,1,Hyderabad,Prime Suburb,Apartment,5,0.0,yes,furnished,13212157.0
1119.0,3,3.0,1,Delhi,Premium Township,Apartment,14,1.0,no,semi-furnished,19091854.0
1634.0,4,4.0,1,Chandigarh,Outskirts,Penthouse,33,0.0,no,furnished,10056286.0
613.0,5,4.0,1,Hyderabad,Near Metro,Apartment,18,1.0,yes,unfurnished,7464618.0
807.0,2,1.0,3,Indore,Prime Suburb,Row House,26,2.0,no,unfurnished,5399857.0
2686.0,3,3.0,2,Chandigarh,Suburb,Villa,28,1.0,no,unfurnished,26403410.0
1634.0,3,3.0,1,Delhi,City Centre,Independent House,47,2.0,yes,unfurnished,38449769.0
455.0,1,2.0,1,Pune,City Centre,Studio,2,1.0,yes,semi-furnished,7305714.0
1030.0,3,3.0,1,Ahmedabad,City Centre,Apartment,30,0.0,yes,unfurnished,10900354.0
474.0,2,1.0,1,Ahmedabad,Outskirts,Apartment,58,1.0,yes,unfurnished,1392099.0
555.0,1,1.0,1,Lucknow,Prime Suburb,Studio,4,2.0,no,unfurnished,4520638.0
542.0,1,1.0,1,Bangalore,Waterfront,Studio,30,1.0,yes,unfurnished,8859050.0
1134.0,2,1.0,2,Delhi,Premium Township,Apartment,18,0.0,no,unfurnished,20655907.0
1320.0,2,1.0,2,Lucknow,Suburb,Apartment,31,1.0,yes,semi-furnished,6661227.0
374.0,1,1.0,1,Hyderabad,Suburb,Studio,29,0.0,yes,unfurnished,3114020.0
1143.0,4,3.0,3,Chandigarh,City Centre,Independent House,51,1.0,no,unfurnished,14935141.0
2346.0,3,2.0,1,Delhi,Outskirts,Penthouse,49,2.0,yes,semi-furnished,25280966.0
1286.0,3,1.0,1,Hyderabad,Suburb,Apartment,1,1.0,no,furnished,11096533.0
2186.0,3,3.0,1,Jaipur,Suburb,Penthouse,0,2.0,no,furnished,17223227.0
1116.0,1,1.0,1,Lucknow,Waterfront,Apartment,21,0.0,no,furnished,8548947.0
1317.0,3,3.0,3,Mumbai,Premium Township,Row House,44,2.0,yes,semi-furnished,38953730.0
3332.0,3,2.0,2,Hyderabad,City Centre,Villa,52,1.0,yes,furnished,56239807.0
1496.0,2,2.0,1,Kolkata,Prime Suburb,Apartment,58,0.0,no,semi-furnished,8855787.0
1261.0,1,1.0,2,Delhi,Premium Township,Independent House,48,0.0,yes,unfurnished,22387883.0
358.0,1,1.0,1,Delhi,Prime Suburb,Studio,18,1.0,yes,unfurnished,6863068.0
645.0,1,1.0,1,Pune,Waterfront,Studio,40,1.0,yes,semi-furnished,9408040.0
2000.0,3,3.0,1,Chennai,Premium Township,Penthouse,28,3.0,yes,semi-furnished,34394586.0
2711.0,4,2.0,1,Bangalore,Suburb,Penthouse,30,1.0,yes,unfurnished,34910855.0
731.0,3,2.0,4,Kolkata,City Centre,Independent House,25,2.0,yes,semi-furnished,9096066.0
1319.0,5,4.0,2,Ahmedabad,Near Metro,Row House,1,0.0,no,furnished,9894738.0
1127.0,2,2.0,4,Jaipur,Outskirts,Independent House,14,0.0,yes,furnished,4469249.0
1570.0,3,2.0,1,Hyderabad,Suburb,Apartment,11,0.0,yes,semi-furnished,13821626.0
1848.0,2,2.0,1,Hyderabad,City Centre,Apartment,59,0.0,yes,semi-furnished,26389914.0
2375.0,1,1.0,2,Delhi,City Centre,Row House,19,0.0,yes,unfurnished,55821595.0
462.0,1,1.0,1,Chennai,Near Metro,Studio,7,1.0,yes,unfurnished,4609858.0
859.0,3,3.0,2,Mumbai,Gated Community,Row House,52,0.0,no,semi-furnished,20539483.0
1218.0,2,2.0,2,Chennai,Waterfront,Independent House,45,2.0,yes,semi-furnished,15833312.0
505.0,2,1.0,1,Chennai,Suburb,Apartment,36,1.0,yes,unfurnished,3605138.0
530.0,1,1.0,1,Lucknow,Suburb,Studio,26,2.0,yes,semi-furnished,10450360.0
492.0,2,1.0,1,Indore,City Centre,Apartment,27,0.0,yes,unfurnished,4525133.0
1237.0,1,1.0,2,Delhi,Near Metro,Independent House,50,1.0,yes,unfurnished,16309289.0
2711.0,3,3.0,2,Mumbai,Gated Community,Villa,53,1.0,yes,semi-furnished,85824796.0
2660.0,5,4.0,2,Hyderabad,City Centre,Penthouse,57,0.0,yes,unfurnished,56238110.0
4263.0,3,3.0,2,Chennai,Outskirts,Villa,49,1.0,yes,semi-furnished,24691319.0
1639.0,2,2.0,2,Chennai,Suburb,Independent House,0,2.0,yes,unfurnished,15532923.0
1688.0,2,1.0,2,Kolkata,Outskirts,Row House,56,1.0,yes,semi-furnished,5502628.0
1520.0,3,3.0,2,Hyderabad,Suburb,Independent House,55,1.0,yes,furnished,14184008.0
1937.0,3,3.0,1,Hyderabad,City Centre,Apartment,6,1.0,yes,furnished,29549275.0
1220.0,2,1.0,2,Indore,Suburb,Independent House,7,1.0,yes,semi-furnished,6515549.0
910.0,1,1.0,2,Delhi,Suburb,Row House,39,0.0,yes,furnished,11131877.0
1579.0,3,3.0,1,Kolkata,Suburb,Apartment,16,1.0,yes,semi-furnished,10354310.0
1504.0,4,3.0,3,Kochi,Waterfront,Independent House,6,1.0,no,semi-furnished,17542990.0
1269.0,3,2.0,1,Ahmedabad,Gated Community,Apartment,49,2.0,yes,furnished,9323311.0
2154.0,5,4.0,2,Ahmedabad,Suburb,Apartment,30,0.0,no,semi-furnished,11546048.0
350.0,2,2.0,1,Jaipur,Outskirts,Apartment,2,3.0,no,semi-furnished,2568191.0
1983.0,2,2.0,1,Bangalore,City Centre,Independent House,18,3.0,yes,semi-furnished,29790116.0
1600.0,3,2.0,2,Delhi,Premium Township,Villa,11,1.0,yes,semi-furnished,38141391.0
1250.0,2,2.0,2,Ahmedabad,Prime Suburb,Independent House,41,1.0,yes,unfurnished,10378355.0
628.0,4,4.0,2,Pune,Premium Township,Row House,49,1.0,yes,furnished,9251810.0
940.0,2,2.0,3,Lucknow,City Centre,Row House,11,2.0,no,semi-furnished,10417880.0
623.0,1,1.0,1,Jaipur,Suburb,Studio,52,1.0,yes,furnished,3182431.0
3517.0,4,4.0,2,Bangalore,Prime Suburb,Villa,28,1.0,yes,semi-furnished,51723624.0
481.0,2,2.0,2,Jaipur,Suburb,Apartment,53,0.0,no,semi-furnished,2365435.0
1409.0,3,2.0,2,Delhi,Waterfront,Row House,53,1.0,yes,furnished,29224791.0
1140.0,3,3.0,2,Chennai,Premium Township,Row House,58,1.0,yes,unfurnished,12008558.0
2954.0,3,2.0,2,Pune,Suburb,Penthouse,57,2.0,no,semi-furnished,31040819.0
1054.0,5,4.0,1,Kolkata,Near Metro,Apartment,42,1.0,yes,semi-furnished,7483034.0
810.0,3,2.0,1,Ahmedabad,City Centre,Apartment,22,1.0,no,semi-furnished,9069110.0
1434.0,3,2.0,1,Delhi,Suburb,Apartment,35,0.0,yes,unfurnished,17295061.0
1332.0,1,1.0,1,Ahmedabad,Prime Suburb,Apartment,3,3.0,no,semi-furnished,9642257.0
1641.0,4,4.0,1,Mumbai,Outskirts,Apartment,7,0.0,yes,unfurnished,21319828.0
908.0,4,4.0,1,Mumbai,Outskirts,Apartment,16,0.0,yes,unfurnished,11923452.0
1678.0,2,1.0,1,Hyderabad,Outskirts,Apartment,1,2.0,yes,semi-furnished,9318476.0
1473.0,5,4.0,1,Mumbai,Suburb,Independent House,18,1.0,no,semi-furnished,32061822.0
1509.0,2,2.0,2,Hyderabad,Outskirts,Independent House,25,1.0,yes,unfurnished,7274942.0
1124.0,1,1.0,2,Bangalore,Gated Community,Independent House,36,3.0,no,semi-furnished,14647983.0
1822.0,3,3.0,1,Indore,Premium Township,Independent House,50,1.0,yes,semi-furnished,14942852.0
649.0,1,1.0,2,Mumbai,Prime Suburb,Apartment,3,1.0,yes,unfurnished,18042042.0
1144.0,3,1.0,1,Indore,Gated Community,Apartment,25,0.0,no,unfurnished,6614757.0
2228.0,3,2.0,2,Mumbai,Gated Community,Villa,50,1.0,no,unfurnished,75208909.0
935.0,2,2.0,2,Hyderabad,Suburb,Independent House,1,1.0,no,furnished,12443143.0
3382.0,3,3.0,3,Hyderabad,Prime Suburb,Villa,40,3.0,no,unfurnished,44957513.0
1051.0,2,1.0,2,Mumbai,Suburb,Apartment,52,0.0,no,unfurnished,16236619.0
1616.0,3,2.0,2,Bangalore,Suburb,Penthouse,28,2.0,yes,unfurnished,23396443.0
478.0,1,1.0,1,Mumbai,Suburb,Studio,27,2.0,yes,unfurnished,9503221.0
1573.0,1,1.0,1,Pune,Suburb,Apartment,47,1.0,yes,furnished,11677218.0
2346.0,3,3.0,3,Pune,Outskirts,Villa,2,2.0,yes,semi-furnished,17607537.0
728.0,3,2.0,2,Bangalore,Suburb,Apartment,25,1.0,yes,semi-furnished,7111943.0
2374.0,3,3.0,2,Jaipur,Suburb,Penthouse,24,1.0,no,semi-furnished,21083763.0
1842.0,2,1.0,1,Chennai,Near Metro,Apartment,32,0.0,no,unfurnished,13058893.0
379.0,1,1.0,1,Bangalore,Suburb,Studio,48,1.0,no,unfurnished,2285403.0
4800.0,4,3.0,1,Bangalore,Outskirts,Apartment,47,2.0,no,unfurnished,4588197.0
2700.0,4,3.0,1,Mumbai,City Centre,Penthouse,16,2.0,no,furnished,108643350.0
1058.0,3,2.0,1,Delhi,Prime Suburb,Apartment,26,1.0,yes,semi-furnished,17249060.0
1299.0,2,1.0,2,Lucknow,Suburb,Independent House,49,3.0,yes,unfurnished,7313227.0
3072.0,3,3.0,1,Indore,Near Metro,Penthouse,0,1.0,yes,semi-furnished,26740640.0
3046.0,4,4.0,2,Pune,Prime Suburb,Villa,20,1.0,yes,semi-furnished,42401478.0
818.0,2,1.0,2,Ahmedabad,Waterfront,Apartment,27,2.0,yes,unfurnished,8792874.0
725.0,2,1.0,1,Lucknow,Gated Community,Apartment,10,2.0,no,semi-furnished,5228541.0
1061.0,1,1.0,2,Lucknow,Prime Suburb,Row House,15,1.0,yes,semi-furnished,6837928.0
972.0,3,3.0,1,Chennai,Outskirts,Apartment,55,2.0,yes,unfurnished,4302379.0
1237.0,2,2.0,1,Indore,Prime Suburb,Independent House,40,2.0,no,unfurnished,10980913.0
3724.0,3,3.0,2,Indore,City Centre,Penthouse,13,0.0,yes,semi-furnished,48706154.0
928.0,2,2.0,3,Jaipur,Outskirts,Independent House,34,3.0,no,unfurnished,3368110.0
908.0,4,3.0,1,Pune,Prime Suburb,Apartment,13,0.0,yes,furnished,12318275.0
961.0,4,4.0,1,Bangalore,Suburb,Apartment,20,0.0,yes,unfurnished,9112200.0
1963.0,3,3.0,1,Mumbai,Prime Suburb,Independent House,26,1.0,yes,semi-furnished,57527993.0
1021.0,1,1.0,3,Kochi,Suburb,Row House,30,1.0,no,semi-furnished,7457879.0
2292.0,3,2.0,2,Ahmedabad,City Centre,Villa,29,1.0,yes,semi-furnished,30549043.0
1176.0,3,3.0,2,Mumbai,Outskirts,Apartment,10,1.0,yes,semi-furnished,15995189.0
1078.0,1,1.0,1,Chennai,Prime Suburb,Independent House,56,2.0,yes,unfurnished,10779187.0
1459.0,2,2.0,2,Mumbai,Outskirts,Independent House,6,1.0,yes,unfurnished,20051730.0
2062.0,4,2.0,1,Mumbai,Near Metro,Apartment,5,1.0,no,furnished,54936636.0
3051.0,4,3.0,2,Chennai,Prime Suburb,Penthouse,33,1.0,no,semi-furnished,39171898.0
509.0,1,1.0,1,Hyderabad,Waterfront,Independent House,33,0.0,yes,semi-furnished,7039144.0
1237.0,1,1.0,2,Bangalore,Suburb,Apartment,1,2.0,no,furnished,11780443.0
1664.0,3,1.0,1,Pune,Gated Community,Apartment,36,0.0,yes,unfurnished,18012304.0
1399.0,1,1.0,1,Ahmedabad,Premium Township,Apartment,52,2.0,yes,semi-furnished,10779694.0
548.0,1,1.0,1,Hyderabad,City Centre,Studio,7,1.0,yes,semi-furnished,8771074.0
770.0,2,2.0,2,Bangalore,Outskirts,Row House,9,0.0,yes,unfurnished,4992237.0
2517.0,4,2.0,2,Chennai,Near Metro,Villa,9,2.0,yes,furnished,25348082.0
1089.0,2,2.0,3,Delhi,Waterfront,Independent House,41,1.0,no,unfurnished,20578471.0
354.0,4,3.0,2,Mumbai,Gated Community,Row House,41,2.0,yes,semi-furnished,11156631.0
1445.0,1,1.0,1,Kochi,Waterfront,Independent House,36,1.0,yes,semi-furnished,17596243.0
1881.0,2,2.0,1,Kolkata,Prime Suburb,Independent House,37,0.0,yes,furnished,14989070.0
1369.0,1,1.0,1,Pune,Outskirts,Apartment,31,2.0,yes,furnished,6501345.0
481.0,1,1.0,1,Ahmedabad,Near Metro,Studio,5,3.0,yes,furnished,4498650.0
581.0,3,2.0,3,Pune,Premium Township,Row House,12,0.0,yes,semi-furnished,8535688.0
819.0,2,2.0,1,Kolkata,City Centre,Apartment,7,1.0,yes,furnished,11017090.0
1957.0,1,1.0,2,Indore,City Centre,Independent House,2,1.0,no,unfurnished,23097729.0
1530.0,2,2.0,2,Mumbai,Waterfront,Row House,28,1.0,no,semi-furnished,54129458.0
1797.0,4,3.0,1,Bangalore,City Centre,Apartment,0,1.0,yes,semi-furnished,30317865.0
748.0,3,2.0,1,Mumbai,Suburb,Apartment,54,2.0,no,furnished,14358167.0
899.0,2,1.0,1,Bangalore,Waterfront,Apartment,34,2.0,yes,furnished,16063998.0
1302.0,2,1.0,1,Indore,Prime Suburb,Apartment,52,2.0,yes,furnished,7734915.0
350.0,3,3.0,2,Hyderabad,Gated Community,Apartment,17,0.0,yes,furnished,5113842.0
928.0,3,3.0,1,Kolkata,City Centre,Apartment,16,0.0,yes,unfurnished,10484241.0
1592.0,3,2.0,3,Kolkata,Prime Suburb,Row House,50,1.0,no,semi-furnished,10269662.0
644.0,1,1.0,1,Lucknow,Outskirts,Studio,12,0.0,yes,semi-furnished,2444682.0
951.0,3,1.0,2,Delhi,Gated Community,Row House,44,1.0,no,semi-furnished,14610040.0
350.0,2,2.0,2,Chandigarh,Suburb,Row House,16,1.0,no,unfurnished,3511275.0
3493.0,3,2.0,3,Hyderabad,Near Metro,Villa,13,2.0,yes,unfurnished,44059268.0
2705.0,3,2.0,1,Indore,Near Metro,Penthouse,50,2.0,yes,semi-furnished,20360255.0
1999.0,3,2.0,2,Bangalore,City Centre,Penthouse,50,0.0,no,semi-furnished,39143824.0
974.0,4,3.0,1,Hyderabad,Suburb,Apartment,20,0.0,no,semi-furnished,7859849.0
350.0,1,1.0,1,Ahmedabad,Outskirts,Apartment,7,2.0,no,semi-furnished,1951281.0
2806.0,3,3.0,2,Indore,Outskirts,Villa,46,1.0,yes,semi-furnished,10724189.0
1991.0,4,2.0,2,Chennai,Near Metro,Penthouse,20,1.0,yes,semi-furnished,23825803.0
602.0,3,3.0,3,Indore,Outskirts,Row House,15,3.0,yes,furnished,3393176.0
1173.0,4,3.0,1,Bangalore,Suburb,Apartment,54,1.0,no,unfurnished,10575592.0
887.0,2,2.0,2,Delhi,Outskirts,Independent House,42,2.0,yes,semi-furnished,6554086.0
2062.0,3,3.0,2,Delhi,Premium Township,Apartment,7,2.0,yes,unfurnished,35038399.0
510.0,2,1.0,2,Indore,Suburb,Row House,12,2.0,yes,furnished,3967844.0
792.0,5,4.0,1,Indore,Near Metro,Apartment,1,0.0,yes,unfurnished,4915666.0
4448.0,3,3.0,2,Indore,Suburb,Villa,33,1.0,yes,semi-furnished,28942781.0
585.0,4,2.0,1,Bangalore,Suburb,Apartment,11,1.0,yes,furnished,6723864.0
2355.0,3,2.0,2,Ahmedabad,Outskirts,Villa,4,1.0,yes,semi-furnished,11939461.0
1572.0,2,2.0,1,Mumbai,Outskirts,Independent House,26,0.0,yes,semi-furnished,17371610.0
1153.0,3,3.0,1,Indore,City Centre,Apartment,12,2.0,yes,semi-furnished,9915199.0
1929.0,3,3.0,2,Lucknow,Near Metro,Villa,28,1.0,no,unfurnished,14941010.0
952.0,2,1.0,1,Delhi,Gated Community,Apartment,26,0.0,yes,unfurnished,11597743.0
623.0,3,2.0,1,Chandigarh,Suburb,Independent House,38,2.0,yes,semi-furnished,5610646.0
2647.0,3,3.0,1,Mumbai,Near Metro,Penthouse,13,3.0,no,unfurnished,92888510.0
1735.0,3,3.0,1,Chennai,Suburb,Apartment,38,0.0,yes,semi-furnished,13325297.0
350.0,4,4.0,2,Bangalore,Outskirts,Apartment,11,1.0,yes,semi-furnished,4241116.0
4201.0,3,3.0,2,Mumbai,Suburb,Villa,42,2.0,yes,furnished,108643350.0
350.0,2,1.0,1,Hyderabad,Premium Township,Apartment,51,3.0,yes,furnished,3853917.0
1271.0,3,3.0,1,Indore,Near Metro,Apartment,58,1.0,yes,semi-furnished,6297928.0
1452.0,4,4.0,1,Pune,Outskirts,Apartment,43,2.0,yes,semi-furnished,7414524.0
1354.0,2,2.0,2,Lucknow,Prime Suburb,Row House,40,1.0,no,semi-furnished,8191518.0
1153.0,1,1.0,1,Chennai,Prime Suburb,Apartment,38,1.0,yes,furnished,10889226.0
1335.0,3,3.0,1,Delhi,Prime Suburb,Apartment,25,1.0,yes,semi-furnished,20581375.0
1294.0,5,4.0,1,Hyderabad,City Centre,Apartment,21,0.0,no,semi-furnished,20518243.0
1237.0,2,2.0,1,Kolkata,Prime Suburb,Independent House,55,3.0,yes,unfurnished,13331295.0
1374.0,1,1.0,1,Indore,Suburb,Independent House,26,1.0,yes,semi-furnished,7656808.0
444.0,1,1.0,1,Chennai,Suburb,Studio,57,3.0,yes,furnished,3570907.0
1117.0,1,1.0,1,Mumbai,Outskirts,Apartment,24,0.0,yes,unfurnished,9315680.0
1342.0,3,2.0,2,Delhi,City Centre,Row House,44,1.0,no,unfurnished,28362982.0
884.0,1,2.0,2,Hyderabad,Waterfront,Apartment,17,2.0,no,unfurnished,10571736.0
1569.0,2,2.0,1,Delhi,Suburb,Independent House,25,1.0,yes,unfurnished,20786754.0
638.0,2,2.0,1,Jaipur,Prime Suburb,Apartment,30,3.0,no,furnished,4825778.0
588.0,2,2.0,1,Pune,Prime Suburb,Apartment,7,1.0,yes,semi-furnished,7237582.0
2766.0,4,4.0,3,Mumbai,City Centre,Villa,44,1.0,yes,semi-furnished,108643350.0
2422.0,5,4.0,2,Kolkata,Suburb,Villa,19,1.0,yes,semi-furnished,16475015.0
546.0,1,1.0,1,Mumbai,Suburb,Studio,23,0.0,yes,semi-furnished,10988101.0
1237.0,1,1.0,1,Hyderabad,Prime Suburb,Independent House,18,0.0,yes,semi-furnished,13629159.0
2324.0,3,1.0,3,Kolkata,Premium Township,Villa,5,3.0,yes,semi-furnished,29842650.0
707.0,2,2.0,1,Kolkata,Outskirts,Apartment,54,1.0,yes,unfurnished,2018973.0
1050.0,3,3.0,1,Chennai,Suburb,Independent House,54,1.0,no,furnished,8311980.0
801.0,2,2.0,1,Delhi,Prime Suburb,Apartment,14,0.0,yes,unfurnished,12147383.0
1308.0,3,3.0,3,Kolkata,Suburb,Independent House,49,2.0,yes,semi-furnished,9749198.0
1264.0,2,2.0,2,Delhi,Gated Community,Apartment,33,1.0,yes,furnished,21211975.0
420.0,1,1.0,3,Kochi,Gated Community,Row House,17,2.0,yes,unfurnished,4149310.0
2570.0,3,2.0,2,Delhi,Suburb,Penthouse,11,3.0,yes,unfurnished,48673167.0
1391.0,2,2.0,3,Chennai,Prime Suburb,Row House,6,1.0,no,furnished,13924976.0
1315.0,3,3.0,1,Kolkata,Suburb,Apartment,58,0.0,yes,furnished,7257100.0
1053.0,2,2.0,1,Ahmedabad,Prime Suburb,Apartment,48,0.0,no,furnished,7557328.0
1062.0,4,2.0,1,Chandigarh,Outskirts,Independent House,53,0.0,yes,semi-furnished,4820183.0
367.0,1,1.0,1,Indore,Premium Township,Studio,45,1.0,no,semi-furnished,2377476.0
1304.0,2,2.0,2,Bangalore,Prime Suburb,Apartment,7,0.0,yes,semi-furnished,16345373.0
2001.0,3,2.0,2,Mumbai,Gated Community,Villa,5,1.0,yes,unfurnished,66217943.0
1116.0,3,3.0,1,Hyderabad,Waterfront,Apartment,52,1.0,no,furnished,15584210.0
1014.0,4,3.0,2,Indore,Near Metro,Independent House,54,3.0,no,semi-furnished,7452122.0
2535.0,3,3.0,2,Mumbai,Outskirts,Penthouse,44,3.0,yes,furnished,48366552.0
1273.0,2,2.0,1,Mumbai,Prime Suburb,Independent House,11,3.0,no,semi-furnished,37934388.0
1054.0,1,1.0,1,Bangalore,Near Metro,Apartment,36,1.0,yes,unfurnished,9481548.0
1473.0,4,3.0,1,Ahmedabad,Suburb,Apartment,6,2.0,yes,semi-furnished,9510022.0
1483.0,3,3.0,1,Delhi,Suburb,Apartment,12,2.0,yes,semi-furnished,17740375.0
950.0,2,2.0,2,Mumbai,Waterfront,Apartment,47,2.0,yes,unfurnished,22857939.0
1226.0,3,2.0,2,Chennai,Waterfront,Row House,34,2.0,yes,semi-furnished,65501262.0
1037.0,2,1.0,2,Bangalore,Outskirts,Independent House,9,2.0,yes,unfurnished,6634246.0
2146.0,3,3.0,1,Chandigarh,Near Metro,Apartment,32,0.0,yes,unfurnished,16512114.0
1373.0,3,1.0,1,Chennai,Suburb,Apartment,51,1.0,no,semi-furnished,9545983.0
1312.0,3,3.0,2,Mumbai,Outskirts,Apartment,22,0.0,yes,semi-furnished,15547041.0
1605.0,4,3.0,2,Mumbai,City Centre,Villa,4,1.0,no,semi-furnished,72728428.0
890.0,1,1.0,1,Kolkata,Outskirts,Apartment,22,0.0,no,unfurnished,2992713.0
1606.0,5,3.0,1,Delhi,Suburb,Apartment,29,2.0,yes,semi-furnished,20949074.0
1833.0,2,2.0,2,Chandigarh,Suburb,Apartment,13,1.0,yes,unfurnished,13299644.0
1423.0,3,3.0,1,Pune,Near Metro,Independent House,10,1.0,yes,furnished,15593556.0
464.0,1,1.0,1,Mumbai,City Centre,Studio,35,1.0,yes,semi-furnished,16179463.0
1378.0,1,1.0,1,Bangalore,Outskirts,Independent House,47,2.0,yes,semi-furnished,7344295.0
1314.0,3,3.0,1,Jaipur,Outskirts,Apartment,32,1.0,no,unfurnished,3681165.0
1400.0,3,3.0,1,Ahmedabad,Suburb,Apartment,22,2.0,yes,unfurnished,8361749.0
2511.0,3,3.0,2,Bangalore,Outskirts,Villa,8,2.0,no,semi-furnished,18542782.0
2142.0,2,1.0,1,Delhi,Outskirts,Independent House,2,2.0,no,furnished,17375473.0
1275.0,1,1.0,1,Mumbai,Outskirts,Apartment,4,0.0,yes,furnished,15273738.0
2642.0,3,1.0,2,Chennai,Prime Suburb,Penthouse,46,1.0,no,furnished,35127301.0
514.0,1,1.0,1,Bangalore,Waterfront,Studio,1,0.0,no,unfurnished,7369050.0
566.0,1,1.0,1,Jaipur,Premium Township,Studio,28,1.0,yes,semi-furnished,4673231.0
1858.0,2,2.0,1,Bangalore,Gated Community,Apartment,34,1.0,no,unfurnished,20767234.0
1109.0,2,1.0,1,Indore,Premium Township,Apartment,52,0.0,yes,semi-furnished,7570021.0
1475.0,3,3.0,2,Bangalore,Outskirts,Apartment,46,0.0,yes,semi-furnished,6706792.0
1107.0,3,1.0,2,Delhi,Near Metro,Apartment,49,1.0,no,semi-furnished,14954065.0
1252.0,4,4.0,2,Mumbai,Waterfront,Apartment,46,1.0,yes,semi-furnished,39519066.0
1118.0,5,4.0,1,Kochi,Gated Community,Apartment,41,1.0,no,unfurnished,11366043.0
1121.0,3,2.0,1,Hyderabad,City Centre,Apartment,10,1.0,no,semi-furnished,18578055.0
1354.0,2,2.0,1,Bangalore,Outskirts,Apartment,37,1.0,yes,furnished,7595610.0
1327.0,3,3.0,3,Chennai,Outskirts,Row House,49,3.0,yes,unfurnished,6262023.0
1393.0,3,3.0,1,Jaipur,Suburb,Apartment,17,1.0,no,semi-furnished,8132155.0
1025.0,3,3.0,2,Kochi,Near Metro,Apartment,32,0.0,yes,furnished,8326707.0
888.0,3,2.0,1,Bangalore,Prime Suburb,Apartment,32,0.0,yes,furnished,11185265.0
2379.0,4,2.0,2,Jaipur,Suburb,Villa,49,1.0,yes,semi-furnished,14601770.0
947.0,4,2.0,1,Bangalore,Suburb,Apartment,30,0.0,yes,semi-furnished,9228698.0
417.0,1,1.0,1,Jaipur,Gated Community,Studio,28,0.0,yes,semi-furnished,3134375.0
476.0,2,2.0,1,Chennai,Outskirts,Apartment,6,1.0,yes,unfurnished,2851739.0
1471.0,2,1.0,1,Ahmedabad,Premium Township,Apartment,43,1.0,yes,unfurnished,10511685.0
1644.0,3,2.0,1,Kochi,Suburb,Apartment,49,0.0,yes,semi-furnished,9232535.0
411.0,3,3.0,1,Pune,Outskirts,Apartment,37,3.0,no,semi-furnished,2818982.0
2726.0,5,4.0,2,Bangalore,Suburb,Villa,19,2.0,no,semi-furnished,34896658.0
1113.0,2,1.0,1,Lucknow,Premium Township,Apartment,8,0.0,yes,semi-furnished,9711812.0
446.0,2,1.0,1,Chandigarh,Suburb,Apartment,0,2.0,yes,semi-furnished,4801254.0
1514.0,3,2.0,2,Delhi,Outskirts,Independent House,41,1.0,yes,semi-furnished,10497943.0
695.0,4,4.0,2,Chandigarh,Suburb,Row House,41,1.0,yes,furnished,6156130.0
1341.0,2,1.0,2,Kolkata,Near Metro,Independent House,50,1.0,yes,unfurnished,9802270.0
1647.0,4,4.0,2,Kolkata,City Centre,Row House,4,1.0,yes,furnished,18031631.0
1290.0,1,1.0,1,Chennai,Suburb,Independent House,9,3.0,yes,unfurnished,12018574.0
649.0,3,3.0,1,Ahmedabad,Gated Community,Apartment,30,1.0,yes,semi-furnished,5927650.0
984.0,1,1.0,1,Bangalore,Outskirts,Independent House,50,1.0,no,semi-furnished,4319861.0
1127.0,2,2.0,2,Bangalore,Waterfront,Apartment,3,1.0,yes,furnished,18424681.0
1790.0,4,3.0,2,Mumbai,Prime Suburb,Independent House,5,1.0,no,unfurnished,44585585.0
523.0,1,1.0,1,Mumbai,Outskirts,Studio,25,0.0,yes,semi-furnished,6201807.0
1082.0,2,2.0,1,Indore,Near Metro,Apartment,25,0.0,yes,semi-furnished,6121698.0
1336.0,3,2.0,2,Ahmedabad,Suburb,Apartment,28,2.0,yes,furnished,8972701.0
364.0,1,1.0,1,Bangalore,Suburb,Studio,38,2.0,no,semi-furnished,3232696.0
1311.0,3,1.0,1,Chennai,City Centre,Apartment,40,0.0,yes,semi-furnished,16248441.0
1035.0,2,1.0,2,Chennai,Prime Suburb,Row House,54,1.0,yes,semi-furnished,10263542.0
3414.0,3,1.0,3,Chandigarh,Gated Community,Villa,43,2.0,yes,unfurnished,40079047.0
3417.0,3,3.0,3,Jaipur,Gated Community,Villa,51,2.0,yes,semi-furnished,28475227.0
1849.0,2,1.0,3,Ahmedabad,City Centre,Independent House,11,0.0,yes,unfurnished,22921903.0
2766.0,3,3.0,2,Bangalore,Gated Community,Villa,46,3.0,yes,unfurnished,42458764.0
650.0,2,2.0,1,Kolkata,Near Metro,Apartment,18,2.0,yes,unfurnished,5084048.0
869.0,3,2.0,1,Mumbai,Premium Township,Apartment,3,1.0,no,semi-furnished,28759147.0
2552.0,3,2.0,1,Delhi,Prime Suburb,Penthouse,45,2.0,no,unfurnished,50319812.0
679.0,2,1.0,1,Mumbai,Premium Township,Apartment,39,3.0,yes,semi-furnished,20908445.0
783.0,4,4.0,1,Jaipur,Suburb,Apartment,49,2.0,yes,semi-furnished,4798366.0
532.0,1,1.0,1,Bangalore,Suburb,Studio,41,3.0,yes,unfurnished,5368628.0
539.0,3,2.0,2,Ahmedabad,Suburb,Independent House,7,1.0,no,furnished,5475641.0
532.0,1,1.0,1,Chennai,Suburb,Studio,40,0.0,yes,unfurnished,3897463.0
967.0,3,2.0,1,Bangalore,Suburb,Apartment,25,0.0,no,semi-furnished,8974960.0
1045.0,2,1.0,1,Chennai,Gated Community,Independent House,21,1.0,yes,unfurnished,11167424.0
1260.0,2,2.0,2,Bangalore,Outskirts,Row House,7,1.0,yes,furnished,8415891.0
1541.0,2,2.0,1,Indore,Gated Community,Apartment,16,1.0,yes,semi-furnished,9732408.0
3136.0,3,2.0,2,Delhi,City Centre,Villa,4,1.0,yes,semi-furnished,90022997.0
1171.0,3,2.0,2,Indore,Outskirts,Row House,28,1.0,yes,unfurnished,3678961.0
2865.0,4,4.0,1,Kochi,Suburb,Penthouse,4,2.0,yes,semi-furnished,24626692.0
1283.0,3,2.0,1,Chandigarh,Suburb,Apartment,39,0.0,yes,semi-furnished,8634121.0
556.0,1,1.0,2,Ahmedabad,Waterfront,Apartment,20,0.0,no,semi-furnished,5975558.0
859.0,2,1.0,1,Mumbai,Suburb,Apartment,39,2.0,no,semi-furnished,15994649.0
850.0,2,2.0,1,Chennai,Gated Community,Apartment,12,0.0,yes,semi-furnished,8957800.0
350.0,1,1.0,1,Indore,Suburb,Apartment,3,2.0,no,unfurnished,2649008.0
817.0,2,2.0,1,Hyderabad,Prime Suburb,Apartment,44,1.0,no,unfurnished,7414027.0
528.0,1,1.0,1,Bangalore,Outskirts,Studio,6,0.0,yes,unfurnished,3342929.0
350.0,2,2.0,1,Chennai,Prime Suburb,Independent House,22,0.0,no,furnished,4263683.0
1482.0,3,2.0,1,Ahmedabad,Near Metro,Apartment,0,0.0,yes,furnished,11049339.0
464.0,1,1.0,1,Chandigarh,Suburb,Studio,27,0.0,no,semi-furnished,3286105.0
2080.0,3,2.0,2,Indore,City Centre,Villa,22,1.0,yes,unfurnished,23831622.0
1575.0,3,3.0,3,Hyderabad,Suburb,Independent House,32,2.0,yes,semi-furnished,14407132.0
1792.0,3,2.0,2,Mumbai,Outskirts,Penthouse,10,1.0,yes,unfurnished,31651980.0
1331.0,1,1.0,1,Delhi,Prime Suburb,Apartment,31,0.0,yes,furnished,20990362.0
608.0,1,1.0,1,Kolkata,Suburb,Studio,1,2.0,yes,semi-furnished,4191800.0
1705.0,3,3.0,1,Mumbai,Outskirts,Apartment,1,1.0,no,unfurnished,19240251.0
1435.0,3,3.0,2,Bangalore,Outskirts,Apartment,58,2.0,no,furnished,7617459.0
822.0,2,1.0,1,Delhi,Prime Suburb,Apartment,33,0.0,yes,semi-furnished,12562565.0
2109.0,3,3.0,1,Kochi,Prime Suburb,Penthouse,48,1.0,yes,unfurnished,26389291.0
2055.0,2,1.0,1,Bangalore,Near Metro,Apartment,21,0.0,yes,unfurnished,20447833.0
1237.0,2,1.0,2,Bangalore,Prime Suburb,Row House,31,3.0,yes,unfurnished,16528299.0
1253.0,3,3.0,1,Chennai,Premium Township,Apartment,33,1.0,yes,furnished,14727603.0
1512.0,2,2.0,3,Chennai,Suburb,Independent House,2,1.0,yes,semi-furnished,13492362.0
1528.0,1,1.0,1,Bangalore,Prime Suburb,Apartment,28,1.0,yes,unfurnished,18209577.0
1752.0,4,4.0,4,Bangalore,City Centre,Villa,0,1.0,yes,unfurnished,37586705.0
532.0,2,2.0,1,Hyderabad,City Centre,Apartment,54,1.0,yes,semi-furnished,7634657.0
1096.0,4,4.0,2,Bangalore,Gated Community,Row House,55,0.0,yes,semi-furnished,15761133.0
1859.0,2,1.0,2,Jaipur,Premium Township,Apartment,1,2.0,no,unfurnished,14315318.0
1830.0,3,3.0,1,Hyderabad,Near Metro,Apartment,13,1.0,yes,semi-furnished,17989045.0
454.0,1,1.0,1,Lucknow,Prime Suburb,Studio,12,1.0,no,unfurnished,3683019.0
845.0,4,3.0,2,Mumbai,Near Metro,Independent House,2,2.0,yes,semi-furnished,25830561.0
553.0,4,4.0,1,Ahmedabad,Gated Community,Independent House,38,2.0,no,semi-furnished,5707755.0
1483.0,4,4.0,1,Lucknow,Outskirts,Apartment,50,2.0,yes,furnished,5219540.0
1545.0,2,1.0,2,Bangalore,Gated Community,Apartment,49,1.0,no,semi-furnished,17090465.0
668.0,3,3.0,1,Delhi,Suburb,Apartment,53,0.0,yes,unfurnished,6805603.0
745.0,1,1.0,2,Delhi,Near Metro,Apartment,40,1.0,yes,unfurnished,9390122.0
1488.0,3,2.0,1,Delhi,Outskirts,Independent House,44,1.0,yes,semi-furnished,11293063.0
1302.0,3,3.0,2,Kolkata,Gated Community,Apartment,51,0.0,no,semi-furnished,9076117.0
706.0,3,2.0,2,Jaipur,Near Metro,Row House,45,0.0,no,unfurnished,4489553.0
1045.0,1,1.0,2,Bangalore,Outskirts,Independent House,44,3.0,yes,furnished,6012205.0
1598.0,3,3.0,2,Mumbai,Gated Community,Apartment,35,1.0,yes,semi-furnished,45764583.0
1314.0,1,1.0,2,Kolkata,Suburb,Row House,38,1.0,no,semi-furnished,7388885.0
2097.0,3,3.0,1,Mumbai,Gated Community,Penthouse,51,2.0,yes,semi-furnished,74178093.0
1237.0,3,3.0,2,Ahmedabad,City Centre,Row House,28,1.0,no,semi-furnished,19635388.0
1102.0,3,3.0,1,Lucknow,Gated Community,Apartment,15,3.0,yes,unfurnished,7981621.0
1567.0,5,4.0,2,Kolkata,Suburb,Independent House,20,3.0,yes,semi-furnished,12620965.0
836.0,3,2.0,1,Kolkata,Waterfront,Independent House,10,0.0,yes,semi-furnished,10217982.0
1583.0,3,1.0,2,Mumbai,Prime Suburb,Row House,17,0.0,no,semi-furnished,39844685.0
2159.0,4,3.0,1,Bangalore,Premium Township,Apartment,21,3.0,yes,semi-furnished,35487213.0
1256.0,2,2.0,2,Pune,Suburb,Apartment,10,1.0,no,semi-furnished,13123422.0
1606.0,3,2.0,2,Hyderabad,Prime Suburb,Row House,44,2.0,yes,semi-furnished,17898139.0
1296.0,2,1.0,2,Bangalore,City Centre,Row House,19,0.0,no,semi-furnished,21371527.0
1101.0,4,4.0,2,Bangalore,Suburb,Apartment,8,1.0,yes,unfurnished,11717452.0
1603.0,3,1.0,2,Indore,Prime Suburb,Penthouse,19,0.0,no,furnished,15689646.0
960.0,4,3.0,1,Delhi,Suburb,Apartment,51,2.0,yes,semi-furnished,11868989.0
368.0,1,1.0,1,Kolkata,Premium Township,Apartment,30,0.0,yes,unfurnished,2766912.0
1001.0,2,1.0,3,Mumbai,Prime Suburb,Row House,7,1.0,yes,unfurnished,25057088.0
378.0,1,1.0,1,Pune,Prime Suburb,Studio,45,1.0,no,unfurnished,3706337.0
363.0,1,1.0,1,Chandigarh,Prime Suburb,Studio,42,2.0,yes,semi-furnished,3174005.0
1022.0,4,3.0,1,Bangalore,Premium Township,Apartment,14,1.0,yes,unfurnished,15521461.0
1357.0,3,2.0,2,Hyderabad,Outskirts,Apartment,60,3.0,no,unfurnished,6057758.0
364.0,1,2.0,1,Pune,Suburb,Studio,24,1.0,no,unfurnished,3199446.0
1237.0,3,2.0,2,Ahmedabad,Prime Suburb,Independent House,46,1.0,no,unfurnished,4805738.0
2542.0,4,4.0,3,Jaipur,City Centre,Villa,51,1.0,yes,unfurnished,36599241.0
2251.0,4,4.0,2,Ahmedabad,Prime Suburb,Penthouse,21,3.0,no,unfurnished,23088388.0
862.0,3,2.0,2,Indore,Suburb,Independent House,27,1.0,yes,unfurnished,4881162.0
1494.0,3,3.0,1,Lucknow,Premium Township,Apartment,52,0.0,no,furnished,11316966.0
1224.0,1,1.0,1,Indore,Suburb,Apartment,23,2.0,yes,furnished,6441605.0
1131.0,3,3.0,2,Chennai,Outskirts,Row House,42,0.0,yes,furnished,5384206.0
940.0,3,2.0,2,Lucknow,Gated Community,Independent House,6,3.0,yes,semi-furnished,9190675.0
413.0,3,3.0,1,Delhi,Prime Suburb,Apartment,52,3.0,no,unfurnished,6462941.0
2678.0,3,2.0,2,Chandigarh,City Centre,Penthouse,11,1.0,yes,semi-furnished,54748538.0
2930.0,3,3.0,2,Kolkata,Outskirts,Villa,26,1.0,no,furnished,11806815.0
470.0,1,1.0,1,Bangalore,City Centre,Studio,18,2.0,yes,semi-furnished,9751368.0
2015.0,2,1.0,2,Bangalore,Near Metro,Apartment,3,1.0,yes,unfurnished,23324083.0
548.0,4,2.0,1,Mumbai,Outskirts,Apartment,26,2.0,yes,semi-furnished,10204146.0
776.0,1,1.0,3,Chandigarh,Outskirts,Row House,13,3.0,yes,semi-furnished,4111020.0
1904.0,4,3.0,2,Indore,Outskirts,Independent House,19,0.0,yes,semi-furnished,6521482.0
1517.0,2,1.0,2,Delhi,Gated Community,Apartment,24,0.0,no,semi-furnished,25442898.0
350.0,5,4.0,2,Delhi,Suburb,Row House,28,1.0,yes,semi-furnished,7169040.0
866.0,3,3.0,1,Pune,City Centre,Apartment,34,1.0,yes,semi-furnished,12670226.0
536.0,4,3.0,1,Chennai,Prime Suburb,Independent House,46,1.0,yes,semi-furnished,5459207.0
1019.0,4,2.0,2,Bangalore,Waterfront,Independent House,21,2.0,yes,semi-furnished,17177778.0
403.0,1,1.0,1,Bangalore,Outskirts,Studio,9,2.0,yes,semi-furnished,3223610.0
379.0,1,1.0,1,Bangalore,Near Metro,Studio,46,0.0,yes,furnished,3098575.0
350.0,2,2.0,2,Kochi,Suburb,Independent House,13,0.0,no,semi-furnished,3198804.0
758.0,3,3.0,2,Lucknow,City Centre,Apartment,12,1.0,yes,unfurnished,7685988.0
791.0,1,1.0,2,Chennai,Suburb,Apartment,19,2.0,yes,unfurnished,7041278.0
2620.0,3,2.0,3,Bangalore,Prime Suburb,Villa,31,1.0,no,unfurnished,40601110.0
490.0,2,2.0,1,Chennai,Outskirts,Apartment,5,0.0,yes,unfurnished,2939606.0
458.0,1,1.0,1,Jaipur,Outskirts,Studio,5,1.0,yes,semi-furnished,2012481.0
2845.0,3,3.0,2,Hyderabad,Suburb,Penthouse,34,3.0,no,semi-furnished,33753274.0
1247.0,4,4.0,3,Delhi,Near Metro,Independent House,16,1.0,yes,semi-furnished,20020190.0
1715.0,2,1.0,2,Lucknow,Prime Suburb,Apartment,39,1.0,yes,unfurnished,11347720.0
395.0,1,1.0,1,Delhi,Waterfront,Studio,51,1.0,yes,furnished,7739309.0
835.0,2,1.0,3,Chennai,Outskirts,Independent House,48,2.0,yes,semi-furnished,4260944.0
789.0,2,2.0,2,Ahmedabad,Suburb,Row House,18,1.0,yes,furnished,6550889.0
1377.0,1,1.0,1,Ahmedabad,Suburb,Apartment,6,1.0,yes,furnished,8504276.0
679.0,3,2.0,1,Delhi,Waterfront,Apartment,19,1.0,no,furnished,15343521.0
928.0,4,3.0,3,Hyderabad,City Centre,Row House,44,0.0,yes,unfurnished,12611959.0
1154.0,2,1.0,1,Kolkata,City Centre,Apartment,12,1.0,yes,semi-furnished,11885557.0
1500.0,3,2.0,1,Delhi,Suburb,Penthouse,0,2.0,yes,unfurnished,26387277.0
1027.0,4,4.0,2,Pune,Prime Suburb,Independent House,13,1.0,yes,unfurnished,15087270.0
1053.0,3,3.0,2,Mumbai,City Centre,Apartment,38,2.0,no,furnished,33599118.0
1743.0,1,1.0,3,Jaipur,Premium Township,Row House,1,2.0,yes,semi-furnished,14239204.0
1270.0,2,1.0,1,Indore,Gated Community,Apartment,52,2.0,yes,semi-furnished,7420498.0
733.0,2,2.0,1,Chennai,Suburb,Apartment,41,0.0,yes,semi-furnished,5754563.0
1306.0,3,3.0,1,Kolkata,Outskirts,Apartment,42,2.0,no,semi-furnished,5071945.0
1460.0,5,4.0,1,Mumbai,Prime Suburb,Independent House,8,0.0,yes,semi-furnished,43341145.0
764.0,4,4.0,1,Jaipur,Prime Suburb,Apartment,14,1.0,yes,semi-furnished,7184611.0
1610.0,4,4.0,2,Bangalore,Waterfront,Apartment,24,1.0,yes,furnished,23905830.0
1101.0,1,1.0,1,Hyderabad,Suburb,Independent House,1,2.0,yes,unfurnished,11289399.0
542.0,1,1.0,1,Mumbai,Premium Township,Studio,38,2.0,yes,furnished,16967392.0
1404.0,4,3.0,1,Hyderabad,Gated Community,Apartment,46,1.0,yes,semi-furnished,16691499.0
851.0,1,1.0,4,Pune,Suburb,Independent House,40,1.0,no,semi-furnished,8000546.0
2416.0,3,1.0,1,Mumbai,Outskirts,Penthouse,2,0.0,yes,unfurnished,33959705.0
1009.0,4,2.0,1,Chennai,Suburb,Apartment,14,0.0,yes,unfurnished,8089214.0
1330.0,2,1.0,2,Kochi,Gated Community,Independent House,53,1.0,yes,semi-furnished,11070748.0
1216.0,2,2.0,1,Delhi,Prime Suburb,Apartment,14,1.0,yes,furnished,19196543.0
1185.0,4,3.0,1,Indore,City Centre,Apartment,47,0.0,yes,unfurnished,11293698.0
2099.0,3,1.0,1,Kochi,Outskirts,Penthouse,36,0.0,yes,semi-furnished,10213076.0
358.0,1,1.0,1,Bangalore,Prime Suburb,Studio,24,3.0,no,semi-furnished,4496887.0
1125.0,2,1.0,2,Pune,Outskirts,Apartment,38,2.0,yes,furnished,5946031.0
751.0,1,1.0,1,Bangalore,Suburb,Apartment,11,1.0,no,furnished,6994956.0
882.0,2,1.0,2,Bangalore,City Centre,Row House,20,0.0,yes,furnished,13325695.0
552.0,2,2.0,4,Hyderabad,Premium Township,Row House,45,0.0,no,semi-furnished,6227683.0
1237.0,1,1.0,1,Hyderabad,Suburb,Apartment,46,1.0,no,semi-furnished,7133693.0
2949.0,3,3.0,2,Kolkata,Outskirts,Villa,43,1.0,yes,semi-furnished,12048227.0
547.0,1,1.0,1,Lucknow,Suburb,Studio,54,2.0,yes,furnished,3100089.0
2778.0,4,4.0,1,Kochi,Near Metro,Penthouse,57,2.0,yes,furnished,34579408.0
1548.0,3,3.0,1,Hyderabad,Outskirts,Apartment,48,1.0,no,semi-furnished,6803023.0
2863.0,4,4.0,1,Pune,Suburb,Penthouse,30,1.0,yes,furnished,108643350.0
1253.0,3,2.0,1,Pune,Prime Suburb,Apartment,60,1.0,no,semi-furnished,13595325.0
1496.0,1,1.0,1,Chennai,Near Metro,Apartment,58,1.0,yes,furnished,12406778.0
956.0,4,4.0,1,Pune,Waterfront,Apartment,22,2.0,yes,unfurnished,14075943.0
2560.0,3,1.0,1,Bangalore,City Centre,Penthouse,57,1.0,no,furnished,54107074.0
1546.0,2,2.0,3,Kolkata,City Centre,Row House,9,2.0,yes,semi-furnished,19206285.0
1105.0,1,1.0,2,Kolkata,Gated Community,Row House,54,1.0,no,semi-furnished,5815542.0
2510.0,3,3.0,2,Chennai,Outskirts,Villa,18,3.0,yes,unfurnished,15772382.0
1136.0,3,3.0,1,Hyderabad,Gated Community,Apartment,3,0.0,yes,furnished,14177019.0
1213.0,1,1.0,2,Delhi,Suburb,Row House,59,1.0,no,unfurnished,11533166.0
1267.0,3,1.0,2,Hyderabad,Prime Suburb,Apartment,2,0.0,yes,semi-furnished,14040601.0
1182.0,3,3.0,1,Hyderabad,Outskirts,Apartment,46,0.0,no,unfurnished,5220679.0
2299.0,3,3.0,2,Kolkata,Premium Township,Penthouse,23,1.0,yes,semi-furnished,31487174.0
2682.0,3,3.0,3,Kolkata,Suburb,Villa,48,2.0,no,furnished,21276323.0
2579.0,3,3.0,2,Mumbai,Near Metro,Villa,33,2.0,yes,unfurnished,79517813.0
2754.0,3,2.0,1,Pune,Prime Suburb,Penthouse,7,1.0,yes,semi-furnished,43477332.0
841.0,2,2.0,2,Chennai,Prime Suburb,Apartment,13,2.0,yes,semi-furnished,9602685.0
981.0,2,2.0,1,Mumbai,Suburb,Apartment,0,2.0,no,unfurnished,20053561.0
364.0,1,1.0,1,Mumbai,Suburb,Apartment,20,2.0,yes,semi-furnished,8061902.0
538.0,3,3.0,4,Jaipur,Suburb,Row House,33,0.0,yes,semi-furnished,3885896.0
1674.0,3,2.0,2,Indore,City Centre,Row House,13,1.0,no,unfurnished,15291177.0
623.0,4,4.0,1,Delhi,Gated Community,Apartment,46,2.0,yes,unfurnished,10635273.0
1237.0,4,4.0,1,Ahmedabad,Premium Township,Apartment,22,1.0,yes,unfurnished,10867401.0
1521.0,3,1.0,1,Kolkata,Near Metro,Apartment,34,0.0,yes,semi-furnished,9191838.0
1846.0,2,2.0,2,Pune,Prime Suburb,Apartment,55,3.0,yes,furnished,20355392.0
1243.0,4,4.0,1,Hyderabad,City Centre,Apartment,46,1.0,yes,furnished,16350339.0
618.0,3,3.0,3,Kolkata,Waterfront,Row House,59,3.0,yes,unfurnished,6882697.0
2373.0,3,2.0,2,Kochi,Outskirts,Villa,17,1.0,yes,furnished,12692926.0
2855.0,3,1.0,2,Mumbai,Premium Township,Villa,10,3.0,yes,unfurnished,106514731.0
2128.0,2,2.0,1,Chandigarh,Prime Suburb,Apartment,3,3.0,yes,furnished,17371139.0
869.0,3,3.0,1,Delhi,Prime Suburb,Apartment,12,1.0,yes,semi-furnished,16417524.0
1237.0,3,3.0,3,Chennai,Waterfront,Villa,29,1.0,no,unfurnished,50948421.0
2022.0,3,3.0,2,Kolkata,Near Metro,Penthouse,56,0.0,yes,semi-furnished,22841806.0
533.0,1,1.0,1,Kochi,City Centre,Studio,24,0.0,no,semi-furnished,6900907.0
490.0,3,2.0,2,Bangalore,Near Metro,Apartment,41,0.0,yes,semi-furnished,5381581.0
1237.0,2,2.0,1,Lucknow,Suburb,Apartment,16,1.0,no,semi-furnished,8161132.0
383.0,2,1.0,2,Hyderabad,City Centre,Independent House,29,2.0,no,unfurnished,7142529.0
3321.0,3,2.0,3,Chennai,Suburb,Villa,26,2.0,yes,semi-furnished,31230284.0
2128.0,3,3.0,1,Mumbai,Prime Suburb,Penthouse,27,2.0,yes,semi-furnished,81104135.0
1154.0,2,1.0,1,Kolkata,Gated Community,Apartment,34,0.0,no,semi-furnished,8816919.0
589.0,1,1.0,1,Kolkata,Waterfront,Studio,21,1.0,yes,unfurnished,5987571.0
2067.0,3,2.0,3,Delhi,Prime Suburb,Villa,25,3.0,yes,unfurnished,42359400.0
1263.0,3,2.0,2,Delhi,Suburb,Apartment,43,1.0,yes,semi-furnished,15845293.0
936.0,2,1.0,1,Mumbai,Gated Community,Apartment,47,0.0,no,unfurnished,23255053.0
1421.0,3,3.0,1,Kolkata,Suburb,Apartment,44,2.0,no,furnished,8345675.0
373.0,1,1.0,1,Kolkata,Premium Township,Studio,26,0.0,no,furnished,3327499.0
928.0,1,1.0,1,Bangalore,Gated Community,Independent House,7,3.0,no,semi-furnished,13168124.0
792.0,3,2.0,1,Chennai,Waterfront,Apartment,53,3.0,yes,unfurnished,10171377.0
1486.0,3,3.0,2,Indore,Near Metro,Independent House,37,0.0,yes,semi-furnished,9951720.0
1698.0,1,1.0,3,Ahmedabad,City Centre,Independent House,46,1.0,yes,semi-furnished,20599364.0
1496.0,1,1.0,1,Hyderabad,Outskirts,Apartment,7,1.0,no,semi-furnished,7531323.0
1645.0,2,1.0,1,Delhi,Outskirts,Apartment,4,1.0,yes,semi-furnished,11994482.0
1835.0,2,1.0,4,Mumbai,Suburb,Row House,3,0.0,yes,unfurnished,42419916.0
1298.0,5,4.0,2,Ahmedabad,Suburb,Apartment,44,0.0,yes,semi-furnished,8580148.0
1623.0,3,2.0,1,Kochi,Suburb,Apartment,23,1.0,yes,unfurnished,10644205.0
573.0,3,3.0,1,Hyderabad,Prime Suburb,Apartment,4,1.0,yes,unfurnished,6674058.0
2719.0,3,3.0,2,Delhi,Suburb,Villa,33,1.0,yes,semi-furnished,41924444.0
1270.0,2,1.0,1,Chandigarh,City Centre,Apartment,56,0.0,yes,semi-furnished,13620176.0
606.0,1,1.0,1,Mumbai,Near Metro,Studio,46,2.0,yes,furnished,13519494.0
584.0,1,1.0,1,Mumbai,City Centre,Studio,42,0.0,yes,furnished,18852551.0
3588.0,3,3.0,3,Hyderabad,City Centre,Villa,30,1.0,yes,furnished,59825042.0
476.0,3,3.0,3,Chennai,City Centre,Independent House,58,1.0,yes,semi-furnished,6704382.0
883.0,2,2.0,2,Hyderabad,Prime Suburb,Independent House,55,0.0,yes,semi-furnished,8829961.0
859.0,3,3.0,1,Hyderabad,Near Metro,Apartment,10,0.0,yes,semi-furnished,9222679.0
312.0,1,1.0,1,Kolkata,Prime Suburb,Studio,45,1.0,no,unfurnished,2159222.0
2824.0,3,1.0,2,Mumbai,Outskirts,Villa,8,1.0,yes,semi-furnished,42675620.0
1380.0,2,1.0,1,Pune,Suburb,Apartment,52,0.0,yes,furnished,11283884.0
837.0,3,1.0,4,Mumbai,Near Metro,Independent House,35,1.0,yes,semi-furnished,17650387.0
1814.0,3,3.0,1,Kochi,Near Metro,Independent House,30,1.0,no,semi-furnished,14842583.0
2381.0,3,3.0,4,Lucknow,Suburb,Villa,9,1.0,no,furnished,16443537.0
1772.0,3,2.0,1,Bangalore,Near Metro,Penthouse,60,2.0,no,unfurnished,27277312.0
3815.0,3,3.0,2,Jaipur,Waterfront,Villa,20,1.0,yes,furnished,46507970.0
610.0,2,2.0,2,Ahmedabad,Suburb,Row House,22,1.0,yes,unfurnished,4712286.0
516.0,1,1.0,1,Hyderabad,Near Metro,Studio,13,1.0,yes,furnished,6468945.0
1161.0,3,2.0,1,Mumbai,Premium Township,Apartment,26,1.0,yes,furnished,37351685.0
1630.0,4,3.0,1,Indore,Prime Suburb,Apartment,41,2.0,yes,furnished,10676424.0
3423.0,5,4.0,2,Mumbai,Gated Community,Villa,20,1.0,yes,semi-furnished,108643350.0
1252.0,4,2.0,1,Ahmedabad,Prime Suburb,Apartment,14,1.0,no,furnished,10942090.0
491.0,1,1.0,1,Delhi,Suburb,Studio,19,2.0,yes,furnished,7154911.0
978.0,4,4.0,2,Kochi,Suburb,Apartment,45,1.0,yes,furnished,7291081.0
1563.0,3,2.0,2,Kolkata,Premium Township,Row House,46,0.0,no,unfurnished,13575290.0
1538.0,2,1.0,1,Bangalore,Premium Township,Apartment,49,1.0,yes,semi-furnished,19440619.0
1472.0,1,1.0,1,Bangalore,Gated Community,Apartment,12,2.0,yes,semi-furnished,18449503.0
807.0,2,2.0,2,Hyderabad,City Centre,Apartment,27,1.0,no,unfurnished,10053419.0
2014.0,2,1.0,1,Mumbai,Near Metro,Apartment,28,1.0,yes,unfurnished,46101932.0
4214.0,3,2.0,2,Bangalore,Suburb,Villa,35,1.0,no,semi-furnished,43681272.0
850.0,3,3.0,1,Hyderabad,Outskirts,Independent House,55,1.0,no,semi-furnished,4097445.0
992.0,2,1.0,1,Mumbai,Waterfront,Apartment,19,1.0,yes,unfurnished,30699319.0
999.0,2,2.0,1,Delhi,Outskirts,Apartment,43,2.0,no,unfurnished,6770590.0
3151.0,3,1.0,3,Pune,Prime Suburb,Villa,15,1.0,yes,furnished,48542901.0
1777.0,2,1.0,1,Mumbai,Premium Township,Apartment,3,1.0,yes,semi-furnished,56495123.0
654.0,2,2.0,1,Mumbai,Outskirts,Apartment,4,3.0,yes,unfurnished,10167630.0
1409.0,2,2.0,1,Mumbai,Waterfront,Independent House,37,1.0,yes,furnished,47568857.0
2624.0,3,3.0,2,Kolkata,City Centre,Villa,57,1.0,yes,furnished,39997179.0
1374.0,3,3.0,4,Hyderabad,Waterfront,Independent House,15,1.0,yes,unfurnished,20805280.0
2940.0,3,3.0,1,Chandigarh,Gated Community,Penthouse,39,1.0,no,unfurnished,39953474.0
395.0,1,1.0,1,Indore,Premium Township,Studio,42,1.0,yes,semi-furnished,2981538.0
1849.0,4,4.0,2,Ahmedabad,Prime Suburb,Row House,13,0.0,yes,unfurnished,14622371.0
1431.0,3,3.0,3,Bangalore,Suburb,Row House,43,2.0,yes,semi-furnished,16204344.0
1685.0,1,1.0,1,Bangalore,Premium Township,Apartment,16,0.0,yes,semi-furnished,26047600.0
2565.0,3,3.0,2,Hyderabad,Premium Township,Villa,25,1.0,yes,semi-furnished,38894848.0
1227.0,3,1.0,2,Ahmedabad,Suburb,Row House,51,1.0,no,unfurnished,6988982.0
690.0,1,1.0,1,Hyderabad,Suburb,Apartment,6,1.0,no,semi-furnished,6285732.0
1370.0,2,2.0,2,Mumbai,City Centre,Row House,28,0.0,no,unfurnished,50856422.0
1585.0,2,2.0,1,Jaipur,Waterfront,Apartment,12,1.0,no,semi-furnished,12189142.0
2311.0,2,2.0,1,Delhi,Outskirts,Apartment,36,1.0,no,unfurnished,16299215.0
1986.0,3,2.0,3,Chandigarh,Prime Suburb,Villa,15,1.0,yes,semi-furnished,83782700.0
1500.0,3,3.0,1,Kolkata,City Centre,Penthouse,9,1.0,no,semi-furnished,21551778.0
1508.0,1,1.0,1,Bangalore,Prime Suburb,Apartment,23,1.0,yes,furnished,16649295.0
3184.0,4,3.0,2,Pune,Prime Suburb,Villa,6,1.0,yes,unfurnished,44398669.0
1280.0,3,3.0,2,Chennai,Premium Township,Row House,59,3.0,yes,furnished,15070977.0
1996.0,3,3.0,1,Hyderabad,Near Metro,Apartment,29,0.0,yes,semi-furnished,18844057.0
1599.0,2,1.0,2,Chennai,Prime Suburb,Apartment,40,0.0,no,unfurnished,13502340.0
495.0,1,1.0,1,Delhi,Outskirts,Studio,2,2.0,yes,unfurnished,5343900.0
1383.0,3,3.0,2,Pune,City Centre,Independent House,47,3.0,yes,unfurnished,22951119.0
1245.0,2,2.0,2,Kochi,Prime Suburb,Apartment,15,1.0,yes,semi-furnished,9438859.0
1327.0,2,1.0,2,Chennai,Near Metro,Apartment,32,1.0,yes,semi-furnished,12155338.0
1283.0,2,2.0,1,Delhi,Suburb,Apartment,13,0.0,no,semi-furnished,14462527.0
1132.0,1,1.0,1,Chandigarh,Suburb,Apartment,36,1.0,no,unfurnished,7808133.0
507.0,3,3.0,2,Kolkata,Suburb,Apartment,6,2.0,no,semi-furnished,4832666.0
1244.0,3,2.0,3,Mumbai,Outskirts,Row House,8,1.0,yes,semi-furnished,18686827.0
560.0,3,2.0,1,Jaipur,Prime Suburb,Apartment,10,1.0,yes,unfurnished,4822012.0
1147.0,3,2.0,2,Jaipur,Outskirts,Row House,60,2.0,yes,semi-furnished,3615118.0
1064.0,4,2.0,1,Jaipur,Suburb,Independent House,1,1.0,no,furnished,7826861.0
1660.0,3,3.0,1,Hyderabad,Prime Suburb,Independent House,53,2.0,no,semi-furnished,17992289.0
2608.0,3,3.0,2,Indore,Prime Suburb,Penthouse,12,3.0,yes,semi-furnished,27508148.0
2000.0,3,1.0,2,Pune,Prime Suburb,Row House,52,1.0,no,furnished,19328724.0
643.0,1,1.0,1,Kochi,City Centre,Studio,25,2.0,yes,semi-furnished,8595481.0
2483.0,4,4.0,2,Kolkata,Outskirts,Villa,31,1.0,yes,unfurnished,11117735.0
1400.0,3,2.0,1,Ahmedabad,Outskirts,Apartment,17,2.0,yes,furnished,6121453.0
3059.0,3,3.0,2,Indore,Waterfront,Penthouse,13,2.0,yes,unfurnished,28938959.0
491.0,1,1.0,1,Indore,Waterfront,Studio,46,2.0,yes,unfurnished,3400876.0
2081.0,4,3.0,3,Chennai,Waterfront,Villa,31,1.0,yes,unfurnished,39470407.0
3509.0,3,3.0,2,Ahmedabad,Prime Suburb,Villa,23,2.0,yes,unfurnished,33394574.0
1742.0,3,3.0,2,Hyderabad,Suburb,Villa,39,1.0,no,unfurnished,18203466.0
750.0,2,2.0,1,Kochi,Suburb,Apartment,44,2.0,yes,unfurnished,4739510.0
1348.0,2,2.0,2,Pune,Prime Suburb,Row House,49,0.0,yes,unfurnished,13610645.0
350.0,3,2.0,2,Indore,Prime Suburb,Independent House,56,1.0,yes,unfurnished,2197942.0
1600.0,3,3.0,2,Mumbai,Near Metro,Villa,51,1.0,no,semi-furnished,43766415.0
1179.0,3,3.0,1,Jaipur,Suburb,Apartment,10,2.0,yes,furnished,5983772.0
1439.0,2,1.0,1,Bangalore,Prime Suburb,Apartment,45,2.0,no,furnished,15761685.0
1698.0,3,3.0,1,Ahmedabad,Waterfront,Apartment,35,1.0,no,semi-furnished,15947980.0
1910.0,1,1.0,1,Pune,City Centre,Apartment,3,2.0,yes,unfurnished,32062929.0
1374.0,1,1.0,1,Chennai,Waterfront,Apartment,46,0.0,yes,semi-furnished,16878913.0
2979.0,3,1.0,2,Bangalore,Near Metro,Villa,47,1.0,no,semi-furnished,40516052.0
793.0,3,3.0,2,Delhi,Prime Suburb,Apartment,32,1.0,no,semi-furnished,11735516.0
1885.0,3,3.0,1,Hyderabad,Near Metro,Penthouse,17,3.0,yes,semi-furnished,30102632.0
548.0,1,1.0,1,Hyderabad,Near Metro,Studio,35,1.0,yes,semi-furnished,5266136.0
1495.0,2,2.0,2,Kolkata,Outskirts,Apartment,19,2.0,no,unfurnished,4797388.0
503.0,1,1.0,1,Kolkata,Gated Community,Studio,4,2.0,yes,semi-furnished,5240255.0
1640.0,1,1.0,1,Kolkata,Outskirts,Apartment,31,1.0,no,unfurnished,5035126.0
1600.0,3,3.0,2,Ahmedabad,Near Metro,Villa,24,2.0,no,semi-furnished,13881866.0
2270.0,3,3.0,2,Bangalore,Outskirts,Penthouse,29,0.0,yes,furnished,18467658.0
538.0,1,1.0,1,Kochi,City Centre,Independent House,50,2.0,yes,semi-furnished,6590479.0
645.0,3,2.0,1,Bangalore,Near Metro,Apartment,46,3.0,yes,semi-furnished,7884755.0
731.0,3,3.0,1,Delhi,Premium Township,Apartment,18,1.0,no,furnished,15282065.0
2708.0,3,3.0,1,Delhi,Suburb,Penthouse,31,0.0,no,semi-furnished,40806384.0
1184.0,2,1.0,1,Bangalore,Gated Community,Apartment,58,2.0,yes,furnished,12971822.0
1262.0,2,2.0,4,Chennai,Waterfront,Row House,31,0.0,no,furnished,16145683.0
2043.0,5,4.0,1,Chandigarh,Prime Suburb,Apartment,16,1.0,no,furnished,18728425.0
1144.0,2,1.0,1,Mumbai,Suburb,Apartment,12,2.0,yes,semi-furnished,20699936.0
2588.0,3,3.0,2,Hyderabad,City Centre,Villa,57,2.0,no,semi-furnished,49203892.0
434.0,1,1.0,1,Kolkata,City Centre,Studio,34,3.0,no,semi-furnished,5043650.0
3868.0,3,3.0,2,Hyderabad,Premium Township,Villa,10,2.0,no,furnished,58757575.0
1192.0,3,3.0,3,Bangalore,Outskirts,Row House,38,1.0,yes,unfurnished,6167486.0
1244.0,3,3.0,2,Delhi,Prime Suburb,Apartment,27,2.0,yes,unfurnished,19458057.0
1453.0,3,3.0,3,Kolkata,Gated Community,Independent House,56,1.0,no,semi-furnished,11813894.0
611.0,4,4.0,2,Kolkata,Suburb,Independent House,46,1.0,no,unfurnished,4130609.0
741.0,4,4.0,1,Mumbai,Outskirts,Apartment,34,2.0,yes,furnished,12975351.0
1344.0,2,2.0,1,Kochi,Suburb,Apartment,57,1.0,yes,unfurnished,6939010.0
1322.0,1,1.0,1,Bangalore,Premium Township,Apartment,12,1.0,yes,semi-furnished,22397285.0
1567.0,1,1.0,1,Delhi,Prime Suburb,Independent House,14,2.0,yes,furnished,21596190.0
979.0,3,3.0,1,Indore,Suburb,Apartment,55,1.0,yes,unfurnished,4276141.0
958.0,2,2.0,3,Indore,Suburb,Independent House,17,1.0,yes,semi-furnished,6280407.0
1077.0,5,4.0,1,Bangalore,Gated Community,Apartment,7,2.0,yes,semi-furnished,17639524.0
880.0,3,3.0,1,Kolkata,Waterfront,Apartment,24,3.0,yes,unfurnished,10149756.0
816.0,3,3.0,2,Delhi,Suburb,Row House,46,0.0,yes,semi-furnished,9140995.0
649.0,3,3.0,2,Hyderabad,Outskirts,Row House,15,0.0,yes,semi-furnished,4087623.0
885.0,4,4.0,1,Pune,Prime Suburb,Independent House,19,1.0,yes,furnished,50457129.0
849.0,3,2.0,3,Bangalore,Outskirts,Independent House,4,1.0,yes,unfurnished,6524235.0
1274.0,2,2.0,1,Delhi,Suburb,Apartment,27,1.0,yes,semi-furnished,14645634.0
1118.0,2,2.0,2,Pune,Suburb,Independent House,60,0.0,yes,unfurnished,9503835.0
1568.0,2,1.0,1,Kolkata,Suburb,Apartment,12,1.0,no,unfurnished,8990097.0
3025.0,3,2.0,2,Lucknow,Outskirts,Villa,44,1.0,yes,semi-furnished,11408189.0
947.0,1,2.0,1,Delhi,Gated Community,Apartment,4,0.0,no,furnished,15432284.0
375.0,3,2.0,2,Chennai,Suburb,Apartment,34,3.0,yes,furnished,3956959.0
1309.0,4,2.0,2,Lucknow,Gated Community,Independent House,27,2.0,yes,furnished,10573504.0
350.0,4,3.0,1,Chennai,Gated Community,Independent House,51,1.0,yes,unfurnished,3866243.0
1414.0,4,4.0,1,Delhi,Outskirts,Apartment,38,0.0,no,unfurnished,10067214.0
2195.0,3,2.0,1,Mumbai,Waterfront,Penthouse,15,0.0,yes,unfurnished,104202420.0
329.0,1,1.0,1,Ahmedabad,Suburb,Studio,5,0.0,yes,furnished,2906839.0
3435.0,3,2.0,2,Indore,Prime Suburb,Penthouse,46,2.0,yes,semi-furnished,26902655.0
1677.0,4,3.0,1,Mumbai,Outskirts,Independent House,56,2.0,yes,semi-furnished,17913655.0
1038.0,3,2.0,1,Kochi,Suburb,Apartment,17,2.0,yes,unfurnished,7770361.0
881.0,2,2.0,2,Chennai,Prime Suburb,Independent House,43,0.0,yes,unfurnished,39565339.0
1112.0,3,3.0,2,Chennai,Outskirts,Apartment,39,1.0,yes,unfurnished,5623522.0
498.0,2,1.0,1,Delhi,Suburb,Apartment,39,2.0,yes,unfurnished,6135597.0
1647.0,2,2.0,1,Jaipur,Waterfront,Apartment,43,2.0,yes,semi-furnished,14409416.0
1578.0,1,1.0,1,Chennai,Premium Township,Independent House,31,1.0,yes,unfurnished,15863999.0
1670.0,2,2.0,3,Lucknow,City Centre,Independent House,36,2.0,yes,unfurnished,15142608.0
342.0,1,1.0,1,Delhi,Premium Township,Studio,42,2.0,yes,unfurnished,6053521.0
1746.0,2,2.0,1,Hyderabad,Outskirts,Apartment,18,0.0,no,furnished,8354936.0
920.0,3,1.0,2,Ahmedabad,Suburb,Apartment,49,2.0,yes,unfurnished,4697445.0
544.0,3,3.0,2,Kochi,Suburb,Apartment,15,1.0,no,semi-furnished,5264158.0
1108.0,1,1.0,1,Ahmedabad,City Centre,Apartment,18,1.0,no,semi-furnished,12295604.0
1291.0,2,2.0,2,Pune,Prime Suburb,Independent House,6,2.0,no,semi-furnished,17500442.0
1371.0,3,2.0,2,Delhi,Suburb,Independent House,12,2.0,yes,semi-furnished,18027508.0
2102.0,3,3.0,3,Mumbai,Near Metro,Villa,12,1.0,no,furnished,69599413.0
1669.0,1,1.0,1,Chennai,Suburb,Apartment,56,1.0,yes,semi-furnished,10489742.0
506.0,2,2.0,1,Kochi,City Centre,Independent House,18,1.0,yes,semi-furnished,6729347.0
676.0,1,1.0,1,Ahmedabad,Suburb,Apartment,16,2.0,yes,semi-furnished,4924635.0
1593.0,2,1.0,1,Delhi,City Centre,Apartment,30,2.0,no,semi-furnished,29229335.0
4044.0,4,3.0,2,Bangalore,Gated Community,Villa,22,3.0,yes,semi-furnished,67917904.0
1114.0,2,1.0,2,Chennai,Gated Community,Row House,23,3.0,yes,unfurnished,11268091.0
1647.0,2,2.0,1,Delhi,Prime Suburb,Independent House,33,1.0,yes,furnished,24705008.0
831.0,4,3.0,1,Bangalore,Prime Suburb,Apartment,60,1.0,yes,unfurnished,10232030.0
1033.0,2,2.0,1,Kolkata,Premium Township,Apartment,14,1.0,yes,semi-furnished,52800516.0
1313.0,4,4.0,2,Jaipur,City Centre,Independent House,8,2.0,yes,unfurnished,16056137.0
889.0,5,4.0,2,Indore,City Centre,Independent House,39,1.0,yes,semi-furnished,9410811.0
1080.0,2,1.0,4,Ahmedabad,Prime Suburb,Row House,56,0.0,yes,semi-furnished,7242513.0
1316.0,5,4.0,2,Hyderabad,Suburb,Independent House,50,0.0,yes,unfurnished,10614962.0
2891.0,3,2.0,3,Delhi,Gated Community,Villa,30,1.0,no,unfurnished,58595180.0
1419.0,3,3.0,1,Delhi,Gated Community,Independent House,15,1.0,yes,semi-furnished,24639904.0
1353.0,1,1.0,2,Ahmedabad,Outskirts,Apartment,19,1.0,yes,semi-furnished,4519846.0
2219.0,3,2.0,2,Mumbai,Gated Community,Penthouse,30,1.0,yes,semi-furnished,82124832.0
949.0,4,4.0,1,Kolkata,Suburb,Apartment,40,1.0,yes,unfurnished,6403212.0
815.0,4,4.0,2,Jaipur,Suburb,Independent House,32,2.0,yes,semi-furnished,5108332.0
1359.0,2,2.0,2,Kolkata,Gated Community,Independent House,33,0.0,no,semi-furnished,11024123.0
535.0,1,1.0,1,Mumbai,City Centre,Studio,23,1.0,yes,unfurnished,19488483.0
919.0,2,1.0,1,Hyderabad,Outskirts,Apartment,1,1.0,yes,semi-furnished,5930604.0
1541.0,1,1.0,3,Hyderabad,Premium Township,Independent House,53,0.0,yes,unfurnished,18835921.0
544.0,1,1.0,1,Lucknow,Outskirts,Studio,26,1.0,yes,unfurnished,1791752.0
1115.0,2,1.0,4,Mumbai,Outskirts,Row House,47,2.0,yes,semi-furnished,11909791.0
1654.0,5,4.0,1,Lucknow,Prime Suburb,Apartment,42,1.0,yes,furnished,13302391.0
1738.0,4,2.0,1,Chandigarh,Waterfront,Apartment,30,1.0,yes,unfurnished,17766529.0
1310.0,3,2.0,1,Kochi,Suburb,Apartment,32,1.0,no,semi-furnished,6649309.0
822.0,3,2.0,1,Delhi,Prime Suburb,Apartment,54,1.0,yes,semi-furnished,12583192.0
923.0,3,2.0,2,Kochi,Outskirts,Apartment,54,3.0,yes,semi-furnished,3489218.0
2109.0,3,3.0,2,Delhi,Waterfront,Penthouse,26,3.0,no,furnished,65451432.0
945.0,1,1.0,1,Hyderabad,Prime Suburb,Independent House,20,0.0,no,semi-furnished,8739570.0
1075.0,2,1.0,2,Mumbai,Gated Community,Independent House,43,1.0,yes,unfurnished,26089775.0
1115.0,1,1.0,2,Bangalore,Premium Township,Independent House,11,1.0,yes,unfurnished,17463468.0
2080.0,3,3.0,2,Bangalore,Outskirts,Villa,11,1.0,no,unfurnished,16166298.0
1350.0,3,3.0,2,Mumbai,Gated Community,Apartment,54,0.0,yes,semi-furnished,31386261.0
910.0,2,2.0,1,Ahmedabad,Waterfront,Apartment,32,3.0,no,furnished,9803063.0
1737.0,2,2.0,1,Chennai,Outskirts,Apartment,16,2.0,yes,furnished,8417122.0
2363.0,3,3.0,2,Delhi,Premium Township,Villa,22,1.0,no,semi-furnished,49568345.0
3181.0,3,3.0,2,Delhi,Prime Suburb,Villa,29,1.0,no,unfurnished,54840406.0
445.0,1,1.0,1,Lucknow,City Centre,Studio,32,1.0,yes,semi-furnished,4540805.0
350.0,1,1.0,2,Hyderabad,City Centre,Independent House,38,3.0,yes,furnished,6664724.0
1368.0,2,2.0,3,Indore,Waterfront,Row House,51,0.0,no,semi-furnished,10370639.0
1976.0,2,1.0,1,Indore,Suburb,Independent House,60,0.0,no,unfurnished,9732088.0
1107.0,1,1.0,2,Kolkata,Waterfront,Apartment,15,1.0,no,furnished,10564583.0
800.0,2,2.0,2,Chennai,Premium Township,Row House,47,1.0,yes,semi-furnished,8947912.0
1246.0,1,1.0,2,Jaipur,Outskirts,Independent House,0,3.0,yes,semi-furnished,5107310.0
873.0,2,1.0,1,Chennai,Suburb,Apartment,39,2.0,yes,semi-furnished,6575853.0
1754.0,3,3.0,1,Pune,Prime Suburb,Penthouse,48,2.0,no,semi-furnished,23605017.0
942.0,3,3.0,2,Kochi,Outskirts,Apartment,37,2.0,no,unfurnished,3617262.0
350.0,2,2.0,1,Pune,Outskirts,Apartment,36,2.0,yes,furnished,2366450.0
350.0,2,2.0,1,Bangalore,Suburb,Apartment,58,2.0,yes,semi-furnished,3052699.0
3602.0,3,3.0,2,Chandigarh,Suburb,Villa,27,2.0,no,furnished,33017907.0
1376.0,3,3.0,1,Hyderabad,Prime Suburb,Independent House,5,1.0,yes,semi-furnished,16321526.0
1369.0,2,1.0,2,Delhi,Outskirts,Row House,2,1.0,no,furnished,12073060.0
1138.0,3,1.0,1,Delhi,Premium Township,Apartment,56,1.0,no,furnished,20665809.0
462.0,1,1.0,2,Mumbai,Suburb,Apartment,30,2.0,yes,furnished,10970980.0
932.0,4,3.0,1,Mumbai,Near Metro,Apartment,23,3.0,yes,unfurnished,23321962.0
1744.0,3,3.0,2,Mumbai,Near Metro,Apartment,13,0.0,yes,furnished,42226383.0
492.0,1,1.0,1,Hyderabad,Suburb,Studio,56,3.0,yes,semi-furnished,3417351.0
2768.0,3,3.0,2,Hyderabad,Prime Suburb,Villa,41,1.0,yes,semi-furnished,33771442.0
3752.0,4,2.0,2,Mumbai,Outskirts,Villa,35,3.0,yes,unfurnished,54751230.0
3003.0,3,3.0,2,Chandigarh,Outskirts,Villa,27,2.0,yes,semi-furnished,16687368.0
877.0,2,1.0,2,Lucknow,Premium Township,Row House,14,3.0,yes,semi-furnished,7675126.0
1426.0,2,1.0,3,Mumbai,Near Metro,Independent House,49,1.0,yes,semi-furnished,35959344.0
1746.0,2,2.0,4,Bangalore,Prime Suburb,Row House,15,0.0,yes,unfurnished,21768760.0
1379.0,2,2.0,1,Delhi,Outskirts,Apartment,26,1.0,no,furnished,10249199.0
1437.0,1,1.0,1,Chennai,Prime Suburb,Apartment,30,3.0,no,semi-furnished,13113726.0
951.0,3,2.0,2,Ahmedabad,Suburb,Independent House,13,1.0,no,semi-furnished,7355964.0
975.0,1,1.0,3,Kolkata,Outskirts,Independent House,35,1.0,yes,semi-furnished,4110359.0
350.0,2,1.0,2,Bangalore,Suburb,Independent House,37,2.0,yes,semi-furnished,3798527.0
1597.0,3,3.0,2,Jaipur,Suburb,Apartment,32,1.0,no,semi-furnished,8163782.0
1321.0,2,1.0,3,Bangalore,Suburb,Row House,50,2.0,yes,semi-furnished,11886684.0
2893.0,3,2.0,2,Lucknow,Suburb,Villa,4,2.0,yes,semi-furnished,16614472.0
1333.0,1,1.0,1,Chennai,Outskirts,Apartment,59,0.0,yes,semi-furnished,4298404.0
1612.0,5,4.0,1,Bangalore,Premium Township,Apartment,15,3.0,yes,unfurnished,24893431.0
2253.0,3,3.0,2,Chandigarh,Waterfront,Villa,36,2.0,yes,semi-furnished,34146371.0
1237.0,3,2.0,3,Chandigarh,Waterfront,Row House,19,0.0,yes,semi-furnished,19617255.0
589.0,2,2.0,2,Mumbai,Near Metro,Independent House,25,0.0,yes,furnished,15856780.0
1092.0,2,1.0,2,Chandigarh,Suburb,Independent House,52,1.0,yes,semi-furnished,7222498.0
509.0,1,1.0,1,Indore,Prime Suburb,Studio,24,0.0,no,furnished,3448251.0
1350.0,4,3.0,1,Bangalore,Gated Community,Apartment,58,1.0,yes,semi-furnished,16140076.0
1186.0,3,3.0,1,Ahmedabad,Suburb,Apartment,17,1.0,yes,unfurnished,7831796.0
1936.0,3,3.0,1,Hyderabad,Gated Community,Apartment,5,1.0,yes,semi-furnished,20825575.0
1003.0,4,3.0,1,Jaipur,Gated Community,Apartment,34,1.0,yes,furnished,8258210.0
1162.0,2,2.0,2,Indore,Waterfront,Row House,12,2.0,no,furnished,11097880.0
1078.0,1,1.0,1,Chennai,City Centre,Apartment,27,0.0,no,furnished,12699963.0
1305.0,4,4.0,1,Delhi,City Centre,Apartment,30,1.0,no,unfurnished,29729730.0
831.0,4,4.0,1,Bangalore,Suburb,Independent House,45,0.0,yes,furnished,9044543.0
1344.0,3,2.0,2,Lucknow,Gated Community,Row House,41,0.0,no,semi-furnished,9896484.0
1315.0,3,3.0,3,Indore,Premium Township,Row House,23,1.0,no,unfurnished,9848531.0
490.0,1,1.0,2,Mumbai,Outskirts,Apartment,56,2.0,yes,semi-furnished,3991491.0
1379.0,3,2.0,2,Hyderabad,Suburb,Apartment,3,1.0,yes,semi-furnished,10767621.0
798.0,3,3.0,1,Delhi,Premium Township,Apartment,10,1.0,yes,furnished,15915466.0
1798.0,1,1.0,1,Chennai,Prime Suburb,Apartment,49,1.0,yes,semi-furnished,14809042.0
1236.0,2,2.0,1,Bangalore,Outskirts,Apartment,36,0.0,yes,semi-furnished,6076106.0
1320.0,1,1.0,1,Bangalore,Premium Township,Apartment,51,0.0,no,unfurnished,16456130.0
1488.0,4,3.0,2,Hyderabad,Suburb,Apartment,54,0.0,yes,semi-furnished,10312799.0
1366.0,4,3.0,3,Hyderabad,Suburb,Independent House,25,1.0,no,semi-furnished,12398045.0
1627.0,3,2.0,3,Kolkata,Suburb,Independent House,11,1.0,yes,semi-furnished,13311631.0
1460.0,1,1.0,1,Bangalore,Suburb,Apartment,32,3.0,yes,semi-furnished,13235456.0
1053.0,3,2.0,2,Hyderabad,Suburb,Apartment,21,0.0,yes,furnished,9072139.0
400.0,4,4.0,1,Chennai,Waterfront,Apartment,10,1.0,no,semi-furnished,6437878.0
582.0,1,1.0,1,Hyderabad,Premium Township,Apartment,53,1.0,yes,semi-furnished,6429636.0
846.0,3,3.0,1,Kolkata,Waterfront,Apartment,9,1.0,yes,unfurnished,9877727.0
3366.0,3,3.0,2,Kochi,Outskirts,Villa,46,1.0,yes,unfurnished,14391869.0
1297.0,1,1.0,1,Bangalore,Suburb,Apartment,30,1.0,yes,furnished,10053834.0
1079.0,2,2.0,2,Bangalore,Premium Township,Row House,15,1.0,yes,furnished,15738295.0
1237.0,3,3.0,1,Kolkata,Prime Suburb,Apartment,5,3.0,no,unfurnished,4098696.0
433.0,3,2.0,1,Pune,Prime Suburb,Apartment,59,1.0,no,furnished,4966791.0
1371.0,1,1.0,3,Delhi,Near Metro,Row House,29,2.0,yes,unfurnished,19077453.0
344.0,1,1.0,1,Kolkata,Premium Township,Studio,42,0.0,yes,semi-furnished,3072870.0
556.0,1,1.0,1,Hyderabad,Gated Community,Studio,10,1.0,yes,semi-furnished,6494137.0
3043.0,3,3.0,3,Mumbai,Suburb,Villa,1,1.0,no,furnished,77961133.0
3153.0,3,3.0,1,Ahmedabad,Prime Suburb,Penthouse,6,1.0,yes,unfurnished,31900584.0
887.0,2,1.0,1,Mumbai,Near Metro,Apartment,60,1.0,yes,unfurnished,15171506.0
2689.0,3,3.0,2,Mumbai,Outskirts,Villa,11,1.0,no,unfurnished,41131244.0
1451.0,4,2.0,1,Kolkata,Near Metro,Apartment,34,1.0,yes,semi-furnished,11114501.0
1147.0,3,3.0,2,Mumbai,Outskirts,Row House,45,0.0,no,semi-furnished,11925574.0
1015.0,1,1.0,2,Ahmedabad,Suburb,Row House,1,0.0,yes,semi-furnished,6062100.0
1426.0,1,1.0,3,Delhi,Suburb,Row House,26,2.0,no,semi-furnished,17611641.0
1637.0,4,4.0,2,Kolkata,Prime Suburb,Apartment,5,0.0,yes,semi-furnished,13477056.0
351.0,1,1.0,1,Hyderabad,Suburb,Studio,39,1.0,no,unfurnished,2239125.0
953.0,1,1.0,4,Ahmedabad,City Centre,Row House,35,0.0,no,unfurnished,9948622.0
1237.0,1,1.0,1,Kolkata,City Centre,Apartment,4,2.0,yes,unfurnished,23513518.0
376.0,2,2.0,1,Indore,Prime Suburb,Apartment,3,1.0,yes,semi-furnished,3425338.0
1379.0,3,2.0,2,Jaipur,Prime Suburb,Row House,12,1.0,yes,semi-furnished,9496697.0
764.0,4,3.0,1,Kochi,City Centre,Apartment,46,1.0,yes,unfurnished,10086645.0
928.0,2,1.0,2,Hyderabad,Near Metro,Apartment,6,2.0,yes,unfurnished,8823393.0
483.0,1,1.0,1,Indore,Gated Community,Studio,3,0.0,yes,furnished,4037445.0
949.0,3,3.0,2,Delhi,Outskirts,Row House,2,0.0,yes,semi-furnished,8628098.0
365.0,4,3.0,2,Delhi,Waterfront,Apartment,28,1.0,no,semi-furnished,7936701.0
666.0,3,3.0,1,Ahmedabad,Waterfront,Independent House,48,1.0,yes,semi-furnished,7435976.0
1643.0,5,4.0,2,Hyderabad,Near Metro,Row House,6,1.0,yes,furnished,16216674.0
2625.0,3,2.0,1,Chennai,Premium Township,Penthouse,38,1.0,yes,semi-furnished,44365531.0
1730.0,1,1.0,3,Pune,Premium Township,Independent House,35,1.0,yes,unfurnished,20411001.0
994.0,4,4.0,2,Pune,Prime Suburb,Independent House,35,2.0,yes,semi-furnished,14701614.0
1237.0,4,4.0,2,Chennai,Near Metro,Independent House,40,1.0,yes,semi-furnished,16217017.0
450.0,5,4.0,2,Bangalore,Suburb,Independent House,34,2.0,yes,furnished,6261601.0
613.0,2,2.0,3,Delhi,Premium Township,Independent House,3,3.0,yes,unfurnished,14767142.0
1091.0,4,3.0,1,Pune,Waterfront,Apartment,47,2.0,yes,furnished,14173336.0
1079.0,1,1.0,2,Ahmedabad,Gated Community,Apartment,56,2.0,no,unfurnished,6674604.0
1134.0,3,3.0,1,Chennai,Near Metro,Independent House,21,1.0,no,semi-furnished,11293724.0
1723.0,1,1.0,1,Ahmedabad,Premium Township,Independent House,2,0.0,no,unfurnished,14363114.0
1021.0,2,2.0,1,Hyderabad,Near Metro,Apartment,48,1.0,no,furnished,8091472.0
976.0,2,1.0,2,Ahmedabad,Prime Suburb,Apartment,37,2.0,yes,semi-furnished,6887809.0
762.0,3,3.0,2,Bangalore,Premium Township,Row House,52,1.0,yes,furnished,11869925.0
2036.0,1,1.0,1,Chandigarh,Outskirts,Apartment,22,1.0,yes,furnished,7982785.0
515.0,4,4.0,1,Hyderabad,Premium Township,Apartment,43,1.0,yes,semi-furnished,6736014.0
1796.0,4,4.0,1,Delhi,Suburb,Penthouse,50,1.0,no,unfurnished,31124588.0
1075.0,5,4.0,2,Hyderabad,Premium Township,Row House,0,1.0,no,furnished,16035815.0
1057.0,2,1.0,2,Jaipur,Prime Suburb,Row House,6,1.0,no,furnished,7335730.0
1705.0,2,2.0,1,Ahmedabad,Outskirts,Apartment,3,2.0,yes,furnished,6769539.0
342.0,1,1.0,1,Chandigarh,Suburb,Studio,38,1.0,yes,semi-furnished,3042958.0
1765.0,3,2.0,1,Mumbai,Premium Township,Apartment,35,1.0,yes,semi-furnished,51676742.0
1224.0,2,2.0,3,Hyderabad,Gated Community,Independent House,56,0.0,yes,unfurnished,12590577.0
902.0,2,2.0,2,Bangalore,Prime Suburb,Apartment,31,2.0,yes,unfurnished,11190253.0
1163.0,1,1.0,2,Pune,Prime Suburb,Row House,38,0.0,no,semi-furnished,13096730.0
1318.0,4,4.0,1,Delhi,Waterfront,Apartment,10,1.0,yes,semi-furnished,27707922.0
585.0,4,4.0,1,Bangalore,Near Metro,Independent House,12,1.0,yes,unfurnished,8332625.0
3045.0,4,3.0,2,Jaipur,Premium Township,Villa,5,2.0,yes,unfurnished,30916570.0
1134.0,3,3.0,1,Chandigarh,Premium Township,Apartment,48,1.0,yes,furnished,14317876.0
1082.0,3,2.0,1,Lucknow,Suburb,Apartment,20,3.0,yes,furnished,7232557.0
1662.0,4,4.0,1,Chennai,Suburb,Apartment,28,0.0,yes,semi-furnished,12478964.0
528.0,1,1.0,1,Chennai,Outskirts,Studio,54,2.0,no,unfurnished,1608850.0
1408.0,3,2.0,2,Jaipur,Suburb,Independent House,14,2.0,no,semi-furnished,8314361.0
1019.0,1,1.0,1,Kochi,Gated Community,Apartment,23,0.0,no,unfurnished,7483538.0
539.0,1,1.0,3,Chennai,Gated Community,Independent House,55,3.0,no,semi-furnished,4819513.0
1573.0,3,2.0,2,Delhi,Suburb,Penthouse,25,0.0,yes,semi-furnished,28035385.0
1987.0,2,2.0,2,Pune,City Centre,Apartment,50,1.0,yes,semi-furnished,26533582.0
647.0,3,3.0,1,Lucknow,Suburb,Independent House,47,1.0,yes,unfurnished,3180196.0
463.0,1,1.0,1,Lucknow,Gated Community,Studio,56,0.0,yes,semi-furnished,2644692.0
1358.0,2,1.0,2,Delhi,Waterfront,Row House,38,1.0,yes,semi-furnished,28562303.0
1422.0,2,2.0,2,Lucknow,Outskirts,Apartment,11,1.0,no,semi-furnished,4643333.0
1369.0,2,2.0,1,Mumbai,Near Metro,Apartment,21,2.0,yes,unfurnished,33430764.0
1324.0,3,2.0,1,Hyderabad,Near Metro,Apartment,46,3.0,no,unfurnished,11991318.0
1029.0,2,2.0,1,Bangalore,Gated Community,Apartment,52,2.0,no,furnished,11765265.0
1360.0,5,4.0,1,Delhi,Suburb,Apartment,21,0.0,no,furnished,20806397.0
882.0,1,1.0,2,Hyderabad,Prime Suburb,Apartment,22,1.0,yes,furnished,8438517.0
878.0,1,1.0,1,Kolkata,Near Metro,Apartment,6,1.0,yes,semi-furnished,7263132.0
634.0,1,1.0,1,Bangalore,Outskirts,Studio,24,1.0,yes,semi-furnished,3461133.0
930.0,1,1.0,1,Jaipur,Prime Suburb,Apartment,48,1.0,yes,furnished,5237383.0
1467.0,2,1.0,3,Bangalore,Suburb,Row House,56,3.0,yes,semi-furnished,13293823.0
1768.0,3,1.0,1,Chennai,Waterfront,Apartment,57,2.0,yes,semi-furnished,20594936.0
3482.0,4,4.0,1,Pune,Outskirts,Penthouse,47,2.0,yes,unfurnished,21373656.0
1499.0,3,2.0,2,Pune,Premium Township,Independent House,13,1.0,yes,unfurnished,21884996.0
1849.0,3,2.0,2,Hyderabad,Outskirts,Villa,53,1.0,yes,semi-furnished,10199523.0
579.0,3,2.0,1,Chennai,Waterfront,Apartment,55,3.0,yes,semi-furnished,7098411.0
718.0,3,2.0,3,Kolkata,Near Metro,Independent House,11,0.0,no,semi-furnished,5982215.0
2519.0,3,2.0,1,Ahmedabad,Suburb,Penthouse,56,2.0,no,unfurnished,22340231.0
453.0,1,1.0,1,Bangalore,Premium Township,Studio,50,1.0,no,furnished,6269117.0
878.0,5,4.0,1,Hyderabad,Gated Community,Apartment,32,1.0,no,semi-furnished,10002918.0
1297.0,1,1.0,4,Lucknow,Prime Suburb,Independent House,12,1.0,yes,semi-furnished,8715532.0
597.0,1,1.0,1,Ahmedabad,Near Metro,Studio,59,0.0,yes,unfurnished,3975948.0
848.0,3,3.0,1,Pune,Outskirts,Apartment,48,2.0,yes,semi-furnished,4481159.0
3409.0,4,4.0,2,Delhi,City Centre,Villa,24,1.0,yes,furnished,99113465.0
770.0,3,3.0,1,Mumbai,Prime Suburb,Apartment,57,1.0,yes,furnished,19170846.0
963.0,1,1.0,3,Ahmedabad,Outskirts,Independent House,12,1.0,no,furnished,4269113.0
686.0,1,1.0,1,Indore,Suburb,Independent House,39,2.0,yes,semi-furnished,3633287.0
556.0,2,1.0,2,Bangalore,Near Metro,Row House,24,1.0,yes,semi-furnished,6737656.0
796.0,2,2.0,1,Hyderabad,Prime Suburb,Apartment,48,1.0,no,semi-furnished,7850174.0
500.0,1,1.0,1,Mumbai,Gated Community,Studio,35,2.0,yes,semi-furnished,12695537.0
603.0,1,1.0,1,Hyderabad,City Centre,Studio,35,0.0,yes,semi-furnished,9082817.0
1283.0,2,1.0,1,Pune,Waterfront,Apartment,57,1.0,yes,semi-furnished,16466988.0
1470.0,3,2.0,1,Mumbai,Prime Suburb,Apartment,30,2.0,no,semi-furnished,36260347.0
881.0,4,3.0,3,Pune,Near Metro,Independent House,29,0.0,no,unfurnished,11728791.0
525.0,1,1.0,1,Lucknow,Gated Community,Studio,21,3.0,no,unfurnished,3781912.0
925.0,3,1.0,3,Lucknow,Prime Suburb,Independent House,19,0.0,yes,unfurnished,6427050.0
1500.0,3,1.0,1,Hyderabad,City Centre,Penthouse,19,2.0,no,semi-furnished,31323494.0
2013.0,3,2.0,2,Chandigarh,Outskirts,Row House,21,1.0,no,unfurnished,8835730.0
1221.0,5,4.0,2,Delhi,Outskirts,Independent House,14,0.0,yes,semi-furnished,13013784.0
1847.0,2,2.0,2,Pune,Prime Suburb,Row House,52,1.0,yes,semi-furnished,19836876.0
1926.0,3,2.0,1,Ahmedabad,Suburb,Apartment,49,1.0,yes,semi-furnished,11016715.0
1600.0,3,3.0,2,Mumbai,Outskirts,Villa,32,1.0,yes,semi-furnished,23215478.0
1318.0,1,1.0,1,Delhi,City Centre,Independent House,11,1.0,yes,unfurnished,30752487.0
856.0,1,1.0,2,Mumbai,Premium Township,Independent House,32,1.0,yes,semi-furnished,26501323.0
1420.0,2,2.0,1,Jaipur,City Centre,Apartment,53,2.0,no,semi-furnished,11736310.0
1237.0,1,1.0,1,Chandigarh,Suburb,Apartment,0,1.0,yes,furnished,7563742.0
390.0,2,2.0,1,Chandigarh,City Centre,Apartment,21,0.0,yes,unfurnished,5097150.0
1870.0,1,1.0,1,Pune,Premium Township,Apartment,47,1.0,yes,semi-furnished,23023657.0
449.0,3,2.0,1,Jaipur,Suburb,Apartment,7,1.0,yes,semi-furnished,3261574.0
1717.0,4,3.0,1,Chennai,Outskirts,Apartment,37,1.0,yes,unfurnished,6947948.0
1257.0,1,1.0,2,Mumbai,Prime Suburb,Independent House,20,1.0,yes,semi-furnished,29259317.0
1876.0,2,1.0,3,Delhi,Near Metro,Independent House,39,1.0,yes,furnished,27195435.0
734.0,2,1.0,1,Ahmedabad,City Centre,Apartment,29,1.0,yes,semi-furnished,8192823.0
1428.0,2,1.0,1,Mumbai,Suburb,Apartment,47,2.0,yes,semi-furnished,26387459.0
319.0,1,1.0,1,Ahmedabad,Prime Suburb,Studio,32,1.0,yes,semi-furnished,2451362.0
809.0,2,1.0,2,Pune,City Centre,Independent House,10,1.0,yes,unfurnished,13983717.0
1412.0,3,2.0,2,Chandigarh,Waterfront,Independent House,28,2.0,yes,semi-furnished,17651020.0
3639.0,3,2.0,2,Pune,Prime Suburb,Villa,11,2.0,yes,unfurnished,50732086.0
1202.0,1,1.0,1,Mumbai,City Centre,Apartment,1,1.0,no,semi-furnished,42065332.0
350.0,2,1.0,2,Mumbai,City Centre,Apartment,42,1.0,yes,unfurnished,10446874.0
2809.0,4,4.0,2,Mumbai,Outskirts,Villa,53,1.0,yes,unfurnished,39056919.0
517.0,1,1.0,1,Delhi,Near Metro,Studio,48,2.0,yes,unfurnished,6176386.0
1655.0,3,2.0,3,Jaipur,Prime Suburb,Independent House,3,1.0,yes,semi-furnished,14626940.0
1128.0,3,3.0,3,Pune,Near Metro,Independent House,60,0.0,no,unfurnished,12038612.0
1580.0,3,2.0,1,Mumbai,Waterfront,Apartment,3,0.0,yes,semi-furnished,49003429.0
3360.0,3,1.0,1,Chandigarh,City Centre,Penthouse,37,2.0,yes,furnished,60310496.0
1230.0,3,2.0,2,Bangalore,Suburb,Row House,44,0.0,yes,semi-furnished,11579622.0
536.0,1,2.0,1,Mumbai,Suburb,Studio,31,3.0,yes,unfurnished,12908709.0
501.0,3,3.0,1,Kolkata,City Centre,Apartment,55,2.0,no,unfurnished,4868865.0
560.0,1,1.0,1,Hyderabad,Premium Township,Studio,23,1.0,yes,unfurnished,6901030.0
2646.0,3,2.0,2,Ahmedabad,City Centre,Penthouse,39,2.0,yes,semi-furnished,44195539.0
1207.0,3,2.0,2,Jaipur,Suburb,Row House,4,1.0,yes,semi-furnished,8885201.0
1293.0,3,1.0,4,Chandigarh,City Centre,Independent House,16,1.0,yes,semi-furnished,17792590.0
1068.0,3,3.0,1,Bangalore,City Centre,Apartment,28,1.0,no,semi-furnished,17407975.0
1396.0,2,2.0,1,Mumbai,City Centre,Apartment,27,2.0,yes,unfurnished,44120618.0
1139.0,2,2.0,1,Lucknow,Suburb,Apartment,56,1.0,no,unfurnished,5147043.0
1100.0,3,3.0,1,Jaipur,Near Metro,Independent House,55,0.0,yes,semi-furnished,7160237.0
1661.0,3,2.0,2,Ahmedabad,Premium Township,Villa,0,1.0,yes,semi-furnished,21894814.0
350.0,4,2.0,2,Bangalore,Suburb,Apartment,48,0.0,yes,furnished,4019363.0
738.0,4,4.0,1,Bangalore,Gated Community,Independent House,31,1.0,yes,unfurnished,11300315.0
1097.0,2,2.0,1,Kolkata,Premium Township,Apartment,26,1.0,yes,unfurnished,10575165.0
1445.0,5,4.0,1,Mumbai,Suburb,Apartment,32,0.0,no,unfurnished,28370934.0
1074.0,1,1.0,1,Chennai,Outskirts,Independent House,25,0.0,yes,semi-furnished,5823060.0
681.0,3,2.0,1,Pune,Near Metro,Apartment,44,2.0,yes,furnished,7967641.0
1131.0,2,1.0,1,Ahmedabad,Suburb,Apartment,36,1.0,yes,semi-furnished,5142886.0
2765.0,3,3.0,1,Pune,Suburb,Penthouse,36,0.0,yes,unfurnished,34724395.0
866.0,5,4.0,1,Bangalore,Suburb,Apartment,18,2.0,yes,semi-furnished,10757041.0
513.0,2,1.0,2,Bangalore,Suburb,Row House,53,1.0,yes,furnished,4593099.0
2203.0,3,2.0,2,Chandigarh,City Centre,Villa,48,2.0,yes,semi-furnished,33713502.0
1265.0,3,3.0,2,Delhi,Suburb,Independent House,40,0.0,yes,unfurnished,16579951.0
1445.0,2,2.0,3,Mumbai,Suburb,Independent House,30,1.0,yes,semi-furnished,28520335.0
1466.0,2,2.0,1,Chennai,City Centre,Apartment,22,2.0,yes,semi-furnished,23131877.0
1165.0,2,1.0,1,Hyderabad,Suburb,Independent House,28,2.0,no,furnished,11928713.0
1047.0,3,2.0,2,Chennai,Prime Suburb,Row House,22,2.0,yes,furnished,10363540.0
1443.0,2,1.0,2,Delhi,Outskirts,Row House,8,1.0,yes,unfurnished,10700384.0
519.0,1,1.0,1,Bangalore,City Centre,Studio,31,3.0,yes,semi-furnished,10756923.0
1424.0,3,2.0,1,Lucknow,Suburb,Apartment,52,2.0,yes,unfurnished,6577278.0
1140.0,2,2.0,1,Delhi,Waterfront,Independent House,17,0.0,yes,semi-furnished,22607119.0
4310.0,3,3.0,2,Mumbai,Waterfront,Villa,32,1.0,yes,unfurnished,108643350.0
1336.0,2,1.0,2,Indore,Outskirts,Row House,2,1.0,yes,unfurnished,3671428.0
944.0,2,2.0,1,Indore,Suburb,Independent House,44,1.0,no,semi-furnished,4824346.0
969.0,1,1.0,1,Ahmedabad,Prime Suburb,Apartment,26,1.0,yes,unfurnished,6698185.0
1699.0,3,2.0,2,Pune,Waterfront,Penthouse,52,3.0,yes,furnished,34553422.0
907.0,5,4.0,1,Mumbai,Suburb,Independent House,56,2.0,yes,furnished,21618712.0
444.0,1,1.0,1,Ahmedabad,City Centre,Studio,13,1.0,yes,unfurnished,5451941.0
647.0,1,1.0,1,Hyderabad,Suburb,Studio,28,1.0,yes,semi-furnished,6304305.0
1622.0,3,3.0,1,Lucknow,Near Metro,Apartment,23,0.0,no,semi-furnished,11343981.0
870.0,1,1.0,1,Chennai,Prime Suburb,Independent House,0,2.0,yes,unfurnished,8151670.0
2062.0,4,3.0,1,Pune,Near Metro,Penthouse,50,2.0,no,furnished,31333291.0
654.0,2,2.0,2,Bangalore,Suburb,Independent House,52,1.0,yes,semi-furnished,7034525.0
577.0,2,1.0,2,Delhi,Outskirts,Independent House,22,0.0,yes,unfurnished,4674512.0
1800.0,2,2.0,2,Kolkata,Prime Suburb,Row House,59,0.0,yes,semi-furnished,13691872.0
303.0,1,1.0,1,Chennai,Near Metro,Studio,22,3.0,yes,semi-furnished,3118189.0
459.0,1,1.0,1,Kolkata,Outskirts,Studio,19,0.0,yes,semi-furnished,2014142.0
1674.0,2,1.0,2,Lucknow,Prime Suburb,Row House,32,3.0,yes,semi-furnished,11668388.0
1315.0,1,1.0,3,Delhi,City Centre,Independent House,24,2.0,no,unfurnished,25379661.0
1954.0,4,3.0,1,Ahmedabad,Gated Community,Apartment,60,3.0,yes,furnished,15623915.0
1368.0,5,4.0,1,Jaipur,City Centre,Apartment,13,1.0,yes,semi-furnished,13432765.0
1253.0,3,2.0,1,Kolkata,City Centre,Independent House,17,1.0,yes,unfurnished,15884263.0
1104.0,3,3.0,1,Indore,Waterfront,Apartment,15,0.0,yes,unfurnished,8134162.0
2866.0,3,3.0,1,Lucknow,Premium Township,Penthouse,35,0.0,no,unfurnished,33863090.0
693.0,2,1.0,3,Lucknow,Gated Community,Independent House,31,2.0,yes,unfurnished,5666758.0
2765.0,3,3.0,2,Kochi,Prime Suburb,Villa,35,1.0,yes,unfurnished,27385607.0
581.0,1,1.0,1,Lucknow,Near Metro,Studio,14,0.0,yes,unfurnished,4030605.0
1046.0,1,1.0,3,Bangalore,Outskirts,Row House,33,1.0,no,unfurnished,4740438.0
770.0,4,3.0,1,Ahmedabad,Gated Community,Apartment,16,3.0,yes,semi-furnished,7981059.0
1113.0,2,2.0,2,Jaipur,Near Metro,Row House,43,2.0,yes,unfurnished,6488991.0
1428.0,3,3.0,1,Pune,Gated Community,Apartment,36,0.0,yes,furnished,15408630.0
599.0,1,1.0,1,Delhi,Suburb,Studio,48,1.0,yes,semi-furnished,5726955.0
1482.0,2,2.0,2,Jaipur,City Centre,Independent House,53,2.0,yes,unfurnished,15431009.0
719.0,1,1.0,2,Delhi,Prime Suburb,Independent House,0,1.0,yes,semi-furnished,13127794.0
1680.0,3,2.0,1,Indore,Prime Suburb,Apartment,16,0.0,yes,unfurnished,10554372.0
1244.0,2,1.0,3,Pune,Suburb,Row House,7,2.0,no,furnished,13178330.0
350.0,3,3.0,2,Pune,Premium Township,Row House,33,1.0,no,unfurnished,5505049.0
2997.0,3,2.0,1,Lucknow,Prime Suburb,Penthouse,36,1.0,yes,semi-furnished,33065502.0
1123.0,2,2.0,2,Chennai,Suburb,Apartment,32,1.0,yes,semi-furnished,8799079.0
1351.0,1,1.0,1,Mumbai,Gated Community,Apartment,13,1.0,yes,furnished,34814156.0
3367.0,4,4.0,1,Chennai,Prime Suburb,Penthouse,39,2.0,yes,furnished,54009292.0
830.0,2,1.0,1,Delhi,Outskirts,Apartment,20,1.0,no,unfurnished,5465916.0
331.0,1,1.0,1,Hyderabad,Gated Community,Studio,6,1.0,no,furnished,4899046.0
919.0,4,3.0,3,Lucknow,Outskirts,Row House,46,1.0,no,semi-furnished,3032888.0
999.0,2,1.0,1,Jaipur,Prime Suburb,Apartment,24,1.0,yes,unfurnished,7653219.0
881.0,4,3.0,2,Delhi,Outskirts,Independent House,56,1.0,yes,unfurnished,6289568.0
567.0,1,1.0,1,Bangalore,Prime Suburb,Studio,37,2.0,yes,unfurnished,7426265.0
642.0,1,1.0,3,Chennai,Near Metro,Row House,10,1.0,yes,unfurnished,7152933.0
1625.0,3,1.0,2,Chennai,Near Metro,Villa,42,3.0,yes,semi-furnished,20013668.0
1487.0,3,3.0,2,Bangalore,Suburb,Apartment,42,2.0,yes,semi-furnished,13857928.0
810.0,1,2.0,2,Lucknow,City Centre,Apartment,6,2.0,no,semi-furnished,8161097.0
1586.0,2,2.0,1,Hyderabad,Premium Township,Apartment,45,1.0,yes,unfurnished,16280667.0
1056.0,3,2.0,1,Pune,Gated Community,Independent House,37,0.0,no,furnished,12345139.0
940.0,2,2.0,2,Jaipur,City Centre,Independent House,5,2.0,yes,furnished,11857414.0
530.0,3,2.0,1,Bangalore,Prime Suburb,Apartment,40,1.0,yes,furnished,5953137.0
784.0,3,1.0,1,Ahmedabad,Prime Suburb,Apartment,55,0.0,yes,unfurnished,5620616.0
1728.0,3,3.0,2,Bangalore,Waterfront,Independent House,16,0.0,no,unfurnished,24481496.0
400.0,1,1.0,1,Kochi,Outskirts,Studio,29,0.0,yes,unfurnished,1397645.0
1365.0,2,1.0,2,Kochi,Suburb,Independent House,47,1.0,yes,unfurnished,9839962.0
2628.0,3,2.0,4,Lucknow,Premium Township,Villa,54,1.0,yes,semi-furnished,27383677.0
1237.0,1,1.0,1,Hyderabad,Prime Suburb,Apartment,34,0.0,no,semi-furnished,11188826.0
3133.0,3,2.0,2,Kolkata,Suburb,Villa,16,1.0,yes,unfurnished,23674626.0
3387.0,5,4.0,2,Ahmedabad,Suburb,Penthouse,13,3.0,yes,furnished,30411286.0
926.0,5,4.0,1,Mumbai,Premium Township,Apartment,19,1.0,yes,furnished,26952036.0
1308.0,4,4.0,2,Kochi,Prime Suburb,Row House,36,0.0,yes,semi-furnished,12268859.0
733.0,3,3.0,1,Ahmedabad,Suburb,Independent House,9,2.0,yes,semi-furnished,6841261.0
1736.0,1,1.0,1,Chennai,Waterfront,Apartment,34,2.0,yes,furnished,22490136.0
1638.0,3,3.0,1,Hyderabad,Gated Community,Apartment,36,0.0,yes,semi-furnished,17367440.0
1542.0,2,2.0,2,Hyderabad,Gated Community,Row House,25,0.0,yes,furnished,17229862.0
755.0,3,3.0,4,Delhi,Suburb,Independent House,29,1.0,no,furnished,12258470.0
847.0,3,2.0,2,Bangalore,Suburb,Row House,21,0.0,no,semi-furnished,8924008.0
435.0,1,1.0,1,Mumbai,Gated Community,Studio,9,1.0,yes,furnished,14309827.0
1487.0,4,4.0,1,Mumbai,Premium Township,Apartment,18,1.0,yes,unfurnished,40574368.0
2446.0,5,4.0,3,Ahmedabad,Waterfront,Villa,58,1.0,yes,unfurnished,24726894.0
738.0,1,1.0,1,Kolkata,Suburb,Apartment,1,1.0,no,semi-furnished,4608454.0
2751.0,3,3.0,2,Bangalore,Prime Suburb,Villa,3,1.0,yes,furnished,42143572.0
681.0,3,1.0,1,Delhi,City Centre,Apartment,2,1.0,yes,unfurnished,14463523.0
1013.0,2,2.0,1,Mumbai,Outskirts,Apartment,44,1.0,no,furnished,10289127.0
3090.0,3,3.0,1,Mumbai,Outskirts,Penthouse,19,3.0,yes,semi-furnished,58147404.0
3699.0,5,3.0,2,Pune,Suburb,Villa,57,2.0,yes,unfurnished,38977879.0
1513.0,5,4.0,1,Jaipur,Suburb,Apartment,25,1.0,yes,semi-furnished,9511310.0
350.0,3,2.0,1,Indore,Suburb,Apartment,30,2.0,yes,semi-furnished,2647386.0
1575.0,3,3.0,2,Mumbai,City Centre,Row House,29,0.0,yes,semi-furnished,56511331.0
3206.0,3,2.0,3,Mumbai,Outskirts,Villa,29,2.0,no,semi-furnished,45038424.0
825.0,5,4.0,1,Bangalore,Outskirts,Apartment,21,1.0,no,furnished,5871263.0
2056.0,3,2.0,2,Bangalore,Premium Township,Villa,13,3.0,yes,furnished,41535748.0
1310.0,3,3.0,2,Delhi,Waterfront,Row House,41,0.0,yes,semi-furnished,23713430.0
921.0,3,3.0,1,Bangalore,Suburb,Apartment,31,1.0,yes,unfurnished,8621564.0
1804.0,3,3.0,2,Lucknow,City Centre,Row House,46,3.0,yes,furnished,18311386.0
1022.0,1,1.0,1,Mumbai,Gated Community,Apartment,40,1.0,yes,furnished,23240002.0
1838.0,2,2.0,1,Chennai,Outskirts,Apartment,16,2.0,yes,unfurnished,7860345.0
824.0,3,2.0,3,Mumbai,Gated Community,Independent House,1,2.0,yes,unfurnished,27346081.0
1002.0,3,2.0,1,Lucknow,Suburb,Apartment,26,0.0,no,semi-furnished,5830519.0
1834.0,2,1.0,1,Kolkata,Gated Community,Apartment,43,1.0,yes,semi-furnished,13202033.0
879.0,3,3.0,2,Chandigarh,Prime Suburb,Apartment,29,1.0,yes,furnished,7302692.0
2405.0,3,2.0,1,Hyderabad,Suburb,Penthouse,13,2.0,yes,unfurnished,29930750.0
2101.0,3,3.0,1,Delhi,Suburb,Apartment,39,1.0,yes,unfurnished,23262483.0
1753.0,1,1.0,2,Mumbai,Suburb,Apartment,48,1.0,no,semi-furnished,31811551.0
1021.0,4,2.0,2,Kolkata,Gated Community,Apartment,47,2.0,no,semi-furnished,8500260.0
2294.0,5,4.0,2,Chennai,Gated Community,Villa,15,1.0,yes,semi-furnished,29117817.0
2856.0,3,2.0,2,Chennai,Prime Suburb,Penthouse,0,2.0,no,furnished,40062167.0
1090.0,2,1.0,2,Ahmedabad,Suburb,Apartment,26,1.0,yes,semi-furnished,6871959.0
882.0,2,2.0,1,Indore,Prime Suburb,Apartment,56,0.0,yes,furnished,4837144.0
608.0,1,1.0,1,Indore,Outskirts,Studio,17,1.0,no,semi-furnished,1945667.0
1361.0,4,3.0,2,Mumbai,Premium Township,Apartment,44,2.0,no,unfurnished,35743050.0
1382.0,4,2.0,1,Hyderabad,Suburb,Independent House,8,0.0,yes,semi-furnished,14006529.0
514.0,1,1.0,1,Delhi,Gated Community,Studio,41,1.0,yes,unfurnished,6862102.0
423.0,3,2.0,1,Ahmedabad,Outskirts,Apartment,34,3.0,yes,furnished,2448651.0
1488.0,1,1.0,1,Hyderabad,Suburb,Independent House,7,0.0,no,semi-furnished,11626200.0
1275.0,2,2.0,1,Mumbai,Prime Suburb,Apartment,48,3.0,yes,semi-furnished,32633398.0
988.0,4,4.0,1,Bangalore,Premium Township,Apartment,41,1.0,no,semi-furnished,16592493.0
1368.0,2,2.0,1,Hyderabad,Suburb,Apartment,9,1.0,no,unfurnished,11017435.0
1418.0,3,2.0,2,Delhi,City Centre,Apartment,37,0.0,yes,semi-furnished,29694839.0
1281.0,2,1.0,2,Hyderabad,Suburb,Row House,13,3.0,yes,furnished,12801950.0
320.0,1,1.0,1,Bangalore,City Centre,Studio,52,1.0,no,unfurnished,4678774.0
1229.0,2,1.0,2,Bangalore,Near Metro,Apartment,28,1.0,yes,unfurnished,13189838.0
694.0,4,4.0,1,Hyderabad,Gated Community,Apartment,51,1.0,yes,semi-furnished,7800193.0
1686.0,3,1.0,1,Ahmedabad,Suburb,Apartment,23,0.0,no,furnished,8982153.0
1594.0,3,1.0,2,Kolkata,City Centre,Apartment,36,1.0,yes,furnished,16240273.0
889.0,4,4.0,1,Delhi,Suburb,Apartment,60,3.0,no,semi-furnished,10304424.0
1328.0,1,1.0,2,Kochi,Suburb,Independent House,17,2.0,yes,semi-furnished,10456055.0
1104.0,3,2.0,3,Kolkata,Suburb,Independent House,39,3.0,no,semi-furnished,7674832.0
2093.0,3,2.0,1,Mumbai,Outskirts,Apartment,18,0.0,yes,semi-furnished,22342761.0
1381.0,2,1.0,2,Chandigarh,Waterfront,Apartment,29,0.0,yes,unfurnished,13571632.0
1573.0,5,4.0,1,Kochi,City Centre,Apartment,6,0.0,yes,unfurnished,18877996.0
3381.0,3,2.0,3,Chennai,City Centre,Villa,50,2.0,no,furnished,58907730.0
565.0,1,1.0,2,Lucknow,Outskirts,Row House,38,0.0,yes,furnished,1940926.0
3327.0,3,2.0,2,Jaipur,Gated Community,Villa,33,2.0,yes,furnished,27211186.0
819.0,2,2.0,1,Delhi,Suburb,Apartment,43,0.0,yes,furnished,8771996.0
327.0,1,1.0,1,Bangalore,Prime Suburb,Studio,49,0.0,yes,unfurnished,2772140.0
2013.0,3,2.0,1,Bangalore,Gated Community,Apartment,16,1.0,yes,semi-furnished,23000834.0
1237.0,5,4.0,2,Hyderabad,Premium Township,Row House,56,1.0,yes,semi-furnished,4719629.0
1654.0,2,2.0,1,Bangalore,Waterfront,Apartment,28,1.0,yes,furnished,26458191.0
1367.0,2,2.0,3,Pune,Near Metro,Row House,11,1.0,yes,unfurnished,15276817.0
1626.0,1,1.0,1,Jaipur,Waterfront,Apartment,19,0.0,yes,semi-furnished,14860131.0
1264.0,2,2.0,2,Pune,Suburb,Apartment,57,0.0,no,unfurnished,8633728.0
1543.0,3,1.0,1,Lucknow,Outskirts,Apartment,8,3.0,no,furnished,5063151.0
2654.0,3,1.0,2,Pune,Outskirts,Penthouse,9,2.0,yes,semi-furnished,19221538.0
856.0,3,2.0,1,Mumbai,Near Metro,Apartment,19,1.0,yes,semi-furnished,19064684.0
1391.0,3,2.0,2,Chandigarh,Suburb,Apartment,16,3.0,no,semi-furnished,13191158.0
1314.0,4,3.0,1,Kolkata,Gated Community,Apartment,23,0.0,yes,semi-furnished,9798246.0
822.0,5,4.0,1,Kochi,Near Metro,Apartment,26,0.0,no,unfurnished,6681216.0
1285.0,2,1.0,1,Ahmedabad,City Centre,Apartment,16,2.0,no,unfurnished,14767129.0
1019.0,4,4.0,1,Pune,Prime Suburb,Independent House,26,3.0,yes,semi-furnished,10574740.0
3475.0,3,3.0,2,Kochi,Suburb,Villa,33,1.0,no,unfurnished,31438122.0
644.0,3,3.0,1,Jaipur,Prime Suburb,Apartment,13,1.0,yes,semi-furnished,4993005.0
1705.0,3,3.0,1,Delhi,Suburb,Apartment,43,1.0,yes,unfurnished,19070090.0
969.0,1,1.0,1,Delhi,Outskirts,Apartment,47,0.0,yes,unfurnished,4781244.0
448.0,1,1.0,1,Chennai,Prime Suburb,Studio,4,2.0,no,unfurnished,4802211.0
1067.0,3,3.0,1,Delhi,Gated Community,Apartment,28,0.0,no,furnished,18205894.0
1241.0,2,2.0,2,Hyderabad,Suburb,Independent House,5,1.0,yes,furnished,12122672.0
1847.0,3,3.0,2,Indore,City Centre,Row House,6,1.0,yes,unfurnished,18712694.0
879.0,1,1.0,1,Kolkata,Prime Suburb,Apartment,12,0.0,yes,furnished,6534692.0
1084.0,3,2.0,3,Hyderabad,Outskirts,Row House,50,1.0,yes,semi-furnished,5603613.0
807.0,2,2.0,1,Indore,Outskirts,Apartment,27,1.0,yes,unfurnished,2554472.0
920.0,3,2.0,1,Chandigarh,Gated Community,Apartment,9,1.0,yes,semi-furnished,8487129.0
1125.0,4,3.0,1,Ahmedabad,Prime Suburb,Independent House,4,2.0,yes,semi-furnished,11511046.0
1613.0,4,3.0,3,Bangalore,Prime Suburb,Independent House,56,1.0,yes,unfurnished,19104602.0
646.0,2,2.0,1,Ahmedabad,Outskirts,Apartment,56,2.0,no,furnished,1889636.0
1512.0,3,3.0,1,Chennai,Gated Community,Apartment,10,2.0,no,semi-furnished,13929375.0
469.0,1,1.0,1,Pune,Suburb,Studio,12,2.0,yes,furnished,5607013.0
723.0,2,1.0,2,Kolkata,Gated Community,Apartment,26,2.0,yes,furnished,6969058.0
1509.0,1,1.0,1,Kolkata,Outskirts,Independent House,60,1.0,yes,unfurnished,4711224.0
2796.0,3,3.0,2,Hyderabad,Suburb,Villa,44,1.0,yes,semi-furnished,32696364.0
1044.0,3,2.0,2,Chennai,Suburb,Row House,3,2.0,yes,semi-furnished,9808692.0
1937.0,3,3.0,1,Kolkata,Suburb,Apartment,33,3.0,yes,unfurnished,12479093.0
1637.0,3,2.0,1,Delhi,Prime Suburb,Penthouse,1,1.0,no,unfurnished,32676701.0
641.0,1,1.0,1,Mumbai,Near Metro,Studio,40,2.0,no,semi-furnished,11644451.0
2249.0,4,4.0,1,Mumbai,Suburb,Penthouse,28,2.0,yes,unfurnished,55644289.0
659.0,2,1.0,2,Chandigarh,Waterfront,Apartment,34,3.0,yes,semi-furnished,8399548.0
438.0,1,1.0,1,Hyderabad,Suburb,Studio,14,1.0,yes,unfurnished,3816296.0
1220.0,3,3.0,4,Kochi,Premium Township,Independent House,11,1.0,yes,semi-furnished,15984096.0
3414.0,3,2.0,2,Mumbai,Outskirts,Villa,29,2.0,yes,semi-furnished,54471351.0
2266.0,3,2.0,1,Bangalore,Suburb,Penthouse,5,2.0,yes,semi-furnished,24983340.0
1314.0,3,2.0,1,Pune,Suburb,Apartment,55,1.0,yes,unfurnished,10891759.0
886.0,3,2.0,1,Lucknow,Prime Suburb,Apartment,1,0.0,yes,semi-furnished,7152345.0
2165.0,2,1.0,2,Kolkata,City Centre,Apartment,20,3.0,no,unfurnished,23266439.0
1489.0,4,4.0,2,Kochi,Prime Suburb,Row House,56,2.0,yes,semi-furnished,10117477.0
475.0,1,1.0,1,Delhi,Suburb,Studio,34,0.0,yes,semi-furnished,5534356.0
2751.0,3,3.0,2,Hyderabad,Suburb,Villa,24,1.0,yes,unfurnished,29315813.0
1548.0,4,4.0,1,Ahmedabad,Suburb,Apartment,43,0.0,yes,unfurnished,9183308.0
4400.0,3,3.0,2,Pune,City Centre,Villa,6,1.0,no,furnished,76295632.0
454.0,1,1.0,1,Bangalore,Suburb,Studio,18,2.0,yes,unfurnished,5279563.0
1237.0,2,1.0,2,Ahmedabad,City Centre,Apartment,41,1.0,yes,unfurnished,12237132.0
732.0,1,1.0,2,Chennai,City Centre,Row House,29,1.0,no,unfurnished,9469539.0
3412.0,4,2.0,2,Bangalore,Premium Township,Penthouse,28,2.0,yes,unfurnished,62571679.0
1582.0,2,1.0,2,Chennai,Outskirts,Row House,18,3.0,yes,semi-furnished,8652166.0
1237.0,2,2.0,1,Bangalore,Suburb,Apartment,4,0.0,no,semi-furnished,10247006.0
1485.0,1,1.0,1,Jaipur,Prime Suburb,Apartment,53,0.0,no,semi-furnished,9657608.0
1060.0,2,1.0,1,Mumbai,Near Metro,Independent House,11,1.0,yes,semi-furnished,25563522.0
1426.0,2,2.0,1,Kochi,Suburb,Apartment,13,0.0,yes,semi-furnished,9518465.0
897.0,2,2.0,1,Kochi,Prime Suburb,Apartment,25,2.0,yes,semi-furnished,7797931.0
576.0,1,1.0,1,Bangalore,Gated Community,Studio,42,1.0,no,semi-furnished,6293289.0
3576.0,3,1.0,2,Delhi,Suburb,Penthouse,22,0.0,yes,semi-furnished,59894440.0
1180.0,2,2.0,1,Mumbai,Gated Community,Apartment,32,2.0,yes,unfurnished,25767640.0
1237.0,3,3.0,2,Pune,Outskirts,Independent House,42,1.0,yes,semi-furnished,7816045.0
1465.0,2,1.0,2,Delhi,City Centre,Row House,17,2.0,yes,unfurnished,30582732.0
1237.0,2,1.0,1,Hyderabad,Prime Suburb,Apartment,39,2.0,yes,furnished,13443726.0
1500.0,3,3.0,2,Hyderabad,Prime Suburb,Penthouse,39,2.0,yes,unfurnished,23912603.0
2653.0,3,2.0,2,Kochi,Suburb,Villa,37,1.0,yes,unfurnished,20498258.0
1910.0,3,2.0,1,Bangalore,Suburb,Apartment,56,1.0,yes,furnished,18155761.0
1408.0,3,1.0,1,Hyderabad,Premium Township,Apartment,58,1.0,no,semi-furnished,14081899.0
646.0,1,1.0,1,Lucknow,Outskirts,Studio,16,1.0,yes,semi-furnished,2326002.0
2393.0,3,3.0,1,Chandigarh,City Centre,Penthouse,55,1.0,no,unfurnished,34899598.0
3058.0,3,1.0,2,Indore,City Centre,Villa,14,3.0,yes,unfurnished,38186132.0
1109.0,2,1.0,1,Jaipur,Near Metro,Apartment,4,0.0,no,furnished,7700055.0
1153.0,4,2.0,3,Bangalore,Outskirts,Row House,29,2.0,yes,semi-furnished,7362829.0
719.0,1,1.0,1,Bangalore,Prime Suburb,Independent House,38,2.0,yes,unfurnished,9447099.0
1891.0,2,2.0,2,Chennai,Near Metro,Apartment,12,0.0,yes,unfurnished,16920277.0
1962.0,3,3.0,2,Chandigarh,City Centre,Villa,47,2.0,yes,unfurnished,27311927.0
978.0,3,2.0,2,Bangalore,Prime Suburb,Row House,21,1.0,yes,unfurnished,13975060.0
1085.0,4,3.0,1,Delhi,Near Metro,Apartment,32,1.0,no,semi-furnished,14639752.0
854.0,3,3.0,1,Mumbai,Gated Community,Apartment,49,0.0,yes,semi-furnished,21367281.0
1237.0,3,2.0,4,Kochi,Suburb,Row House,8,1.0,yes,semi-furnished,12200362.0
1366.0,3,3.0,2,Pune,Premium Township,Row House,23,1.0,yes,unfurnished,18046210.0
1367.0,3,3.0,2,Hyderabad,City Centre,Apartment,18,0.0,yes,semi-furnished,19314529.0
1181.0,5,4.0,1,Bangalore,Prime Suburb,Apartment,49,1.0,no,unfurnished,12463476.0
1216.0,3,3.0,1,Indore,City Centre,Apartment,3,2.0,no,semi-furnished,12732654.0
963.0,1,1.0,1,Chandigarh,Near Metro,Apartment,39,0.0,yes,semi-furnished,7312089.0
4027.0,3,3.0,2,Delhi,Premium Township,Villa,57,1.0,yes,semi-furnished,80097906.0
621.0,1,1.0,1,Jaipur,Suburb,Studio,55,2.0,no,furnished,3058062.0
1122.0,3,2.0,1,Hyderabad,City Centre,Apartment,26,1.0,yes,semi-furnished,14130449.0
1458.0,3,3.0,1,Chandigarh,Gated Community,Apartment,5,1.0,yes,unfurnished,14290222.0
787.0,2,2.0,2,Mumbai,City Centre,Apartment,41,0.0,no,unfurnished,25274259.0
954.0,2,2.0,1,Bangalore,Prime Suburb,Apartment,57,1.0,yes,semi-furnished,9127744.0
1353.0,2,1.0,2,Ahmedabad,City Centre,Independent House,56,2.0,no,semi-furnished,14312560.0
906.0,3,3.0,2,Ahmedabad,Suburb,Apartment,49,2.0,yes,semi-furnished,5879175.0
1470.0,3,3.0,2,Ahmedabad,Suburb,Row House,54,1.0,yes,furnished,8606600.0
2384.0,3,2.0,2,Pune,Waterfront,Penthouse,28,1.0,yes,semi-furnished,47341304.0
1469.0,2,1.0,1,Lucknow,City Centre,Apartment,26,0.0,yes,unfurnished,12165683.0
1436.0,4,4.0,2,Jaipur,Near Metro,Row House,20,1.0,yes,semi-furnished,11399802.0
580.0,1,1.0,1,Indore,City Centre,Studio,60,1.0,yes,semi-furnished,4891778.0
1294.0,3,2.0,2,Ahmedabad,City Centre,Apartment,13,0.0,yes,semi-furnished,12294005.0
1095.0,3,2.0,1,Chandigarh,Prime Suburb,Apartment,3,3.0,no,furnished,9731527.0
1608.0,4,4.0,1,Chandigarh,Waterfront,Penthouse,15,1.0,yes,furnished,27255340.0
958.0,3,2.0,1,Kolkata,Near Metro,Independent House,14,1.0,yes,semi-furnished,8231667.0
1410.0,3,3.0,2,Chennai,Suburb,Apartment,14,1.0,yes,semi-furnished,12679047.0
820.0,4,3.0,1,Chandigarh,Suburb,Apartment,29,1.0,no,unfurnished,6431599.0
1274.0,2,1.0,1,Jaipur,Gated Community,Apartment,58,1.0,no,semi-furnished,8358066.0
1403.0,3,2.0,2,Delhi,Suburb,Apartment,21,0.0,no,unfurnished,15965631.0
305.0,1,1.0,1,Bangalore,Waterfront,Studio,13,1.0,yes,unfurnished,5769377.0
1982.0,3,3.0,2,Ahmedabad,Premium Township,Villa,32,1.0,yes,furnished,28348717.0
719.0,4,3.0,1,Mumbai,Suburb,Independent House,23,1.0,yes,semi-furnished,20126591.0
1631.0,2,1.0,1,Lucknow,Outskirts,Apartment,39,2.0,no,semi-furnished,4521259.0
788.0,3,2.0,1,Ahmedabad,Outskirts,Apartment,54,1.0,yes,furnished,2524858.0
1207.0,1,1.0,2,Kochi,Outskirts,Row House,21,0.0,yes,semi-furnished,4541285.0
2703.0,3,2.0,3,Lucknow,Suburb,Villa,40,1.0,no,semi-furnished,18302185.0
1975.0,3,2.0,1,Pune,Gated Community,Penthouse,49,3.0,yes,semi-furnished,30784604.0
3631.0,3,3.0,3,Chennai,Prime Suburb,Villa,2,2.0,yes,semi-furnished,46788643.0
1396.0,4,3.0,1,Pune,Outskirts,Apartment,4,1.0,no,semi-furnished,9010701.0
914.0,3,3.0,1,Mumbai,Gated Community,Apartment,48,1.0,yes,unfurnished,22734971.0
566.0,5,4.0,1,Bangalore,Outskirts,Apartment,11,1.0,yes,semi-furnished,5760786.0
350.0,1,1.0,2,Delhi,Near Metro,Row House,59,0.0,no,unfurnished,2952802.0
381.0,1,1.0,1,Delhi,Suburb,Apartment,49,0.0,yes,unfurnished,2999621.0
1355.0,2,2.0,2,Ahmedabad,Suburb,Apartment,1,1.0,no,furnished,9434098.0
701.0,2,1.0,2,Chandigarh,Prime Suburb,Independent House,43,0.0,no,semi-furnished,5947653.0
2575.0,3,3.0,2,Bangalore,City Centre,Villa,27,1.0,yes,unfurnished,51840262.0
304.0,1,1.0,1,Kochi,Premium Township,Studio,27,3.0,no,unfurnished,3114982.0
823.0,2,1.0,1,Chennai,Outskirts,Apartment,48,1.0,yes,unfurnished,2773710.0
1188.0,4,3.0,2,Bangalore,Prime Suburb,Row House,56,1.0,yes,semi-furnished,14277119.0
1237.0,3,3.0,2,Kolkata,Suburb,Villa,37,2.0,yes,unfurnished,25323658.0
1499.0,2,2.0,1,Delhi,Waterfront,Apartment,60,1.0,yes,semi-furnished,28221134.0
1042.0,3,2.0,3,Jaipur,Near Metro,Row House,45,1.0,no,unfurnished,6807982.0
2555.0,4,4.0,2,Hyderabad,Prime Suburb,Villa,33,3.0,yes,semi-furnished,34547184.0
2996.0,3,2.0,2,Chennai,Outskirts,Penthouse,60,0.0,no,unfurnished,16851349.0
431.0,1,1.0,1,Hyderabad,Suburb,Studio,47,3.0,yes,semi-furnished,3413810.0
1135.0,2,2.0,1,Mumbai,Near Metro,Apartment,37,3.0,yes,semi-furnished,24958121.0
1158.0,2,2.0,2,Kolkata,Premium Township,Independent House,25,1.0,yes,furnished,11063689.0
497.0,1,1.0,1,Delhi,Outskirts,Studio,44,1.0,yes,semi-furnished,2997710.0
2660.0,3,1.0,2,Chandigarh,Suburb,Penthouse,4,0.0,no,furnished,29199277.0
883.0,2,1.0,2,Hyderabad,Suburb,Apartment,31,1.0,yes,furnished,7879960.0
495.0,1,1.0,1,Chandigarh,Gated Community,Studio,57,0.0,no,unfurnished,3502342.0
537.0,3,3.0,2,Delhi,Suburb,Independent House,14,1.0,yes,unfurnished,9171071.0
2134.0,2,2.0,2,Pune,Premium Township,Independent House,57,1.0,yes,unfurnished,28300567.0
1230.0,3,2.0,1,Mumbai,Prime Suburb,Apartment,29,1.0,no,unfurnished,24820605.0
2293.0,3,2.0,1,Ahmedabad,Suburb,Apartment,28,0.0,yes,unfurnished,14275604.0
432.0,2,1.0,2,Kochi,Premium Township,Apartment,50,2.0,yes,semi-furnished,4222777.0
1428.0,5,4.0,1,Chandigarh,Suburb,Apartment,53,1.0,yes,unfurnished,10729525.0
350.0,3,3.0,2,Indore,Prime Suburb,Independent House,4,1.0,yes,semi-furnished,4136178.0
1015.0,3,2.0,1,Hyderabad,Outskirts,Independent House,31,2.0,no,furnished,5776443.0
3154.0,5,4.0,1,Chennai,Prime Suburb,Penthouse,34,1.0,yes,unfurnished,38178415.0
393.0,1,1.0,1,Kochi,Near Metro,Studio,5,3.0,yes,semi-furnished,4423715.0
1054.0,3,3.0,1,Ahmedabad,Suburb,Apartment,33,0.0,yes,furnished,6858824.0
1193.0,3,2.0,3,Bangalore,Suburb,Independent House,34,2.0,yes,unfurnished,11374635.0
1135.0,2,2.0,2,Bangalore,Prime Suburb,Row House,46,1.0,yes,semi-furnished,14091117.0
1802.0,3,2.0,3,Ahmedabad,Near Metro,Villa,0,1.0,yes,unfurnished,17077579.0
547.0,1,1.0,1,Chennai,Prime Suburb,Studio,22,0.0,yes,furnished,5832500.0
1227.0,2,1.0,1,Chandigarh,Premium Township,Independent House,32,0.0,yes,semi-furnished,12966550.0
304.0,1,1.0,1,Ahmedabad,Suburb,Studio,28,1.0,yes,semi-furnished,2259625.0
1118.0,2,2.0,2,Kochi,Suburb,Independent House,23,0.0,yes,semi-furnished,7456358.0
4800.0,3,3.0,1,Bangalore,Gated Community,Penthouse,28,1.0,no,semi-furnished,37414345.0
816.0,3,3.0,1,Pune,City Centre,Apartment,54,0.0,yes,furnished,13017012.0
1185.0,3,3.0,2,Kochi,Prime Suburb,Row House,11,2.0,no,unfurnished,10080032.0
1051.0,3,3.0,2,Delhi,Gated Community,Row House,45,0.0,yes,unfurnished,15783435.0
1567.0,2,2.0,1,Hyderabad,Outskirts,Apartment,12,1.0,yes,unfurnished,8440793.0
1432.0,2,1.0,1,Hyderabad,Gated Community,Apartment,54,0.0,yes,unfurnished,14960663.0
1122.0,2,2.0,1,Pune,Near Metro,Apartment,29,2.0,no,semi-furnished,11249487.0
2768.0,3,2.0,1,Chennai,Suburb,Penthouse,57,2.0,no,semi-furnished,29008916.0
1230.0,3,3.0,2,Lucknow,Outskirts,Row House,60,1.0,yes,semi-furnished,3589405.0
1961.0,2,1.0,2,Lucknow,Prime Suburb,Apartment,49,1.0,yes,semi-furnished,12209068.0
614.0,1,1.0,1,Jaipur,Waterfront,Studio,49,1.0,no,semi-furnished,5443521.0
2843.0,3,3.0,2,Kochi,Suburb,Villa,9,1.0,no,semi-furnished,21929711.0
416.0,2,1.0,1,Chandigarh,Outskirts,Apartment,57,1.0,no,semi-furnished,1392099.0
1237.0,4,2.0,1,Hyderabad,Prime Suburb,Apartment,56,1.0,no,semi-furnished,8689743.0
611.0,2,1.0,1,Kolkata,City Centre,Apartment,23,0.0,yes,semi-furnished,6794571.0
619.0,2,1.0,2,Kolkata,City Centre,Row House,14,0.0,yes,unfurnished,7848240.0
455.0,1,1.0,1,Ahmedabad,Waterfront,Studio,21,3.0,yes,furnished,6111061.0
904.0,2,1.0,2,Ahmedabad,Premium Township,Row House,24,1.0,yes,semi-furnished,8098888.0
1817.0,2,1.0,1,Chandigarh,Outskirts,Independent House,50,0.0,yes,semi-furnished,7264774.0
2542.0,3,1.0,1,Lucknow,Suburb,Penthouse,35,1.0,yes,unfurnished,22404992.0
1283.0,3,1.0,3,Indore,Premium Township,Row House,57,2.0,no,unfurnished,8835709.0
2020.0,4,3.0,3,Pune,Outskirts,Villa,11,1.0,no,unfurnished,13047668.0
1484.0,2,1.0,1,Hyderabad,Waterfront,Apartment,60,0.0,yes,unfurnished,16578699.0
739.0,3,2.0,2,Chennai,Near Metro,Row House,55,0.0,no,furnished,6215300.0
1129.0,3,3.0,2,Jaipur,Suburb,Apartment,2,0.0,yes,unfurnished,7079095.0
1295.0,4,3.0,2,Mumbai,Premium Township,Apartment,50,2.0,yes,semi-furnished,32926862.0
1322.0,1,1.0,1,Hyderabad,Suburb,Independent House,30,0.0,no,semi-furnished,10840996.0
975.0,2,1.0,2,Jaipur,Waterfront,Row House,13,1.0,yes,furnished,9385826.0
1604.0,3,3.0,2,Mumbai,Gated Community,Penthouse,41,2.0,yes,semi-furnished,65015598.0
867.0,5,3.0,1,Hyderabad,Outskirts,Apartment,48,1.0,no,unfurnished,4927877.0
571.0,1,1.0,1,Indore,Near Metro,Studio,34,3.0,yes,furnished,3696071.0
1845.0,4,4.0,2,Kolkata,Suburb,Villa,28,1.0,yes,semi-furnished,14522451.0
1085.0,3,1.0,2,Kolkata,Prime Suburb,Apartment,24,1.0,no,unfurnished,8576280.0
724.0,2,1.0,1,Bangalore,Prime Suburb,Apartment,43,0.0,no,furnished,8381343.0
732.0,4,4.0,2,Jaipur,Suburb,Row House,35,3.0,yes,semi-furnished,4828767.0
898.0,3,3.0,2,Hyderabad,City Centre,Independent House,21,1.0,yes,unfurnished,16743937.0
1796.0,3,3.0,1,Indore,Gated Community,Independent House,46,1.0,no,unfurnished,13162972.0
514.0,2,1.0,1,Hyderabad,Suburb,Apartment,60,0.0,yes,unfurnished,3223714.0
1600.0,3,2.0,4,Mumbai,Gated Community,Villa,2,1.0,yes,furnished,53735784.0
950.0,1,1.0,2,Mumbai,City Centre,Apartment,51,0.0,yes,unfurnished,33567735.0
1050.0,3,2.0,1,Delhi,Outskirts,Apartment,12,1.0,yes,semi-furnished,8584365.0
1945.0,3,3.0,2,Hyderabad,Suburb,Villa,4,1.0,yes,unfurnished,23383823.0
828.0,3,2.0,2,Lucknow,Suburb,Row House,4,2.0,yes,unfurnished,5820965.0
1802.0,2,1.0,2,Delhi,Suburb,Row House,46,2.0,yes,semi-furnished,21508999.0
355.0,1,1.0,1,Indore,Outskirts,Studio,6,2.0,yes,semi-furnished,1938884.0
350.0,3,3.0,3,Mumbai,Suburb,Row House,57,2.0,yes,semi-furnished,7920188.0
1577.0,2,1.0,3,Chennai,Suburb,Row House,23,0.0,yes,semi-furnished,15276865.0
1237.0,3,3.0,1,Kolkata,Premium Township,Apartment,45,2.0,yes,semi-furnished,20090555.0
1028.0,2,1.0,2,Bangalore,Gated Community,Independent House,36,1.0,yes,semi-furnished,13165778.0
2063.0,2,1.0,1,Bangalore,Outskirts,Apartment,37,0.0,no,semi-furnished,9592534.0
1734.0,3,3.0,2,Mumbai,Gated Community,Apartment,24,2.0,yes,semi-furnished,51821576.0
932.0,1,1.0,2,Chandigarh,City Centre,Apartment,10,1.0,yes,semi-furnished,12034288.0
516.0,1,1.0,1,Delhi,Near Metro,Studio,50,0.0,yes,unfurnished,6253175.0
2767.0,4,4.0,2,Chennai,Waterfront,Penthouse,42,2.0,yes,semi-furnished,45028981.0
676.0,3,2.0,2,Hyderabad,Suburb,Apartment,1,2.0,yes,semi-furnished,7385154.0
1284.0,2,2.0,1,Lucknow,Gated Community,Apartment,43,2.0,yes,semi-furnished,8623545.0
993.0,2,2.0,4,Bangalore,City Centre,Row House,46,2.0,yes,furnished,18086167.0
1255.0,2,2.0,2,Pune,Waterfront,Apartment,20,2.0,no,semi-furnished,19534774.0
967.0,3,2.0,2,Hyderabad,Gated Community,Independent House,3,1.0,yes,semi-furnished,13113101.0
3009.0,4,4.0,1,Jaipur,Outskirts,Penthouse,17,1.0,yes,unfurnished,13127223.0
1406.0,1,1.0,2,Kochi,Suburb,Row House,43,1.0,yes,unfurnished,9571204.0
901.0,2,2.0,2,Ahmedabad,Near Metro,Apartment,50,1.0,yes,unfurnished,6098526.0
1134.0,3,2.0,2,Delhi,City Centre,Row House,49,2.0,no,unfurnished,24762374.0
1237.0,4,4.0,1,Hyderabad,Suburb,Apartment,35,1.0,yes,unfurnished,11051488.0
1125.0,4,4.0,1,Bangalore,Outskirts,Apartment,56,1.0,no,furnished,5904186.0
2201.0,4,4.0,3,Bangalore,Outskirts,Villa,49,1.0,yes,semi-furnished,14786919.0
977.0,2,2.0,2,Ahmedabad,Outskirts,Row House,44,1.0,yes,unfurnished,2783635.0
386.0,1,1.0,1,Ahmedabad,Suburb,Studio,9,1.0,yes,unfurnished,3636458.0
741.0,2,2.0,2,Chandigarh,Suburb,Apartment,49,3.0,yes,semi-furnished,5699598.0
1803.0,3,2.0,1,Bangalore,Gated Community,Apartment,34,0.0,yes,semi-furnished,18725613.0
367.0,1,1.0,1,Delhi,Suburb,Studio,21,3.0,yes,semi-furnished,5154389.0
301.0,1,1.0,1,Ahmedabad,Gated Community,Studio,16,0.0,yes,semi-furnished,3081582.0
350.0,3,2.0,3,Kochi,Premium Township,Independent House,32,2.0,yes,unfurnished,4896723.0
3130.0,3,3.0,2,Jaipur,Premium Township,Villa,18,1.0,no,semi-furnished,32782002.0
1364.0,1,1.0,2,Jaipur,Premium Township,Row House,30,1.0,yes,unfurnished,9696118.0
999.0,4,3.0,1,Delhi,City Centre,Apartment,55,1.0,yes,unfurnished,22394887.0
1041.0,4,4.0,1,Pune,City Centre,Apartment,1,1.0,yes,unfurnished,17197035.0
1289.0,3,2.0,1,Kochi,Prime Suburb,Apartment,23,1.0,yes,semi-furnished,11118481.0
3476.0,3,3.0,1,Delhi,Gated Community,Penthouse,15,1.0,yes,semi-furnished,88740270.0
959.0,3,3.0,1,Jaipur,Prime Suburb,Apartment,0,2.0,yes,furnished,8699014.0
1155.0,2,1.0,2,Kochi,Premium Township,Independent House,44,2.0,yes,semi-furnished,11420675.0
600.0,1,1.0,1,Kochi,City Centre,Studio,14,0.0,no,semi-furnished,7339780.0
1154.0,2,2.0,1,Delhi,Suburb,Apartment,59,1.0,yes,semi-furnished,13939983.0
1365.0,2,2.0,2,Chennai,Suburb,Row House,38,1.0,yes,semi-furnished,10259583.0
481.0,3,3.0,2,Ahmedabad,Prime Suburb,Row House,0,0.0,yes,unfurnished,5300453.0
